clustering_method,pca_n_components,num_clusters,linkage,standardize,sum_cluster_values,all_cluster_values,accuracy_total,accuracy_Type_A,accuracy_Type_B,accuracy_Type_C,accuracy_Type_D,accuracy_Type_E,accuracy_Type_F,accuracy_Type_G,accuracy_Type_H,accuracy_Type_J
hier_clust,10,100,ward,False,4086,7520,0.5433510638297873,0.613103448275862,0.5214723926380368,0.4556677890011223,0.5751633986928104,0.21782178217821782,0.0,0.0,0.19402985074626866,0.6685878962536023
hier_clust,10,92,ward,False,4061,7520,0.5400265957446808,0.613103448275862,0.5214723926380368,0.4601571268237935,0.560639070442992,0.21782178217821782,0.0,0.0,0.14925373134328357,0.6635446685878963
hier_clust,10,85,ward,False,4050,7520,0.538563829787234,0.613103448275862,0.5214723926380368,0.46408529741863075,0.5475671750181554,0.21782178217821782,0.0,0.0,0.14925373134328357,0.6635446685878963
hier_clust,10,78,ward,False,4040,7520,0.5372340425531915,0.613103448275862,0.5214723926380368,0.4483726150392817,0.560639070442992,0.21782178217821782,0.0,0.0,0.14925373134328357,0.6635446685878963
hier_clust,4,100,ward,False,4035,7520,0.5365691489361702,0.6517241379310345,0.5731814198071867,0.4281705948372615,0.5374001452432825,0.17326732673267325,0.0,0.0,0.3283582089552239,0.6152737752161384
hier_clust,4,92,ward,False,4017,7520,0.5341755319148936,0.6517241379310345,0.5731814198071867,0.4298540965207632,0.5388525780682644,0.1485148514851485,0.0,0.0,0.35074626865671643,0.6001440922190202
hier_clust,10,72,ward,False,4015,7520,0.5339095744680851,0.613103448275862,0.44084136722173534,0.4887766554433221,0.5533769063180828,0.24257425742574257,0.0,0.0,0.14925373134328357,0.6635446685878963
hier_clust,4,85,ward,False,4009,7520,0.5331117021276596,0.6517241379310345,0.5311130587204207,0.4399551066217733,0.5548293391430646,0.1485148514851485,0.0,0.0,0.35074626865671643,0.6001440922190202
hier_clust,False,100,ward,False,4007,7520,0.5328457446808511,0.5634482758620689,0.6520595968448729,0.4152637485970819,0.5577342047930284,0.35148514851485146,0.0,0.0,0.13432835820895522,0.611671469740634
hier_clust,False,92,ward,False,4003,7520,0.5323138297872341,0.5634482758620689,0.6520595968448729,0.40179573512906847,0.5671750181554103,0.3613861386138614,0.0,0.0,0.17164179104477612,0.611671469740634
hier_clust,20,100,ward,False,4002,7520,0.5321808510638298,0.5848275862068966,0.6099912357581069,0.3759820426487093,0.5737109658678287,0.29207920792079206,0.0,0.0,0.417910447761194,0.6361671469740634
hier_clust,2,100,ward,False,3999,7520,0.531781914893617,0.6627586206896552,0.4802804557405784,0.40852974186307517,0.5860566448801743,0.024752475247524754,0.0,0.0,0.27611940298507465,0.6577809798270894
hier_clust,10,67,ward,False,3994,7520,0.5311170212765958,0.613103448275862,0.44084136722173534,0.5145903479236813,0.5018155410312273,0.23267326732673269,0.0,0.0,0.19402985074626866,0.6635446685878963
hier_clust,2,92,ward,False,3994,7520,0.5311170212765958,0.6627586206896552,0.4802804557405784,0.40291806958473625,0.5831517792302106,0.039603960396039604,0.0,0.0,0.27611940298507465,0.6621037463976945
hier_clust,3,100,ward,False,3991,7520,0.530718085106383,0.5586206896551724,0.5696757230499562,0.4506172839506173,0.5359477124183006,0.15841584158415842,0.0,0.0,0.40298507462686567,0.6512968299711815
hier_clust,False,85,ward,False,3988,7520,0.5303191489361702,0.5634482758620689,0.6520595968448729,0.39281705948372614,0.5671750181554103,0.36633663366336633,0.0,0.0,0.17164179104477612,0.611671469740634
hier_clust,3,92,ward,False,3988,7520,0.5303191489361702,0.5586206896551724,0.5696757230499562,0.4612794612794613,0.5199709513435004,0.15841584158415842,0.0,0.0,0.40298507462686567,0.6512968299711815
hier_clust,3,85,ward,False,3987,7520,0.5301861702127659,0.5586206896551724,0.5696757230499562,0.4612794612794613,0.5206971677559913,0.15841584158415842,0.0,0.0,0.3880597014925373,0.6512968299711815
hier_clust,2,78,ward,False,3987,7520,0.5301861702127659,0.6627586206896552,0.4802804557405784,0.409652076318743,0.5729847494553377,0.034653465346534656,0.0,0.0,0.3582089552238806,0.6512968299711815
hier_clust,2,85,ward,False,3987,7520,0.5301861702127659,0.6627586206896552,0.4802804557405784,0.409652076318743,0.5729847494553377,0.034653465346534656,0.0,0.0,0.3582089552238806,0.6512968299711815
hier_clust,3,78,ward,False,3985,7520,0.5299202127659575,0.5586206896551724,0.5696757230499562,0.4624017957351291,0.5221496005809731,0.15841584158415842,0.0,0.0,0.34328358208955223,0.6512968299711815
hier_clust,4,78,ward,False,3984,7520,0.5297872340425532,0.6517241379310345,0.5311130587204207,0.44219977553310885,0.5323166303558461,0.1485148514851485,0.0,0.0,0.3656716417910448,0.6001440922190202
hier_clust,20,92,ward,False,3981,7520,0.5293882978723404,0.5848275862068966,0.6099912357581069,0.3608305274971942,0.5816993464052288,0.26732673267326734,0.0,0.0,0.417910447761194,0.6361671469740634
hier_clust,False,78,ward,False,3981,7520,0.5293882978723404,0.5634482758620689,0.6520595968448729,0.38159371492704824,0.5766158315177923,0.36633663366336633,0.0,0.0,0.17164179104477612,0.611671469740634
hier_clust,20,85,ward,False,3977,7520,0.5288563829787234,0.5848275862068966,0.6099912357581069,0.3552188552188552,0.5860566448801743,0.26732673267326734,0.0,0.0,0.417910447761194,0.6361671469740634
hier_clust,5,100,ward,False,3976,7520,0.5287234042553192,0.6627586206896552,0.4794040315512708,0.42536475869809204,0.588961510530138,0.09900990099009901,0.0,0.0,0.3208955223880597,0.6023054755043228
hier_clust,5,92,ward,False,3976,7520,0.5287234042553192,0.6627586206896552,0.4794040315512708,0.42536475869809204,0.588961510530138,0.09900990099009901,0.0,0.0,0.3208955223880597,0.6023054755043228
hier_clust,5,85,ward,False,3976,7520,0.5287234042553192,0.6627586206896552,0.4794040315512708,0.42312008978675647,0.5918663761801016,0.09900990099009901,0.0,0.0,0.3208955223880597,0.6023054755043228
hier_clust,3,72,ward,False,3976,7520,0.5287234042553192,0.5586206896551724,0.5696757230499562,0.47362514029180697,0.495279593318809,0.15841584158415842,0.0,0.0,0.34328358208955223,0.6570605187319885
hier_clust,4,72,ward,False,3973,7520,0.5283244680851064,0.6517241379310345,0.5311130587204207,0.4478114478114478,0.5337690631808278,0.13366336633663367,0.0,0.0,0.3656716417910448,0.5857348703170029
hier_clust,2,100,ward,True,3972,7520,0.5281914893617021,0.7151724137931035,0.44872918492550395,0.3978675645342312,0.5497458242556281,0.33663366336633666,0.0,0.029411764705882353,0.029850746268656716,0.6368876080691642
hier_clust,3,67,ward,False,3971,7520,0.5280585106382979,0.5586206896551724,0.5696757230499562,0.46296296296296297,0.49963689179375453,0.15841584158415842,0.0,0.0,0.40298507462686567,0.6570605187319885
hier_clust,2,92,ward,True,3970,7520,0.5279255319148937,0.7151724137931035,0.44872918492550395,0.39169472502805835,0.5562817719680465,0.33663366336633666,0.0,0.029411764705882353,0.029850746268656716,0.6368876080691642
hier_clust,20,78,ward,False,3966,7520,0.5273936170212766,0.5848275862068966,0.537248028045574,0.4057239057239057,0.5729847494553377,0.26732673267326734,0.0,0.0,0.417910447761194,0.6361671469740634
hier_clust,20,72,ward,False,3960,7520,0.526595744680851,0.5848275862068966,0.537248028045574,0.4062850729517396,0.5679012345679012,0.26732673267326734,0.0,0.0,0.417910447761194,0.6361671469740634
hier_clust,2,85,ward,True,3957,7520,0.5261968085106383,0.7151724137931035,0.44872918492550395,0.4169472502805836,0.5163398692810458,0.32673267326732675,0.0,0.0,0.029850746268656716,0.6368876080691642
hier_clust,2,67,ward,False,3955,7520,0.5259308510638298,0.5724137931034483,0.5775635407537248,0.38496071829405165,0.5962236746550472,0.034653465346534656,0.0,0.0,0.3582089552238806,0.6512968299711815
hier_clust,2,72,ward,False,3955,7520,0.5259308510638298,0.5724137931034483,0.5775635407537248,0.38496071829405165,0.5962236746550472,0.034653465346534656,0.0,0.0,0.3582089552238806,0.6512968299711815
hier_clust,False,72,ward,False,3954,7520,0.5257978723404255,0.5634482758620689,0.6520595968448729,0.35185185185185186,0.5780682643427741,0.31683168316831684,0.0,0.0,0.26865671641791045,0.6268011527377522
hier_clust,10,100,ward,True,3954,7520,0.5257978723404255,0.7386206896551725,0.3128834355828221,0.41301907968574636,0.5163398692810458,0.31683168316831684,0.16666666666666666,0.0,0.31343283582089554,0.6995677233429395
hier_clust,2,61,ward,False,3953,7520,0.5256648936170213,0.5724137931034483,0.5775635407537248,0.38271604938271603,0.5918663761801016,0.034653465346534656,0.0,0.0,0.417910447761194,0.6512968299711815
hier_clust,False,67,ward,False,3949,7520,0.5251329787234043,0.5634482758620689,0.6520595968448729,0.37485970819304154,0.5461147421931736,0.3069306930693069,0.0,0.0,0.26865671641791045,0.6268011527377522
hier_clust,2,48,ward,False,3946,7520,0.5247340425531914,0.5724137931034483,0.5775635407537248,0.37542087542087543,0.5969498910675382,0.0,0.0,0.0,0.417910447761194,0.6556195965417867
hier_clust,2,52,ward,False,3946,7520,0.5247340425531914,0.5724137931034483,0.5775635407537248,0.37542087542087543,0.5969498910675382,0.0,0.0,0.0,0.417910447761194,0.6556195965417867
hier_clust,2,57,ward,False,3946,7520,0.5247340425531914,0.5724137931034483,0.5775635407537248,0.3765432098765432,0.5954974582425563,0.0,0.0,0.0,0.417910447761194,0.6556195965417867
hier_clust,20,67,ward,False,3945,7520,0.5246010638297872,0.5848275862068966,0.537248028045574,0.3877665544332211,0.5809731299927379,0.26732673267326734,0.0,0.0,0.417910447761194,0.6361671469740634
hier_clust,20,100,ward,True,3944,7520,0.524468085106383,0.7317241379310345,0.558282208588957,0.32435465768799104,0.46768336964415397,0.44554455445544555,0.25,0.0,0.26865671641791045,0.6448126801152738
hier_clust,3,61,ward,False,3942,7520,0.5242021276595744,0.7337931034482759,0.32252410166520595,0.46296296296296297,0.5039941902687001,0.12376237623762376,0.0,0.0,0.40298507462686567,0.6570605187319885
hier_clust,20,57,ward,False,3937,7520,0.5235372340425531,0.5848275862068966,0.537248028045574,0.38271604938271603,0.5925925925925926,0.19306930693069307,0.0,0.0,0.417910447761194,0.6361671469740634
hier_clust,20,61,ward,False,3937,7520,0.5235372340425531,0.5848275862068966,0.537248028045574,0.38271604938271603,0.5925925925925926,0.19306930693069307,0.0,0.0,0.417910447761194,0.6361671469740634
hier_clust,20,92,ward,True,3937,7520,0.5235372340425531,0.7317241379310345,0.558282208588957,0.33221099887766553,0.45751633986928103,0.41089108910891087,0.25,0.0,0.26865671641791045,0.6448126801152738
hier_clust,10,61,ward,False,3935,7520,0.5232712765957447,0.613103448275862,0.5030674846625767,0.4388327721661055,0.5098039215686274,0.23267326732673269,0.0,0.0,0.19402985074626866,0.659221902017291
hier_clust,3,57,ward,False,3933,7520,0.5230053191489362,0.7337931034482759,0.32252410166520595,0.46296296296296297,0.4974582425562818,0.12376237623762376,0.0,0.0,0.40298507462686567,0.6570605187319885
hier_clust,2,78,ward,True,3933,7520,0.5230053191489362,0.7151724137931035,0.44872918492550395,0.356341189674523,0.5199709513435004,0.31683168316831684,0.0,0.0,0.029850746268656716,0.6952449567723343
hier_clust,2,72,ward,True,3933,7520,0.5230053191489362,0.7151724137931035,0.44872918492550395,0.356341189674523,0.5199709513435004,0.31683168316831684,0.0,0.0,0.029850746268656716,0.6952449567723343
hier_clust,2,67,ward,True,3932,7520,0.5228723404255319,0.7151724137931035,0.44872918492550395,0.356341189674523,0.5199709513435004,0.31683168316831684,0.0,0.0,0.022388059701492536,0.6952449567723343
hier_clust,5,78,ward,False,3930,7520,0.5226063829787234,0.6627586206896552,0.44259421560035056,0.43265993265993263,0.5773420479302832,0.09900990099009901,0.0,0.0,0.31343283582089554,0.6023054755043228
hier_clust,10,57,ward,False,3929,7520,0.5224734042553192,0.613103448275862,0.5030674846625767,0.4478114478114478,0.49382716049382713,0.23267326732673269,0.0,0.0,0.19402985074626866,0.659221902017291
hier_clust,4,67,ward,False,3929,7520,0.5224734042553192,0.6517241379310345,0.5495179666958808,0.4163860830527497,0.5272331154684096,0.13366336633663367,0.0,0.0,0.3656716417910448,0.5857348703170029
hier_clust,5,72,ward,False,3927,7520,0.5222074468085106,0.6627586206896552,0.44259421560035056,0.43265993265993263,0.5751633986928104,0.09900990099009901,0.0,0.0,0.31343283582089554,0.6023054755043228
hier_clust,2,45,ward,False,3927,7520,0.5222074468085106,0.5724137931034483,0.4750219106047327,0.43041526374859707,0.5969498910675382,0.0,0.0,0.0,0.417910447761194,0.6556195965417867
hier_clust,2,61,ward,True,3924,7520,0.5218085106382979,0.7151724137931035,0.44872918492550395,0.3338945005611672,0.5432098765432098,0.31683168316831684,0.0,0.0,0.022388059701492536,0.6952449567723343
hier_clust,5,67,ward,False,3923,7520,0.5216755319148936,0.6627586206896552,0.44259421560035056,0.4158249158249158,0.5969498910675382,0.07920792079207921,0.0,0.0,0.31343283582089554,0.6023054755043228
hier_clust,10,52,ward,False,3923,7520,0.5216755319148936,0.613103448275862,0.5030674846625767,0.4674523007856341,0.46405228758169936,0.23267326732673269,0.0,0.0,0.19402985074626866,0.659221902017291
hier_clust,5,61,ward,False,3923,7520,0.5216755319148936,0.6627586206896552,0.44259421560035056,0.39730639730639733,0.6209150326797386,0.07920792079207921,0.0,0.0,0.31343283582089554,0.6023054755043228
hier_clust,3,52,ward,False,3921,7520,0.5214095744680851,0.7337931034482759,0.32252410166520595,0.4624017957351291,0.4662309368191721,0.12376237623762376,0.0,0.0,0.40298507462686567,0.6801152737752162
hier_clust,False,61,ward,False,3921,7520,0.5214095744680851,0.5634482758620689,0.6538124452234881,0.36419753086419754,0.5381263616557734,0.3069306930693069,0.0,0.0,0.26865671641791045,0.6268011527377522
hier_clust,3,48,ward,False,3920,7520,0.5212765957446809,0.7337931034482759,0.32252410166520595,0.4624017957351291,0.4691358024691358,0.09900990099009901,0.0,0.0,0.40298507462686567,0.6801152737752162
hier_clust,2,38,ward,False,3919,7520,0.5211436170212767,0.5724137931034483,0.4750219106047327,0.43041526374859707,0.6027596223674655,0.0,0.0,0.0,0.417910447761194,0.6440922190201729
hier_clust,2,41,ward,False,3919,7520,0.5211436170212767,0.5724137931034483,0.4750219106047327,0.43041526374859707,0.6027596223674655,0.0,0.0,0.0,0.417910447761194,0.6440922190201729
hier_clust,4,61,ward,False,3917,7520,0.5208776595744681,0.6517241379310345,0.39964943032427697,0.5072951739618407,0.5228758169934641,0.1485148514851485,0.0,0.0,0.3656716417910448,0.5857348703170029
hier_clust,False,57,ward,False,3917,7520,0.5208776595744681,0.5634482758620689,0.6538124452234881,0.36980920314253646,0.5257806826434277,0.3217821782178218,0.0,0.0,0.26865671641791045,0.6268011527377522
hier_clust,10,45,ward,False,3916,7520,0.5207446808510638,0.613103448275862,0.5030674846625767,0.45791245791245794,0.4851125635439361,0.13861386138613863,0.0,0.0,0.19402985074626866,0.659221902017291
hier_clust,10,48,ward,False,3916,7520,0.5207446808510638,0.613103448275862,0.5030674846625767,0.45791245791245794,0.4851125635439361,0.13861386138613863,0.0,0.0,0.19402985074626866,0.659221902017291
hier_clust,20,52,ward,False,3915,7520,0.5206117021276596,0.5848275862068966,0.537248028045574,0.3888888888888889,0.5686274509803921,0.19306930693069307,0.0,0.0,0.417910447761194,0.6361671469740634
hier_clust,5,57,ward,False,3915,7520,0.5206117021276596,0.6627586206896552,0.44259421560035056,0.4090909090909091,0.6136528685548294,0.07920792079207921,0.0,0.0,0.31343283582089554,0.5886167146974063
hier_clust,False,52,ward,False,3912,7520,0.5202127659574468,0.5634482758620689,0.6538124452234881,0.35914702581369246,0.5439360929557008,0.26732673267326734,0.0,0.0,0.26865671641791045,0.6268011527377522
hier_clust,4,57,ward,False,3912,7520,0.5202127659574468,0.6517241379310345,0.39964943032427697,0.48428731762065097,0.5562817719680465,0.1485148514851485,0.0,0.0,0.291044776119403,0.5857348703170029
hier_clust,3,41,ward,False,3911,7520,0.5200797872340426,0.7993103448275862,0.23488168273444346,0.4769921436588103,0.44734931009440815,0.09900990099009901,0.0,0.0,0.40298507462686567,0.6801152737752162
hier_clust,3,45,ward,False,3911,7520,0.5200797872340426,0.7993103448275862,0.23488168273444346,0.4769921436588103,0.44734931009440815,0.09900990099009901,0.0,0.0,0.40298507462686567,0.6801152737752162
hier_clust,3,38,ward,False,3905,7520,0.519281914893617,0.7993103448275862,0.23488168273444346,0.4792368125701459,0.44734931009440815,0.09900990099009901,0.0,0.0,0.3283582089552239,0.6801152737752162
hier_clust,4,100,ward,True,3897,7520,0.518218085106383,0.7696551724137931,0.4688869412795793,0.2884399551066218,0.5468409586056645,0.29207920792079206,0.08333333333333333,0.0,0.03731343283582089,0.6585014409221902
hier_clust,10,92,ward,True,3896,7520,0.5180851063829788,0.7386206896551725,0.3128834355828221,0.34736251402918067,0.5388525780682644,0.297029702970297,0.16666666666666666,0.0,0.3208955223880597,0.7219020172910663
hier_clust,10,41,ward,False,3894,7520,0.5178191489361702,0.613103448275862,0.6056091148115688,0.36307519640852975,0.5068990559186638,0.13861386138613863,0.0,0.0,0.19402985074626866,0.659221902017291
hier_clust,4,92,ward,True,3893,7520,0.517686170212766,0.7696551724137931,0.4688869412795793,0.2884399551066218,0.5453885257806826,0.297029702970297,0.08333333333333333,0.0,0.022388059701492536,0.6577809798270894
hier_clust,10,85,ward,True,3893,7520,0.517686170212766,0.7386206896551725,0.3128834355828221,0.34736251402918067,0.541757443718228,0.30198019801980197,0.16666666666666666,0.0,0.26119402985074625,0.7219020172910663
hier_clust,5,52,ward,False,3892,7520,0.5175531914893617,0.6627586206896552,0.516213847502191,0.33221099887766553,0.6339869281045751,0.0891089108910891,0.0,0.0,0.31343283582089554,0.5886167146974063
hier_clust,4,52,ward,False,3892,7520,0.5175531914893617,0.6517241379310345,0.39964943032427697,0.4910213243546577,0.5395787944807553,0.10396039603960396,0.0,0.0,0.291044776119403,0.5857348703170029
hier_clust,20,48,ward,False,3891,7520,0.5174202127659574,0.5848275862068966,0.6292725679228747,0.32154882154882153,0.5686274509803921,0.19306930693069307,0.0,0.0,0.35074626865671643,0.6361671469740634
hier_clust,4,48,ward,False,3890,7520,0.5172872340425532,0.6517241379310345,0.39964943032427697,0.4910213243546577,0.5410312273057372,0.08415841584158416,0.0,0.0,0.291044776119403,0.5857348703170029
hier_clust,2,92,complete,False,3887,7520,0.5168882978723405,0.6537931034482759,0.5205959684487291,0.35297418630751964,0.560639070442992,0.039603960396039604,0.16666666666666666,0.058823529411764705,0.3805970149253731,0.6347262247838616
hier_clust,5,48,ward,False,3887,7520,0.5168882978723405,0.6627586206896552,0.516213847502191,0.34287317620650953,0.616557734204793,0.0891089108910891,0.0,0.0,0.31343283582089554,0.5886167146974063
hier_clust,2,100,complete,False,3887,7520,0.5168882978723405,0.6537931034482759,0.5205959684487291,0.35353535353535354,0.5599128540305011,0.039603960396039604,0.16666666666666666,0.058823529411764705,0.3805970149253731,0.6347262247838616
hier_clust,4,45,ward,False,3887,7520,0.5168882978723405,0.6517241379310345,0.39964943032427697,0.4910213243546577,0.5323166303558461,0.12871287128712872,0.0,0.0,0.291044776119403,0.5857348703170029
hier_clust,5,41,ward,False,3886,7520,0.5167553191489361,0.6627586206896552,0.516213847502191,0.34287317620650953,0.616557734204793,0.0891089108910891,0.0,0.0,0.13432835820895522,0.6051873198847262
hier_clust,5,45,ward,False,3886,7520,0.5167553191489361,0.6627586206896552,0.516213847502191,0.34287317620650953,0.616557734204793,0.0891089108910891,0.0,0.0,0.13432835820895522,0.6051873198847262
hier_clust,2,85,complete,False,3885,7520,0.5166223404255319,0.6537931034482759,0.5205959684487291,0.3468013468013468,0.5671750181554103,0.039603960396039604,0.16666666666666666,0.058823529411764705,0.3805970149253731,0.6347262247838616
hier_clust,4,85,ward,True,3884,7520,0.5164893617021277,0.7696551724137931,0.4688869412795793,0.31986531986531985,0.49963689179375453,0.2871287128712871,0.08333333333333333,0.0,0.022388059701492536,0.6577809798270894
hier_clust,2,78,complete,False,3883,7520,0.5163563829787234,0.6537931034482759,0.5205959684487291,0.3496071829405163,0.5628177196804648,0.034653465346534656,0.16666666666666666,0.058823529411764705,0.3805970149253731,0.6347262247838616
hier_clust,4,78,ward,True,3883,7520,0.5163563829787234,0.7696551724137931,0.4688869412795793,0.31874298540965207,0.49963689179375453,0.297029702970297,0.08333333333333333,0.0,0.014925373134328358,0.6577809798270894
hier_clust,4,41,ward,False,3882,7520,0.5162234042553191,0.6517241379310345,0.39964943032427697,0.47474747474747475,0.5497458242556281,0.12871287128712872,0.0,0.0,0.291044776119403,0.5857348703170029
hier_clust,20,45,ward,False,3881,7520,0.5160904255319149,0.5848275862068966,0.6292725679228747,0.3265993265993266,0.5577342047930284,0.19801980198019803,0.0,0.0,0.0,0.6664265129682997
hier_clust,2,72,complete,False,3879,7520,0.5158244680851064,0.6537931034482759,0.5205959684487291,0.3277216610549944,0.5911401597676107,0.024752475247524754,0.16666666666666666,0.0,0.3805970149253731,0.6347262247838616
hier_clust,10,38,ward,False,3878,7520,0.5156914893617022,0.613103448275862,0.6056091148115688,0.3439955106621773,0.5286855482933914,0.13861386138613863,0.0,0.0,0.1044776119402985,0.659221902017291
hier_clust,False,45,ward,False,3877,7520,0.5155585106382978,0.5634482758620689,0.6538124452234881,0.34231200897867564,0.5562817719680465,0.22277227722772278,0.0,0.0,0.17164179104477612,0.6268011527377522
hier_clust,False,48,ward,False,3877,7520,0.5155585106382978,0.5634482758620689,0.6538124452234881,0.34231200897867564,0.5562817719680465,0.22277227722772278,0.0,0.0,0.17164179104477612,0.6268011527377522
hier_clust,4,72,ward,True,3876,7520,0.5154255319148936,0.7696551724137931,0.4688869412795793,0.3058361391694725,0.5119825708061002,0.29207920792079206,0.08333333333333333,0.0,0.014925373134328358,0.6577809798270894
hier_clust,20,41,ward,False,3876,7520,0.5154255319148936,0.5848275862068966,0.6292725679228747,0.3265993265993266,0.5490196078431373,0.23267326732673269,0.0,0.0,0.0,0.6664265129682997
hier_clust,10,35,ward,False,3874,7520,0.5151595744680851,0.613103448275862,0.6056091148115688,0.36419753086419754,0.5286855482933914,0.13861386138613863,0.0,0.0,0.1044776119402985,0.6304034582132565
hier_clust,10,32,ward,False,3871,7520,0.5147606382978723,0.613103448275862,0.6056091148115688,0.36419753086419754,0.5061728395061729,0.13861386138613863,0.0,0.0,0.1044776119402985,0.6505763688760807
hier_clust,2,35,ward,False,3870,7520,0.5146276595744681,0.7048275862068966,0.26730937773882557,0.40291806958473625,0.635439360929557,0.0,0.0,0.0,0.417910447761194,0.6440922190201729
hier_clust,4,38,ward,False,3869,7520,0.5144946808510639,0.6517241379310345,0.39964943032427697,0.4607182940516274,0.5497458242556281,0.12871287128712872,0.0,0.0,0.3805970149253731,0.5857348703170029
hier_clust,2,32,ward,False,3868,7520,0.5143617021276595,0.7048275862068966,0.26730937773882557,0.4152637485970819,0.6180101670297748,0.0,0.0,0.0,0.417910447761194,0.6440922190201729
hier_clust,2,30,ward,False,3868,7520,0.5143617021276595,0.7048275862068966,0.26730937773882557,0.4152637485970819,0.6180101670297748,0.0,0.0,0.0,0.417910447761194,0.6440922190201729
hier_clust,False,41,ward,False,3865,7520,0.5139627659574468,0.5634482758620689,0.6538124452234881,0.3400673400673401,0.5504720406681191,0.22277227722772278,0.0,0.0,0.17164179104477612,0.6268011527377522
hier_clust,5,38,ward,False,3859,7520,0.5131648936170212,0.6627586206896552,0.516213847502191,0.3069584736251403,0.6434277414669571,0.0891089108910891,0.0,0.0,0.13432835820895522,0.6051873198847262
hier_clust,3,35,ward,False,3857,7520,0.5128989361702128,0.7993103448275862,0.2997370727432077,0.39057239057239057,0.4734931009440813,0.09900990099009901,0.0,0.0,0.3283582089552239,0.6801152737752162
hier_clust,3,32,ward,False,3856,7520,0.5127659574468085,0.7993103448275862,0.2997370727432077,0.39057239057239057,0.4756717501815541,0.07920792079207921,0.0,0.0,0.3283582089552239,0.6801152737752162
hier_clust,20,38,ward,False,3854,7520,0.5125,0.5848275862068966,0.7002629272567923,0.26879910213243546,0.5490196078431373,0.23267326732673269,0.0,0.0,0.0,0.6664265129682997
hier_clust,10,30,ward,False,3847,7520,0.5115691489361702,0.613103448275862,0.6056091148115688,0.372615039281706,0.47785039941902685,0.13861386138613863,0.0,0.0,0.1044776119402985,0.6505763688760807
hier_clust,20,35,ward,False,3844,7520,0.5111702127659574,0.5848275862068966,0.7002629272567923,0.2738496071829405,0.541757443718228,0.18811881188118812,0.0,0.0,0.0,0.6664265129682997
hier_clust,5,35,ward,False,3842,7520,0.510904255319149,0.6627586206896552,0.516213847502191,0.31032547699214363,0.6397966594045026,0.0891089108910891,0.0,0.0,0.0,0.6051873198847262
hier_clust,5,32,ward,False,3842,7520,0.510904255319149,0.6627586206896552,0.516213847502191,0.31032547699214363,0.6397966594045026,0.0891089108910891,0.0,0.0,0.0,0.6051873198847262
hier_clust,5,30,ward,False,3842,7520,0.510904255319149,0.6627586206896552,0.516213847502191,0.31032547699214363,0.6397966594045026,0.0891089108910891,0.0,0.0,0.0,0.6051873198847262
hier_clust,20,32,ward,False,3841,7520,0.5107712765957447,0.5848275862068966,0.7002629272567923,0.2570145903479237,0.5613652868554829,0.18811881188118812,0.0,0.0,0.0,0.6664265129682997
hier_clust,10,27,ward,False,3830,7520,0.5093085106382979,0.613103448275862,0.6056091148115688,0.38439955106621776,0.4502541757443718,0.13861386138613863,0.0,0.0,0.1044776119402985,0.6505763688760807
hier_clust,3,30,ward,False,3822,7520,0.5082446808510638,0.7993103448275862,0.2997370727432077,0.3265993265993266,0.5337690631808278,0.07920792079207921,0.0,0.0,0.3283582089552239,0.6801152737752162
hier_clust,3,27,ward,False,3819,7520,0.5078457446808511,0.7993103448275862,0.2997370727432077,0.2760942760942761,0.5969498910675382,0.07920792079207921,0.0,0.0,0.3283582089552239,0.6801152737752162
hier_clust,20,30,ward,False,3818,7520,0.5077127659574469,0.5848275862068966,0.7002629272567923,0.22615039281705948,0.5846042120551924,0.18811881188118812,0.0,0.0,0.0,0.6664265129682997
hier_clust,False,38,ward,False,3816,7520,0.5074468085106383,0.5634482758620689,0.6538124452234881,0.29685746352413017,0.5758896151053013,0.22277227722772278,0.0,0.0,0.0,0.638328530259366
hier_clust,False,35,ward,False,3815,7520,0.507313829787234,0.5634482758620689,0.6538124452234881,0.29685746352413017,0.5787944807552651,0.19801980198019803,0.0,0.0,0.0,0.638328530259366
hier_clust,20,23,ward,False,3803,7520,0.5057180851063829,0.5848275862068966,0.7002629272567923,0.1610549943883277,0.6550472040668119,0.12871287128712872,0.0,0.0,0.0,0.6779538904899135
hier_clust,20,25,ward,False,3803,7520,0.5057180851063829,0.5848275862068966,0.7002629272567923,0.1610549943883277,0.6550472040668119,0.12871287128712872,0.0,0.0,0.0,0.6779538904899135
hier_clust,20,27,ward,False,3803,7520,0.5057180851063829,0.5848275862068966,0.7002629272567923,0.1610549943883277,0.6550472040668119,0.12871287128712872,0.0,0.0,0.0,0.6779538904899135
hier_clust,2,27,ward,False,3802,7520,0.5055851063829787,0.7496551724137931,0.26730937773882557,0.4152637485970819,0.6180101670297748,0.0,0.0,0.0,0.417910447761194,0.5497118155619597
hier_clust,False,32,ward,False,3797,7520,0.5049202127659574,0.5634482758620689,0.6538124452234881,0.30864197530864196,0.5374001452432825,0.2871287128712871,0.0,0.0,0.0,0.638328530259366
hier_clust,False,30,ward,False,3797,7520,0.5049202127659574,0.5634482758620689,0.6538124452234881,0.30864197530864196,0.5374001452432825,0.2871287128712871,0.0,0.0,0.0,0.638328530259366
hier_clust,20,21,ward,False,3796,7520,0.5047872340425532,0.5848275862068966,0.7002629272567923,0.14534231200897868,0.6702977487291213,0.12871287128712872,0.0,0.0,0.0,0.6779538904899135
hier_clust,5,100,ward,True,3792,7520,0.5042553191489362,0.8896551724137931,0.0008764241893076249,0.42031425364758696,0.6092955700798838,0.35148514851485146,0.08333333333333333,0.0,0.3358208955223881,0.5734870317002881
hier_clust,5,92,ward,True,3790,7520,0.5039893617021277,0.8896551724137931,0.0008764241893076249,0.41975308641975306,0.6100217864923747,0.3465346534653465,0.08333333333333333,0.0,0.3358208955223881,0.5727665706051873
hier_clust,2,67,complete,False,3779,7520,0.5025265957446808,0.6786206896551724,0.5205959684487291,0.23905723905723905,0.5896877269426289,0.0297029702970297,0.16666666666666666,0.0,0.3805970149253731,0.6512968299711815
hier_clust,2,57,complete,False,3778,7520,0.5023936170212766,0.6786206896551724,0.5205959684487291,0.23905723905723905,0.5896877269426289,0.024752475247524754,0.16666666666666666,0.0,0.3805970149253731,0.6512968299711815
hier_clust,2,61,complete,False,3778,7520,0.5023936170212766,0.6786206896551724,0.5205959684487291,0.23905723905723905,0.5896877269426289,0.024752475247524754,0.16666666666666666,0.0,0.3805970149253731,0.6512968299711815
hier_clust,False,27,ward,False,3776,7520,0.502127659574468,0.5634482758620689,0.6538124452234881,0.3052749719416386,0.5265068990559186,0.2871287128712871,0.0,0.0,0.0,0.638328530259366
hier_clust,False,25,ward,False,3769,7520,0.5011968085106383,0.5634482758620689,0.6538124452234881,0.3052749719416386,0.5294117647058824,0.23267326732673269,0.0,0.0,0.0,0.638328530259366
hier_clust,False,23,ward,False,3763,7520,0.5003989361702128,0.5634482758620689,0.6538124452234881,0.3052749719416386,0.5337690631808278,0.17326732673267325,0.0,0.0,0.0,0.638328530259366
hier_clust,3,100,ward,True,3762,7520,0.5002659574468085,0.9006896551724138,0.0,0.3995510662177329,0.5344952795933188,0.3415841584158416,0.16666666666666666,0.0,0.03731343283582089,0.6714697406340058
hier_clust,3,92,ward,True,3759,7520,0.49986702127659577,0.9006896551724138,0.0,0.3782267115600449,0.5628177196804648,0.32673267326732675,0.08333333333333333,0.0,0.03731343283582089,0.6714697406340058
hier_clust,5,27,ward,False,3756,7520,0.49946808510638296,0.6882758620689655,0.516213847502191,0.2547699214365881,0.6223674655047204,0.0891089108910891,0.0,0.0,0.0,0.6051873198847262
hier_clust,5,25,ward,False,3756,7520,0.49946808510638296,0.6882758620689655,0.516213847502191,0.2547699214365881,0.6223674655047204,0.0891089108910891,0.0,0.0,0.0,0.6051873198847262
hier_clust,5,23,ward,False,3750,7520,0.49867021276595747,0.6882758620689655,0.516213847502191,0.22166105499438832,0.6572258533042846,0.11386138613861387,0.0,0.0,0.0,0.6051873198847262
hier_clust,3,85,ward,True,3749,7520,0.4985372340425532,0.9006896551724138,0.0,0.3653198653198653,0.5708061002178649,0.33663366336633666,0.08333333333333333,0.0,0.03731343283582089,0.6714697406340058
hier_clust,3,78,ward,True,3748,7520,0.49840425531914895,0.9006896551724138,0.0,0.3653198653198653,0.5686274509803921,0.3465346534653465,0.08333333333333333,0.0,0.03731343283582089,0.6714697406340058
hier_clust,False,21,ward,False,3747,7520,0.49827127659574466,0.5634482758620689,0.6538124452234881,0.32154882154882153,0.5010893246187363,0.17326732673267325,0.0,0.0,0.0,0.638328530259366
hier_clust,3,67,ward,True,3744,7520,0.4978723404255319,0.9006896551724138,0.0,0.36307519640852975,0.5708061002178649,0.3316831683168317,0.08333333333333333,0.0,0.03731343283582089,0.6714697406340058
hier_clust,3,72,ward,True,3744,7520,0.4978723404255319,0.9006896551724138,0.0,0.36363636363636365,0.570079883805374,0.3316831683168317,0.08333333333333333,0.0,0.03731343283582089,0.6714697406340058
hier_clust,5,85,ward,True,3744,7520,0.4978723404255319,0.8896551724137931,0.0008764241893076249,0.4152637485970819,0.5599128540305011,0.3316831683168317,0.08333333333333333,0.0,0.3358208955223881,0.5972622478386167
hier_clust,2,25,ward,False,3744,7520,0.4978723404255319,0.92,0.0,0.4152637485970819,0.6180101670297748,0.0,0.0,0.0,0.417910447761194,0.5497118155619597
hier_clust,3,25,ward,False,3743,7520,0.4977393617021277,0.7993103448275862,0.3444347063978966,0.2048260381593715,0.5969498910675382,0.07920792079207921,0.0,0.0,0.3283582089552239,0.6801152737752162
hier_clust,3,23,ward,False,3743,7520,0.4977393617021277,0.7993103448275862,0.3444347063978966,0.2048260381593715,0.5969498910675382,0.07920792079207921,0.0,0.0,0.3283582089552239,0.6801152737752162
hier_clust,3,61,ward,True,3742,7520,0.4976063829787234,0.9006896551724138,0.0,0.3569023569023569,0.5824255628177197,0.3069306930693069,0.08333333333333333,0.0,0.022388059701492536,0.6714697406340058
hier_clust,10,78,ward,True,3742,7520,0.4976063829787234,0.7944827586206896,0.0,0.5123456790123457,0.5359477124183006,0.297029702970297,0.25,0.0,0.26119402985074625,0.6059077809798271
hier_clust,10,72,ward,True,3741,7520,0.49747340425531916,0.7944827586206896,0.0,0.5123456790123457,0.5352214960058097,0.30198019801980197,0.25,0.0,0.26119402985074625,0.6051873198847262
hier_clust,2,100,weighted,False,3740,7520,0.4973404255319149,0.8696551724137931,0.0,0.3872053872053872,0.5548293391430646,0.07920792079207921,0.16666666666666666,0.058823529411764705,0.20149253731343283,0.7046109510086456
hier_clust,2,92,weighted,False,3739,7520,0.49720744680851064,0.8696551724137931,0.0,0.3872053872053872,0.5570079883805374,0.0594059405940594,0.16666666666666666,0.058823529411764705,0.20149253731343283,0.7046109510086456
hier_clust,3,21,ward,False,3738,7520,0.49707446808510636,0.7993103448275862,0.3444347063978966,0.2048260381593715,0.6049382716049383,0.0,0.0,0.0,0.3283582089552239,0.6801152737752162
hier_clust,2,85,weighted,False,3737,7520,0.4969414893617021,0.8696551724137931,0.0,0.3872053872053872,0.5555555555555556,0.0594059405940594,0.16666666666666666,0.058823529411764705,0.20149253731343283,0.7046109510086456
hier_clust,4,32,ward,False,3737,7520,0.4969414893617021,0.8751724137931034,0.0,0.4607182940516274,0.5497458242556281,0.12871287128712872,0.0,0.0,0.3805970149253731,0.5857348703170029
hier_clust,4,35,ward,False,3737,7520,0.4969414893617021,0.8751724137931034,0.0,0.4607182940516274,0.5497458242556281,0.12871287128712872,0.0,0.0,0.3805970149253731,0.5857348703170029
hier_clust,5,78,ward,True,3736,7520,0.4968085106382979,0.8896551724137931,0.0008764241893076249,0.40291806958473625,0.5758896151053013,0.3316831683168317,0.08333333333333333,0.0,0.3358208955223881,0.5914985590778098
hier_clust,2,23,ward,False,3734,7520,0.4965425531914894,0.92,0.0,0.39113355780022446,0.6180101670297748,0.0,0.0,0.0,0.417910447761194,0.5734870317002881
hier_clust,2,21,ward,False,3734,7520,0.4965425531914894,0.92,0.0,0.39113355780022446,0.6180101670297748,0.0,0.0,0.0,0.417910447761194,0.5734870317002881
hier_clust,5,72,ward,True,3733,7520,0.4964095744680851,0.8896551724137931,0.0,0.3956228956228956,0.5838779956427015,0.3316831683168317,0.08333333333333333,0.0,0.3358208955223881,0.5914985590778098
hier_clust,5,67,ward,True,3733,7520,0.4964095744680851,0.8896551724137931,0.0,0.3956228956228956,0.5838779956427015,0.3316831683168317,0.08333333333333333,0.0,0.3358208955223881,0.5914985590778098
hier_clust,2,100,centroid,False,3732,7520,0.49627659574468086,0.9420689655172414,0.0,0.31986531986531985,0.6434277414669571,0.06435643564356436,0.16666666666666666,0.058823529411764705,0.3208955223880597,0.6123919308357348
hier_clust,3,57,ward,True,3732,7520,0.49627659574468086,0.9006896551724138,0.0,0.398989898989899,0.5206971677559913,0.3069306930693069,0.08333333333333333,0.0,0.022388059701492536,0.6714697406340058
hier_clust,10,67,ward,True,3731,7520,0.4961436170212766,0.7944827586206896,0.0,0.5269360269360269,0.5112563543936093,0.3217821782178218,0.25,0.0,0.26119402985074625,0.6001440922190202
hier_clust,10,61,ward,True,3731,7520,0.4961436170212766,0.7944827586206896,0.0,0.5269360269360269,0.5112563543936093,0.3217821782178218,0.25,0.0,0.26119402985074625,0.6001440922190202
hier_clust,3,52,ward,True,3731,7520,0.4961436170212766,0.9006896551724138,0.0,0.3984287317620651,0.5206971677559913,0.3069306930693069,0.08333333333333333,0.0,0.022388059701492536,0.6714697406340058
hier_clust,10,57,ward,True,3729,7520,0.4958776595744681,0.7944827586206896,0.0,0.5269360269360269,0.5127087872185911,0.30198019801980197,0.25,0.0,0.26119402985074625,0.6001440922190202
hier_clust,3,20,ward,False,3728,7520,0.4957446808510638,0.7993103448275862,0.3444347063978966,0.2132435465768799,0.5867828612926652,0.0,0.0,0.0,0.3283582089552239,0.6801152737752162
hier_clust,4,30,ward,False,3727,7520,0.4956117021276596,0.8751724137931034,0.0,0.4657687991021324,0.5359477124183006,0.12871287128712872,0.0,0.0,0.3805970149253731,0.5857348703170029
hier_clust,2,92,centroid,False,3725,7520,0.4953457446808511,0.9420689655172414,0.0,0.31874298540965207,0.644880174291939,0.04455445544554455,0.16666666666666666,0.058823529411764705,0.41044776119402987,0.6015850144092219
hier_clust,5,57,ward,True,3724,7520,0.4952127659574468,0.8896551724137931,0.0,0.4046015712682379,0.5671750181554103,0.33663366336633666,0.08333333333333333,0.0,0.31343283582089554,0.5914985590778098
hier_clust,5,61,ward,True,3724,7520,0.4952127659574468,0.8896551724137931,0.0,0.4046015712682379,0.5671750181554103,0.33663366336633666,0.08333333333333333,0.0,0.31343283582089554,0.5914985590778098
hier_clust,2,85,centroid,False,3724,7520,0.4952127659574468,0.9420689655172414,0.0,0.31874298540965207,0.6441539578794481,0.04455445544554455,0.16666666666666666,0.058823529411764705,0.41044776119402987,0.6015850144092219
hier_clust,4,27,ward,False,3723,7520,0.49507978723404256,0.8751724137931034,0.0,0.47362514029180697,0.5228758169934641,0.12871287128712872,0.0,0.0,0.3805970149253731,0.5857348703170029
hier_clust,2,78,centroid,False,3722,7520,0.4949468085106383,0.9420689655172414,0.0,0.31874298540965207,0.6412490922294843,0.054455445544554455,0.16666666666666666,0.058823529411764705,0.41044776119402987,0.6015850144092219
hier_clust,3,48,ward,True,3720,7520,0.4946808510638298,0.9006896551724138,0.0,0.4074074074074074,0.5010893246187363,0.3069306930693069,0.08333333333333333,0.0,0.022388059701492536,0.6714697406340058
hier_clust,3,45,ward,True,3720,7520,0.4946808510638298,0.9006896551724138,0.0,0.4074074074074074,0.49963689179375453,0.31683168316831684,0.08333333333333333,0.0,0.022388059701492536,0.6714697406340058
hier_clust,3,18,ward,False,3720,7520,0.4946808510638298,0.7993103448275862,0.3444347063978966,0.2356902356902357,0.5867828612926652,0.0,0.0,0.0,0.3283582089552239,0.6455331412103746
hier_clust,3,41,ward,True,3719,7520,0.4945478723404255,0.9006896551724138,0.0,0.4062850729517396,0.5003631082062454,0.31683168316831684,0.08333333333333333,0.0,0.022388059701492536,0.6714697406340058
hier_clust,3,38,ward,True,3718,7520,0.4944148936170213,0.9006896551724138,0.0,0.4068462401795735,0.4989106753812636,0.31683168316831684,0.08333333333333333,0.0,0.022388059701492536,0.6714697406340058
hier_clust,2,72,centroid,False,3718,7520,0.4944148936170213,0.9420689655172414,0.0,0.31874298540965207,0.6419753086419753,0.054455445544554455,0.16666666666666666,0.058823529411764705,0.373134328358209,0.6015850144092219
hier_clust,False,20,ward,False,3717,7520,0.494281914893617,0.5634482758620689,0.6538124452234881,0.3333333333333333,0.46405228758169936,0.17326732673267325,0.0,0.0,0.0,0.638328530259366
hier_clust,4,21,ward,False,3714,7520,0.49388297872340425,0.8751724137931034,0.0,0.47362514029180697,0.4785766158315178,0.12871287128712872,0.0,0.0,0.3805970149253731,0.6231988472622478
hier_clust,3,100,complete,False,3714,7520,0.49388297872340425,0.8606896551724138,0.0,0.44276094276094274,0.47785039941902685,0.18811881188118812,0.0,0.058823529411764705,0.1865671641791045,0.6873198847262247
hier_clust,4,23,ward,False,3714,7520,0.49388297872340425,0.8751724137931034,0.0,0.47362514029180697,0.4785766158315178,0.12871287128712872,0.0,0.0,0.3805970149253731,0.6231988472622478
hier_clust,4,25,ward,False,3714,7520,0.49388297872340425,0.8751724137931034,0.0,0.47362514029180697,0.4785766158315178,0.12871287128712872,0.0,0.0,0.3805970149253731,0.6231988472622478
hier_clust,4,20,ward,False,3714,7520,0.49388297872340425,0.8751724137931034,0.0,0.47362514029180697,0.4785766158315178,0.12871287128712872,0.0,0.0,0.3805970149253731,0.6231988472622478
hier_clust,2,67,centroid,False,3713,7520,0.49375,0.9420689655172414,0.0,0.3153759820426487,0.6390704429920117,0.04950495049504951,0.16666666666666666,0.058823529411764705,0.373134328358209,0.6059077809798271
hier_clust,5,52,ward,True,3713,7520,0.49375,0.8896551724137931,0.0,0.34175084175084175,0.6405228758169934,0.33663366336633666,0.08333333333333333,0.0,0.31343283582089554,0.5914985590778098
hier_clust,10,52,ward,True,3712,7520,0.49361702127659574,0.7944827586206896,0.0,0.5331088664421998,0.5127087872185911,0.30198019801980197,0.25,0.0,0.05223880597014925,0.6001440922190202
hier_clust,3,17,ward,False,3712,7520,0.49361702127659574,0.7993103448275862,0.0,0.45173961840628507,0.5867828612926652,0.0,0.0,0.0,0.3283582089552239,0.6455331412103746
hier_clust,3,92,complete,False,3709,7520,0.493218085106383,0.8606896551724138,0.0,0.43434343434343436,0.48946986201888165,0.18811881188118812,0.0,0.058823529411764705,0.1417910447761194,0.6873198847262247
hier_clust,False,18,ward,False,3709,7520,0.493218085106383,0.5634482758620689,0.6538124452234881,0.35297418630751964,0.45824255628177196,0.0,0.0,0.0,0.0,0.638328530259366
hier_clust,5,20,ward,False,3704,7520,0.4925531914893617,0.6882758620689655,0.6336546888694128,0.1728395061728395,0.5896877269426289,0.11386138613861387,0.0,0.0,0.0,0.6051873198847262
hier_clust,5,21,ward,False,3704,7520,0.4925531914893617,0.6882758620689655,0.6336546888694128,0.1728395061728395,0.5896877269426289,0.11386138613861387,0.0,0.0,0.0,0.6051873198847262
hier_clust,2,52,complete,False,3697,7520,0.49162234042553193,0.6813793103448276,0.5205959684487291,0.19977553310886645,0.5896877269426289,0.024752475247524754,0.0,0.0,0.3805970149253731,0.6419308357348703
hier_clust,5,18,ward,False,3694,7520,0.49122340425531913,0.6882758620689655,0.6336546888694128,0.1728395061728395,0.5679012345679012,0.11386138613861387,0.0,0.0,0.0,0.6195965417867435
hier_clust,2,48,complete,False,3693,7520,0.4910904255319149,0.6813793103448276,0.5205959684487291,0.19977553310886645,0.5896877269426289,0.024752475247524754,0.0,0.0,0.1865671641791045,0.6577809798270894
hier_clust,5,17,ward,False,3692,7520,0.4909574468085106,0.6882758620689655,0.6336546888694128,0.1127946127946128,0.6441539578794481,0.11386138613861387,0.0,0.0,0.0,0.6195965417867435
hier_clust,5,15,ward,False,3684,7520,0.4898936170212766,0.6882758620689655,0.6336546888694128,0.1127946127946128,0.6550472040668119,0.0,0.0,0.0,0.0,0.6195965417867435
hier_clust,2,100,median,False,3677,7520,0.4889627659574468,0.953103448275862,0.0,0.367003367003367,0.5272331154684096,0.054455445544554455,0.16666666666666666,0.058823529411764705,0.208955223880597,0.6282420749279539
hier_clust,5,48,ward,True,3676,7520,0.4888297872340426,0.8896551724137931,0.0,0.34175084175084175,0.6477850399419027,0.297029702970297,0.08333333333333333,0.0,0.022388059701492536,0.5914985590778098
hier_clust,5,45,ward,True,3676,7520,0.4888297872340426,0.8896551724137931,0.0,0.34118967452300786,0.6470588235294118,0.3069306930693069,0.08333333333333333,0.0,0.022388059701492536,0.5914985590778098
hier_clust,5,41,ward,True,3674,7520,0.48856382978723406,0.8896551724137931,0.0,0.3395061728395062,0.6485112563543937,0.3069306930693069,0.08333333333333333,0.0,0.014925373134328358,0.5914985590778098
hier_clust,3,85,complete,False,3665,7520,0.48736702127659576,0.8606896551724138,0.0,0.45847362514029183,0.4262890341321714,0.18811881188118812,0.0,0.058823529411764705,0.1417910447761194,0.6873198847262247
hier_clust,3,15,ward,False,3659,7520,0.4865691489361702,0.8558620689655172,0.0,0.45173961840628507,0.5867828612926652,0.0,0.0,0.0,0.3283582089552239,0.5482708933717579
hier_clust,3,13,ward,False,3659,7520,0.4865691489361702,0.8558620689655172,0.0,0.45173961840628507,0.5867828612926652,0.0,0.0,0.0,0.3283582089552239,0.5482708933717579
hier_clust,3,14,ward,False,3659,7520,0.4865691489361702,0.8558620689655172,0.0,0.45173961840628507,0.5867828612926652,0.0,0.0,0.0,0.3283582089552239,0.5482708933717579
hier_clust,3,10,ward,False,3650,7520,0.4853723404255319,0.8558620689655172,0.0,0.45173961840628507,0.5867828612926652,0.0,0.0,0.0,0.0,0.5734870317002881
hier_clust,3,12,ward,False,3650,7520,0.4853723404255319,0.8558620689655172,0.0,0.45173961840628507,0.5867828612926652,0.0,0.0,0.0,0.0,0.5734870317002881
hier_clust,3,11,ward,False,3650,7520,0.4853723404255319,0.8558620689655172,0.0,0.45173961840628507,0.5867828612926652,0.0,0.0,0.0,0.0,0.5734870317002881
hier_clust,2,17,ward,False,3638,7520,0.48377659574468085,0.94,0.0,0.32098765432098764,0.6180101670297748,0.0,0.0,0.0,0.417910447761194,0.5734870317002881
hier_clust,2,18,ward,False,3638,7520,0.48377659574468085,0.94,0.0,0.32098765432098764,0.6180101670297748,0.0,0.0,0.0,0.417910447761194,0.5734870317002881
hier_clust,2,20,ward,False,3638,7520,0.48377659574468085,0.94,0.0,0.32098765432098764,0.6180101670297748,0.0,0.0,0.0,0.417910447761194,0.5734870317002881
hier_clust,2,92,median,False,3632,7520,0.4829787234042553,0.9572413793103448,0.0,0.3260381593714927,0.5279593318809005,0.054455445544554455,0.16666666666666666,0.058823529411764705,0.23880597014925373,0.6404899135446686
hier_clust,2,45,complete,False,3624,7520,0.4819148936170213,0.6813793103448276,0.5205959684487291,0.2676767676767677,0.4517066085693537,0.024752475247524754,0.0,0.0,0.1865671641791045,0.6577809798270894
hier_clust,2,41,complete,False,3623,7520,0.48178191489361705,0.6813793103448276,0.5205959684487291,0.2676767676767677,0.4538852578068264,0.0049504950495049506,0.0,0.0,0.1865671641791045,0.6577809798270894
hier_clust,3,100,weighted,False,3614,7520,0.48058510638297874,0.9606896551724138,0.0,0.37485970819304154,0.4785766158315178,0.10891089108910891,0.16666666666666666,0.058823529411764705,0.26865671641791045,0.5994236311239193
hier_clust,3,92,weighted,False,3612,7520,0.4803191489361702,0.9606896551724138,0.0,0.37485970819304154,0.477124183006536,0.10891089108910891,0.16666666666666666,0.058823529411764705,0.26865671641791045,0.5994236311239193
hier_clust,20,85,ward,True,3607,7520,0.47965425531914896,0.9462068965517242,0.0008764241893076249,0.3327721661054994,0.45461147421931736,0.400990099009901,0.25,0.0,0.26865671641791045,0.6448126801152738
hier_clust,3,85,weighted,False,3606,7520,0.47952127659574467,0.9606896551724138,0.0,0.3675645342312009,0.49382716049382713,0.10891089108910891,0.16666666666666666,0.058823529411764705,0.26865671641791045,0.5878962536023055
hier_clust,3,78,weighted,False,3604,7520,0.47925531914893615,0.9606896551724138,0.0,0.3675645342312009,0.49310094408133626,0.10396039603960396,0.16666666666666666,0.058823529411764705,0.26865671641791045,0.5878962536023055
hier_clust,20,78,ward,True,3601,7520,0.4788563829787234,0.9462068965517242,0.0008764241893076249,0.3226711560044893,0.47421931735657225,0.3316831683168317,0.25,0.0,0.26119402985074625,0.6448126801152738
hier_clust,2,100,average,False,3599,7520,0.4785904255319149,0.8268965517241379,0.0,0.32435465768799104,0.588961510530138,0.06435643564356436,0.16666666666666666,0.058823529411764705,0.3805970149253731,0.6793948126801153
hier_clust,20,72,ward,True,3598,7520,0.47845744680851066,0.9462068965517242,0.0008764241893076249,0.3221099887766554,0.4756717501815541,0.3118811881188119,0.25,0.0,0.26119402985074625,0.6448126801152738
hier_clust,20,67,ward,True,3598,7520,0.47845744680851066,0.9462068965517242,0.0008764241893076249,0.3221099887766554,0.4756717501815541,0.3118811881188119,0.25,0.0,0.26119402985074625,0.6448126801152738
hier_clust,2,92,average,False,3593,7520,0.4777925531914894,0.8268965517241379,0.0,0.32323232323232326,0.5925925925925926,0.04950495049504951,0.16666666666666666,0.058823529411764705,0.3805970149253731,0.6750720461095101
hier_clust,20,61,ward,True,3593,7520,0.4777925531914894,0.9462068965517242,0.0008764241893076249,0.32098765432098764,0.47639796659404504,0.297029702970297,0.25,0.0,0.2537313432835821,0.6448126801152738
hier_clust,2,85,average,False,3589,7520,0.47726063829787235,0.8268965517241379,0.0,0.3221099887766554,0.5904139433551199,0.04950495049504951,0.16666666666666666,0.058823529411764705,0.3880597014925373,0.6750720461095101
hier_clust,2,57,ward,True,3587,7520,0.47699468085106383,0.763448275862069,0.44872918492550395,0.3338945005611672,0.5432098765432098,0.31683168316831684,0.0,0.0,0.022388059701492536,0.4020172910662824
hier_clust,2,72,average,False,3586,7520,0.47686170212765955,0.8268965517241379,0.0,0.30976430976430974,0.6049382716049383,0.04455445544554455,0.16666666666666666,0.058823529411764705,0.3880597014925373,0.6750720461095101
hier_clust,2,78,average,False,3586,7520,0.47686170212765955,0.8268965517241379,0.0,0.30976430976430974,0.6049382716049383,0.04455445544554455,0.16666666666666666,0.058823529411764705,0.3880597014925373,0.6750720461095101
hier_clust,2,52,ward,True,3586,7520,0.47686170212765955,0.763448275862069,0.44872918492550395,0.3338945005611672,0.5424836601307189,0.31683168316831684,0.0,0.0,0.022388059701492536,0.4020172910662824
hier_clust,2,67,average,False,3585,7520,0.4767287234042553,0.8268965517241379,0.0,0.30976430976430974,0.6049382716049383,0.04455445544554455,0.16666666666666666,0.058823529411764705,0.3805970149253731,0.6750720461095101
hier_clust,2,48,ward,True,3582,7520,0.47632978723404257,0.763448275862069,0.44872918492550395,0.3338945005611672,0.5395787944807553,0.31683168316831684,0.0,0.0,0.022388059701492536,0.4020172910662824
hier_clust,2,61,average,False,3581,7520,0.4761968085106383,0.8268965517241379,0.0,0.30976430976430974,0.6049382716049383,0.04455445544554455,0.0,0.0,0.3805970149253731,0.6750720461095101
hier_clust,20,57,ward,True,3578,7520,0.47579787234042553,0.9462068965517242,0.0008764241893076249,0.32098765432098764,0.46695715323166304,0.2871287128712871,0.25,0.0,0.2537313432835821,0.6448126801152738
hier_clust,2,41,ward,True,3577,7520,0.4756648936170213,0.763448275862069,0.44785276073619634,0.33164983164983164,0.5381263616557734,0.32673267326732675,0.0,0.0,0.022388059701492536,0.4020172910662824
hier_clust,2,45,ward,True,3577,7520,0.4756648936170213,0.763448275862069,0.44872918492550395,0.3395061728395062,0.5272331154684096,0.32673267326732675,0.0,0.0,0.022388059701492536,0.4020172910662824
hier_clust,2,38,ward,True,3575,7520,0.4753989361702128,0.763448275862069,0.44785276073619634,0.3176206509539843,0.5555555555555556,0.3217821782178218,0.0,0.0,0.022388059701492536,0.4020172910662824
hier_clust,2,13,ward,False,3575,7520,0.4753989361702128,0.94,0.0,0.4090909090909091,0.45824255628177196,0.0,0.0,0.0,0.417910447761194,0.5734870317002881
hier_clust,2,12,ward,False,3575,7520,0.4753989361702128,0.94,0.0,0.4090909090909091,0.45824255628177196,0.0,0.0,0.0,0.417910447761194,0.5734870317002881
hier_clust,2,15,ward,False,3575,7520,0.4753989361702128,0.94,0.0,0.4090909090909091,0.45824255628177196,0.0,0.0,0.0,0.417910447761194,0.5734870317002881
hier_clust,2,14,ward,False,3575,7520,0.4753989361702128,0.94,0.0,0.4090909090909091,0.45824255628177196,0.0,0.0,0.0,0.417910447761194,0.5734870317002881
hier_clust,2,10,ward,False,3574,7520,0.4752659574468085,0.94,0.0,0.3872053872053872,0.485838779956427,0.0,0.0,0.0,0.417910447761194,0.5734870317002881
hier_clust,2,11,ward,False,3574,7520,0.4752659574468085,0.94,0.0,0.3872053872053872,0.485838779956427,0.0,0.0,0.0,0.417910447761194,0.5734870317002881
hier_clust,20,52,ward,True,3573,7520,0.47513297872340426,0.9462068965517242,0.0008764241893076249,0.32098765432098764,0.4662309368191721,0.27722772277227725,0.08333333333333333,0.0,0.2537313432835821,0.6448126801152738
hier_clust,20,48,ward,True,3572,7520,0.475,0.9462068965517242,0.0,0.32098765432098764,0.4662309368191721,0.27722772277227725,0.08333333333333333,0.0,0.2537313432835821,0.6448126801152738
hier_clust,2,57,average,False,3567,7520,0.4743351063829787,0.9613793103448276,0.0,0.30976430976430974,0.6049382716049383,0.04455445544554455,0.0,0.0,0.3805970149253731,0.5244956772334294
hier_clust,3,72,weighted,False,3565,7520,0.4740691489361702,0.9606896551724138,0.0,0.2867564534231201,0.5686274509803921,0.10396039603960396,0.16666666666666666,0.058823529411764705,0.27611940298507465,0.5878962536023055
hier_clust,2,52,average,False,3565,7520,0.4740691489361702,0.9613793103448276,0.0,0.3866442199775533,0.504720406681191,0.04455445544554455,0.0,0.0,0.373134328358209,0.5244956772334294
hier_clust,2,85,median,False,3564,7520,0.47393617021276596,0.8241379310344827,0.0,0.32379349046015715,0.5294117647058824,0.04950495049504951,0.16666666666666666,0.058823529411764705,0.23880597014925373,0.7327089337175793
hier_clust,2,78,median,False,3563,7520,0.4738031914893617,0.8241379310344827,0.0,0.32379349046015715,0.5286855482933914,0.04950495049504951,0.16666666666666666,0.058823529411764705,0.23880597014925373,0.7327089337175793
hier_clust,2,72,median,False,3560,7520,0.4734042553191489,0.8241379310344827,0.0,0.31986531986531985,0.5272331154684096,0.0594059405940594,0.16666666666666666,0.058823529411764705,0.26865671641791045,0.7327089337175793
hier_clust,10,25,ward,False,3560,7520,0.4734042553191489,0.903448275862069,0.0,0.38439955106621776,0.4502541757443718,0.13861386138613863,0.0,0.0,0.1044776119402985,0.6505763688760807
hier_clust,10,23,ward,False,3560,7520,0.4734042553191489,0.903448275862069,0.0,0.38439955106621776,0.4502541757443718,0.13861386138613863,0.0,0.0,0.1044776119402985,0.6505763688760807
hier_clust,2,48,average,False,3558,7520,0.4731382978723404,0.9613793103448276,0.0,0.3978675645342312,0.48729121278140886,0.034653465346534656,0.0,0.0,0.3656716417910448,0.5244956772334294
hier_clust,20,45,ward,True,3558,7520,0.4731382978723404,0.9462068965517242,0.0,0.35185185185185186,0.4153957879448075,0.27722772277227725,0.08333333333333333,0.0,0.26119402985074625,0.6448126801152738
hier_clust,20,41,ward,True,3556,7520,0.4728723404255319,0.9462068965517242,0.0,0.34118967452300786,0.4277414669571532,0.27722772277227725,0.08333333333333333,0.0,0.26119402985074625,0.6448126801152738
hier_clust,20,38,ward,True,3554,7520,0.4726063829787234,0.9462068965517242,0.0,0.34118967452300786,0.4262890341321714,0.27722772277227725,0.08333333333333333,0.0,0.26119402985074625,0.6448126801152738
hier_clust,False,17,ward,False,3552,7520,0.4723404255319149,0.6096551724137931,0.6538124452234881,0.35297418630751964,0.45824255628177196,0.0,0.0,0.0,0.0,0.4769452449567723
hier_clust,2,45,average,False,3549,7520,0.4719414893617021,0.9613793103448276,0.0,0.37373737373737376,0.48729121278140886,0.034653465346534656,0.0,0.0,0.3656716417910448,0.5489913544668588
hier_clust,2,9,ward,False,3549,7520,0.4719414893617021,0.94,0.0,0.3872053872053872,0.485838779956427,0.0,0.0,0.0,0.0,0.595821325648415
hier_clust,4,61,ward,True,3548,7520,0.4718085106382979,0.9489655172413793,0.0008764241893076249,0.2558922558922559,0.5127087872185911,0.297029702970297,0.08333333333333333,0.0,0.014925373134328358,0.6815561959654178
hier_clust,4,67,ward,True,3548,7520,0.4718085106382979,0.9489655172413793,0.0008764241893076249,0.2564534231200898,0.5119825708061002,0.297029702970297,0.08333333333333333,0.0,0.014925373134328358,0.6815561959654178
hier_clust,False,15,ward,False,3548,7520,0.4718085106382979,0.6096551724137931,0.6538124452234881,0.3552188552188552,0.4524328249818446,0.0,0.0,0.0,0.0,0.4769452449567723
hier_clust,4,57,ward,True,3547,7520,0.47167553191489364,0.9489655172413793,0.0008764241893076249,0.255331088664422,0.5127087872185911,0.297029702970297,0.08333333333333333,0.0,0.014925373134328358,0.6815561959654178
hier_clust,4,48,ward,True,3543,7520,0.4711436170212766,0.9489655172413793,0.0,0.255331088664422,0.5134350036310821,0.3118811881188119,0.08333333333333333,0.0,0.014925373134328358,0.6765129682997119
hier_clust,4,52,ward,True,3543,7520,0.4711436170212766,0.9489655172413793,0.0,0.255331088664422,0.5134350036310821,0.3118811881188119,0.08333333333333333,0.0,0.014925373134328358,0.6765129682997119
hier_clust,4,45,ward,True,3543,7520,0.4711436170212766,0.9489655172413793,0.0,0.255331088664422,0.5083514887436456,0.3465346534653465,0.08333333333333333,0.0,0.014925373134328358,0.6765129682997119
hier_clust,4,41,ward,True,3543,7520,0.4711436170212766,0.9489655172413793,0.0,0.2547699214365881,0.5083514887436456,0.35148514851485146,0.08333333333333333,0.0,0.014925373134328358,0.6765129682997119
hier_clust,2,41,average,False,3541,7520,0.4708776595744681,0.9613793103448276,0.0,0.37373737373737376,0.4923747276688453,0.034653465346534656,0.0,0.0,0.3582089552238806,0.5389048991354467
hier_clust,2,38,average,False,3541,7520,0.4708776595744681,0.9613793103448276,0.0,0.37373737373737376,0.4923747276688453,0.034653465346534656,0.0,0.0,0.3582089552238806,0.5389048991354467
hier_clust,2,35,average,False,3540,7520,0.47074468085106386,0.9613793103448276,0.0,0.37373737373737376,0.48946986201888165,0.04950495049504951,0.0,0.0,0.3582089552238806,0.5389048991354467
hier_clust,10,21,ward,False,3540,7520,0.47074468085106386,0.903448275862069,0.0,0.3389450056116723,0.49455337690631807,0.13861386138613863,0.0,0.0,0.1044776119402985,0.6505763688760807
hier_clust,4,38,ward,True,3538,7520,0.47047872340425534,0.9489655172413793,0.0,0.24579124579124578,0.5163398692810458,0.35148514851485146,0.08333333333333333,0.0,0.014925373134328358,0.6765129682997119
hier_clust,20,35,ward,True,3537,7520,0.47034574468085105,0.9462068965517242,0.0,0.35353535353535354,0.4328249818445897,0.19801980198019803,0.08333333333333333,0.0,0.022388059701492536,0.6448126801152738
hier_clust,2,32,average,False,3536,7520,0.4702127659574468,0.9613793103448276,0.0,0.3771043771043771,0.49019607843137253,0.04950495049504951,0.0,0.0,0.27611940298507465,0.5389048991354467
hier_clust,10,20,ward,False,3536,7520,0.4702127659574468,0.903448275862069,0.0,0.3445566778900112,0.49455337690631807,0.13861386138613863,0.0,0.0,0.0,0.6505763688760807
hier_clust,10,18,ward,False,3536,7520,0.4702127659574468,0.903448275862069,0.0,0.3445566778900112,0.49455337690631807,0.13861386138613863,0.0,0.0,0.0,0.6505763688760807
hier_clust,10,17,ward,False,3536,7520,0.4702127659574468,0.903448275862069,0.0,0.3445566778900112,0.49455337690631807,0.13861386138613863,0.0,0.0,0.0,0.6505763688760807
hier_clust,4,35,ward,True,3535,7520,0.47007978723404253,0.9489655172413793,0.0,0.24691358024691357,0.5163398692810458,0.3316831683168317,0.0,0.0,0.014925373134328358,0.6765129682997119
hier_clust,4,32,ward,True,3533,7520,0.469813829787234,0.9489655172413793,0.0,0.24691358024691357,0.5148874364560639,0.3316831683168317,0.0,0.0,0.014925373134328358,0.6765129682997119
hier_clust,4,30,ward,True,3532,7520,0.4696808510638298,0.9489655172413793,0.0,0.24691358024691357,0.5112563543936093,0.35148514851485146,0.0,0.0,0.014925373134328358,0.6765129682997119
hier_clust,False,14,ward,False,3531,7520,0.46954787234042555,0.6096551724137931,0.6538124452234881,0.3939393939393939,0.3899782135076253,0.0,0.0,0.0,0.0,0.4769452449567723
hier_clust,2,67,median,False,3528,7520,0.46914893617021275,0.8241379310344827,0.0,0.30134680134680136,0.5272331154684096,0.0594059405940594,0.16666666666666666,0.058823529411764705,0.21641791044776118,0.7384726224783862
hier_clust,2,61,median,False,3526,7520,0.46888297872340423,0.8241379310344827,0.0,0.2951739618406285,0.5272331154684096,0.0594059405940594,0.16666666666666666,0.058823529411764705,0.21641791044776118,0.7449567723342939
hier_clust,2,78,weighted,False,3526,7520,0.46888297872340423,0.8958620689655172,0.0,0.244668911335578,0.5570079883805374,0.054455445544554455,0.16666666666666666,0.058823529411764705,0.23134328358208955,0.7046109510086456
hier_clust,2,72,weighted,False,3524,7520,0.46861702127659577,0.8958620689655172,0.0,0.24354657687991021,0.5548293391430646,0.06930693069306931,0.16666666666666666,0.058823529411764705,0.23134328358208955,0.7046109510086456
hier_clust,2,67,weighted,False,3524,7520,0.46861702127659577,0.8958620689655172,0.0,0.24186307519640854,0.5548293391430646,0.06930693069306931,0.16666666666666666,0.058823529411764705,0.2537313432835821,0.7046109510086456
hier_clust,4,100,complete,False,3522,7520,0.46835106382978725,0.94,0.0,0.29012345679012347,0.47639796659404504,0.19306930693069307,0.16666666666666666,0.058823529411764705,0.12686567164179105,0.6671469740634006
hier_clust,3,61,weighted,False,3517,7520,0.467686170212766,0.9606896551724138,0.0,0.33108866442199775,0.48148148148148145,0.10891089108910891,0.16666666666666666,0.058823529411764705,0.16417910447761194,0.5929394812680115
hier_clust,3,67,weighted,False,3517,7520,0.467686170212766,0.9606896551724138,0.0,0.33221099887766553,0.4807552650689906,0.10396039603960396,0.16666666666666666,0.058823529411764705,0.16417910447761194,0.5929394812680115
hier_clust,3,57,weighted,False,3513,7520,0.46715425531914895,0.9606896551724138,0.0,0.3333333333333333,0.48148148148148145,0.10891089108910891,0.0,0.058823529411764705,0.11940298507462686,0.5929394812680115
hier_clust,3,52,weighted,False,3509,7520,0.4666223404255319,0.9606896551724138,0.0,0.3333333333333333,0.48148148148148145,0.09900990099009901,0.0,0.058823529411764705,0.1044776119402985,0.5929394812680115
hier_clust,2,61,weighted,False,3506,7520,0.46622340425531916,0.8958620689655172,0.0,0.22053872053872053,0.5555555555555556,0.0594059405940594,0.16666666666666666,0.058823529411764705,0.2537313432835821,0.7197406340057637
hier_clust,2,8,ward,False,3498,7520,0.4651595744680851,0.94,0.0,0.489337822671156,0.3166303558460421,0.0,0.0,0.0,0.0,0.595821325648415
hier_clust,2,57,weighted,False,3498,7520,0.4651595744680851,0.8958620689655172,0.0,0.2132435465768799,0.5555555555555556,0.04950495049504951,0.16666666666666666,0.0,0.2537313432835821,0.7262247838616714
hier_clust,2,6,ward,False,3494,7520,0.4646276595744681,0.94,0.0,0.39337822671156003,0.43790849673202614,0.0,0.0,0.0,0.0,0.595821325648415
hier_clust,2,7,ward,False,3494,7520,0.4646276595744681,0.94,0.0,0.39337822671156003,0.43790849673202614,0.0,0.0,0.0,0.0,0.595821325648415
hier_clust,20,20,ward,False,3484,7520,0.4632978723404255,0.9206896551724137,0.0,0.14534231200897868,0.6702977487291213,0.12871287128712872,0.0,0.0,0.0,0.6779538904899135
hier_clust,20,18,ward,False,3484,7520,0.4632978723404255,0.9206896551724137,0.0,0.14534231200897868,0.6702977487291213,0.12871287128712872,0.0,0.0,0.0,0.6779538904899135
hier_clust,4,17,ward,False,3483,7520,0.4631648936170213,0.9606896551724138,0.0,0.27441077441077444,0.4785766158315178,0.12871287128712872,0.0,0.0,0.3805970149253731,0.6231988472622478
hier_clust,4,18,ward,False,3483,7520,0.4631648936170213,0.9606896551724138,0.0,0.27441077441077444,0.4785766158315178,0.12871287128712872,0.0,0.0,0.3805970149253731,0.6231988472622478
hier_clust,20,30,ward,True,3481,7520,0.46289893617021277,0.9462068965517242,0.0,0.12065095398428732,0.6935366739288308,0.19801980198019803,0.08333333333333333,0.0,0.022388059701492536,0.6448126801152738
hier_clust,20,32,ward,True,3481,7520,0.46289893617021277,0.9462068965517242,0.0,0.12065095398428732,0.6935366739288308,0.19801980198019803,0.08333333333333333,0.0,0.022388059701492536,0.6448126801152738
hier_clust,20,27,ward,True,3478,7520,0.4625,0.9462068965517242,0.0,0.12065095398428732,0.673202614379085,0.3217821782178218,0.08333333333333333,0.0,0.022388059701492536,0.6448126801152738
hier_clust,20,9,ward,False,3477,7520,0.46236702127659574,0.9206896551724137,0.0,0.14534231200897868,0.6840958605664488,0.0,0.0,0.0,0.0,0.6779538904899135
hier_clust,20,10,ward,False,3477,7520,0.46236702127659574,0.9206896551724137,0.0,0.14534231200897868,0.6840958605664488,0.0,0.0,0.0,0.0,0.6779538904899135
hier_clust,20,25,ward,True,3477,7520,0.46236702127659574,0.9462068965517242,0.0,0.12065095398428732,0.6710239651416122,0.3316831683168317,0.08333333333333333,0.0,0.022388059701492536,0.6448126801152738
hier_clust,20,7,ward,False,3477,7520,0.46236702127659574,0.9206896551724137,0.0,0.14534231200897868,0.6840958605664488,0.0,0.0,0.0,0.0,0.6779538904899135
hier_clust,20,8,ward,False,3477,7520,0.46236702127659574,0.9206896551724137,0.0,0.14534231200897868,0.6840958605664488,0.0,0.0,0.0,0.0,0.6779538904899135
hier_clust,20,17,ward,False,3477,7520,0.46236702127659574,0.9206896551724137,0.0,0.14534231200897868,0.6840958605664488,0.0,0.0,0.0,0.0,0.6779538904899135
hier_clust,20,15,ward,False,3477,7520,0.46236702127659574,0.9206896551724137,0.0,0.14534231200897868,0.6840958605664488,0.0,0.0,0.0,0.0,0.6779538904899135
hier_clust,20,14,ward,False,3477,7520,0.46236702127659574,0.9206896551724137,0.0,0.14534231200897868,0.6840958605664488,0.0,0.0,0.0,0.0,0.6779538904899135
hier_clust,20,13,ward,False,3477,7520,0.46236702127659574,0.9206896551724137,0.0,0.14534231200897868,0.6840958605664488,0.0,0.0,0.0,0.0,0.6779538904899135
hier_clust,20,23,ward,True,3477,7520,0.46236702127659574,0.9462068965517242,0.0,0.11952861952861953,0.6724763979665941,0.3316831683168317,0.08333333333333333,0.0,0.022388059701492536,0.6448126801152738
hier_clust,20,12,ward,False,3477,7520,0.46236702127659574,0.9206896551724137,0.0,0.14534231200897868,0.6840958605664488,0.0,0.0,0.0,0.0,0.6779538904899135
hier_clust,20,11,ward,False,3477,7520,0.46236702127659574,0.9206896551724137,0.0,0.14534231200897868,0.6840958605664488,0.0,0.0,0.0,0.0,0.6779538904899135
hier_clust,20,21,ward,True,3476,7520,0.4622340425531915,0.9462068965517242,0.0,0.11952861952861953,0.6717501815541032,0.3316831683168317,0.08333333333333333,0.0,0.022388059701492536,0.6448126801152738
hier_clust,2,57,median,False,3470,7520,0.46143617021276595,0.8241379310344827,0.0,0.3338945005611672,0.4371822803195352,0.0594059405940594,0.16666666666666666,0.058823529411764705,0.208955223880597,0.7449567723342939
hier_clust,2,52,median,False,3466,7520,0.4609042553191489,0.8241379310344827,0.0,0.3378226711560045,0.43064633260711693,0.0594059405940594,0.16666666666666666,0.0,0.208955223880597,0.7449567723342939
hier_clust,4,92,complete,False,3463,7520,0.46050531914893617,0.9427586206896552,0.0,0.250280583613917,0.4822076978939724,0.19306930693069307,0.16666666666666666,0.058823529411764705,0.12686567164179105,0.6671469740634006
hier_clust,2,52,weighted,False,3462,7520,0.46037234042553193,0.8958620689655172,0.0,0.12570145903479238,0.6427015250544662,0.04950495049504951,0.16666666666666666,0.0,0.2537313432835821,0.7262247838616714
hier_clust,2,48,weighted,False,3462,7520,0.46037234042553193,0.8958620689655172,0.0,0.12570145903479238,0.6427015250544662,0.04950495049504951,0.16666666666666666,0.0,0.2537313432835821,0.7262247838616714
hier_clust,2,45,weighted,False,3462,7520,0.46037234042553193,0.8958620689655172,0.0,0.12570145903479238,0.6427015250544662,0.04950495049504951,0.16666666666666666,0.0,0.2537313432835821,0.7262247838616714
hier_clust,2,45,median,False,3461,7520,0.46023936170212765,0.8241379310344827,0.0,0.35185185185185186,0.4103122730573711,0.04950495049504951,0.16666666666666666,0.0,0.208955223880597,0.7449567723342939
hier_clust,2,48,median,False,3461,7520,0.46023936170212765,0.8241379310344827,0.0,0.35241301907968575,0.4103122730573711,0.04950495049504951,0.16666666666666666,0.0,0.20149253731343283,0.7449567723342939
hier_clust,2,41,median,False,3457,7520,0.4597074468085106,0.8241379310344827,0.0,0.3552188552188552,0.4045025417574437,0.04950495049504951,0.0,0.0,0.208955223880597,0.7449567723342939
hier_clust,2,38,median,False,3456,7520,0.4595744680851064,0.8241379310344827,0.0,0.3552188552188552,0.4045025417574437,0.04455445544554455,0.0,0.0,0.208955223880597,0.7449567723342939
hier_clust,2,30,average,False,3456,7520,0.4595744680851064,0.9613793103448276,0.0,0.4388327721661055,0.3522149600580973,0.04950495049504951,0.0,0.0,0.27611940298507465,0.5389048991354467
hier_clust,2,27,average,False,3455,7520,0.45944148936170215,0.9613793103448276,0.0,0.4388327721661055,0.3522149600580973,0.04455445544554455,0.0,0.0,0.27611940298507465,0.5389048991354467
hier_clust,2,25,average,False,3455,7520,0.45944148936170215,0.9613793103448276,0.0,0.4388327721661055,0.3522149600580973,0.04455445544554455,0.0,0.0,0.27611940298507465,0.5389048991354467
hier_clust,4,85,complete,False,3454,7520,0.45930851063829786,0.9427586206896552,0.0,0.24915824915824916,0.47276688453159044,0.19306930693069307,0.16666666666666666,0.058823529411764705,0.17164179104477612,0.6671469740634006
hier_clust,4,13,ward,False,3453,7520,0.45917553191489363,0.9606896551724138,0.0,0.2250280583613917,0.5206971677559913,0.12871287128712872,0.0,0.0,0.3805970149253731,0.6231988472622478
hier_clust,4,14,ward,False,3453,7520,0.45917553191489363,0.9606896551724138,0.0,0.2250280583613917,0.5206971677559913,0.12871287128712872,0.0,0.0,0.3805970149253731,0.6231988472622478
hier_clust,4,15,ward,False,3453,7520,0.45917553191489363,0.9606896551724138,0.0,0.2250280583613917,0.5206971677559913,0.12871287128712872,0.0,0.0,0.3805970149253731,0.6231988472622478
hier_clust,2,41,weighted,False,3451,7520,0.4589095744680851,0.8958620689655172,0.0,0.12738496071829405,0.6427015250544662,0.04950495049504951,0.0,0.0,0.2835820895522388,0.7146974063400576
hier_clust,2,38,weighted,False,3450,7520,0.4587765957446808,0.8958620689655172,0.0,0.12738496071829405,0.6427015250544662,0.04950495049504951,0.0,0.0,0.27611940298507465,0.7146974063400576
hier_clust,4,12,ward,False,3449,7520,0.4586436170212766,0.9606896551724138,0.0,0.2250280583613917,0.5366739288307916,0.0,0.0,0.0,0.3805970149253731,0.6231988472622478
hier_clust,4,78,complete,False,3443,7520,0.45784574468085104,0.9427586206896552,0.0,0.24915824915824916,0.4662309368191721,0.19306930693069307,0.16666666666666666,0.058823529411764705,0.15671641791044777,0.6671469740634006
hier_clust,10,13,ward,False,3437,7520,0.45704787234042554,0.96,0.0,0.30808080808080807,0.541757443718228,0.13861386138613863,0.0,0.0,0.0,0.5201729106628242
hier_clust,10,15,ward,False,3437,7520,0.45704787234042554,0.96,0.0,0.3445566778900112,0.49455337690631807,0.13861386138613863,0.0,0.0,0.0,0.5201729106628242
hier_clust,10,14,ward,False,3437,7520,0.45704787234042554,0.96,0.0,0.3445566778900112,0.49455337690631807,0.13861386138613863,0.0,0.0,0.0,0.5201729106628242
hier_clust,2,35,weighted,False,3435,7520,0.456781914893617,0.8958620689655172,0.0,0.13636363636363635,0.6252723311546841,0.01485148514851485,0.0,0.0,0.27611940298507465,0.7146974063400576
hier_clust,3,78,complete,False,3435,7520,0.456781914893617,0.9331034482758621,0.0,0.26936026936026936,0.4262890341321714,0.19801980198019803,0.0,0.058823529411764705,0.1417910447761194,0.6873198847262247
hier_clust,3,72,complete,False,3433,7520,0.4565159574468085,0.9331034482758621,0.0,0.26936026936026936,0.42483660130718953,0.2079207920792079,0.0,0.058823529411764705,0.12686567164179105,0.6873198847262247
hier_clust,4,72,complete,False,3431,7520,0.45625,0.9427586206896552,0.0,0.24130190796857465,0.46405228758169936,0.19801980198019803,0.16666666666666666,0.0,0.15671641791044777,0.6714697406340058
hier_clust,4,67,complete,False,3426,7520,0.4555851063829787,0.9427586206896552,0.0,0.24354657687991021,0.46405228758169936,0.19801980198019803,0.16666666666666666,0.0,0.15671641791044777,0.6649855907780979
hier_clust,4,11,ward,False,3426,7520,0.4555851063829787,0.9606896551724138,0.0,0.2867564534231201,0.4400871459694989,0.0,0.0,0.0,0.3805970149253731,0.6231988472622478
hier_clust,4,61,complete,False,3423,7520,0.455186170212766,0.9427586206896552,0.0,0.24298540965207632,0.4625998547567175,0.19801980198019803,0.16666666666666666,0.0,0.15671641791044777,0.6649855907780979
hier_clust,3,100,average,False,3420,7520,0.45478723404255317,0.9772413793103448,0.0,0.2996632996632997,0.4408133623819898,0.17326732673267325,0.25,0.058823529411764705,0.43283582089552236,0.5504322766570605
hier_clust,4,10,ward,False,3418,7520,0.4545212765957447,0.9606896551724138,0.0,0.24579124579124578,0.48729121278140886,0.0,0.0,0.0,0.3805970149253731,0.6231988472622478
hier_clust,2,38,complete,False,3418,7520,0.4545212765957447,0.9503448275862069,0.0,0.2676767676767677,0.4538852578068264,0.0,0.0,0.0,0.1865671641791045,0.6577809798270894
hier_clust,3,92,average,False,3418,7520,0.4545212765957447,0.9772413793103448,0.0,0.29180695847362514,0.4422657952069717,0.17326732673267325,0.25,0.058823529411764705,0.43283582089552236,0.5576368876080692
hier_clust,2,35,complete,False,3414,7520,0.45398936170212767,0.9503448275862069,0.0,0.255331088664422,0.4538852578068264,0.0,0.0,0.0,0.1865671641791045,0.670749279538905
hier_clust,2,30,complete,False,3407,7520,0.4530585106382979,0.9503448275862069,0.0,0.06397306397306397,0.6935366739288308,0.0,0.0,0.0,0.21641791044776118,0.670749279538905
hier_clust,2,32,complete,False,3407,7520,0.4530585106382979,0.9503448275862069,0.0,0.06397306397306397,0.6935366739288308,0.0,0.0,0.0,0.21641791044776118,0.670749279538905
hier_clust,3,67,complete,False,3407,7520,0.4530585106382979,0.9331034482758621,0.0,0.24579124579124578,0.4226579520697168,0.19801980198019803,0.0,0.058823529411764705,0.13432835820895522,0.7017291066282421
hier_clust,4,57,complete,False,3407,7520,0.4530585106382979,0.9427586206896552,0.0,0.18181818181818182,0.5301379811183733,0.19801980198019803,0.16666666666666666,0.0,0.15671641791044777,0.6649855907780979
hier_clust,3,61,complete,False,3402,7520,0.4523936170212766,0.9331034482758621,0.0,0.24298540965207632,0.4226579520697168,0.19801980198019803,0.0,0.058823529411764705,0.13432835820895522,0.7017291066282421
hier_clust,3,57,complete,False,3399,7520,0.4519946808510638,0.9331034482758621,0.0,0.2362514029180696,0.42919389978213507,0.19801980198019803,0.0,0.058823529411764705,0.13432835820895522,0.7017291066282421
hier_clust,4,9,ward,False,3399,7520,0.4519946808510638,0.9606896551724138,0.0,0.32491582491582494,0.3710965867828613,0.0,0.0,0.0,0.3805970149253731,0.6231988472622478
hier_clust,4,52,complete,False,3396,7520,0.45159574468085106,0.9427586206896552,0.0,0.12457912457912458,0.5962236746550472,0.19801980198019803,0.16666666666666666,0.0,0.15671641791044777,0.6649855907780979
hier_clust,3,85,average,False,3391,7520,0.4509308510638298,0.9772413793103448,0.0,0.250280583613917,0.4793028322440087,0.15346534653465346,0.25,0.058823529411764705,0.43283582089552236,0.5576368876080692
hier_clust,4,8,ward,False,3390,7520,0.4507978723404255,0.9606896551724138,0.0,0.32491582491582494,0.3710965867828613,0.0,0.0,0.0,0.0,0.6534582132564841
hier_clust,3,78,average,False,3390,7520,0.4507978723404255,0.9772413793103448,0.0,0.250280583613917,0.4793028322440087,0.1485148514851485,0.25,0.058823529411764705,0.43283582089552236,0.5576368876080692
hier_clust,False,100,ward,True,3389,7520,0.4506648936170213,0.9455172413793104,0.0008764241893076249,0.19023569023569023,0.485838779956427,0.2722772277227723,0.25,0.0,0.029850746268656716,0.6822766570605188
hier_clust,3,72,average,False,3385,7520,0.45013297872340424,0.9772413793103448,0.0,0.24803591470258138,0.4793028322440087,0.1485148514851485,0.16666666666666666,0.058823529411764705,0.43283582089552236,0.5576368876080692
hier_clust,False,12,ward,False,3382,7520,0.4497340425531915,0.6096551724137931,0.7204206836108676,0.2676767676767677,0.3899782135076253,0.0,0.0,0.0,0.0,0.4769452449567723
hier_clust,20,20,ward,True,3382,7520,0.4497340425531915,0.9462068965517242,0.0,0.001122334455667789,0.6717501815541032,0.3316831683168317,0.08333333333333333,0.0,0.022388059701492536,0.729106628242075
hier_clust,False,11,ward,False,3382,7520,0.4497340425531915,0.6096551724137931,0.7204206836108676,0.2676767676767677,0.3899782135076253,0.0,0.0,0.0,0.0,0.4769452449567723
hier_clust,False,13,ward,False,3382,7520,0.4497340425531915,0.6096551724137931,0.7204206836108676,0.2676767676767677,0.3899782135076253,0.0,0.0,0.0,0.0,0.4769452449567723
hier_clust,20,18,ward,True,3379,7520,0.44933510638297874,0.9462068965517242,0.0,0.001122334455667789,0.6717501815541032,0.3316831683168317,0.08333333333333333,0.0,0.0,0.729106628242075
hier_clust,False,92,ward,True,3378,7520,0.44920212765957446,0.9455172413793104,0.0008764241893076249,0.17901234567901234,0.49455337690631807,0.2623762376237624,0.25,0.0,0.029850746268656716,0.6815561959654178
hier_clust,10,12,ward,False,3377,7520,0.4490691489361702,0.96,0.0,0.356341189674523,0.4357298474945534,0.13861386138613863,0.0,0.0,0.0,0.5201729106628242
hier_clust,3,100,median,False,3377,7520,0.4490691489361702,0.9724137931034482,0.0,0.3176206509539843,0.39869281045751637,0.10891089108910891,0.16666666666666666,0.058823529411764705,0.4253731343283582,0.5540345821325648
hier_clust,10,100,complete,False,3376,7520,0.44893617021276594,0.8910344827586207,0.0,0.2053872053872054,0.4734931009440813,0.25742574257425743,0.0,0.058823529411764705,0.23134328358208955,0.7067723342939481
hier_clust,3,92,median,False,3376,7520,0.44893617021276594,0.9724137931034482,0.0,0.29180695847362514,0.43137254901960786,0.10891089108910891,0.16666666666666666,0.058823529411764705,0.4253731343283582,0.5540345821325648
hier_clust,10,92,complete,False,3371,7520,0.44827127659574467,0.8903448275862069,0.0,0.20875420875420875,0.46550472040668117,0.2623762376237624,0.0,0.058823529411764705,0.23134328358208955,0.7067723342939481
hier_clust,False,85,ward,True,3371,7520,0.44827127659574467,0.9455172413793104,0.0008764241893076249,0.18181818181818182,0.4865649963689179,0.25742574257425743,0.25,0.0,0.029850746268656716,0.6815561959654178
hier_clust,3,35,ward,True,3370,7520,0.44813829787234044,0.9475862068965517,0.0,0.1734006734006734,0.4989106753812636,0.31683168316831684,0.08333333333333333,0.0,0.022388059701492536,0.6714697406340058
hier_clust,3,85,median,False,3369,7520,0.44800531914893615,0.9724137931034482,0.0,0.34118967452300786,0.3638344226579521,0.09900990099009901,0.16666666666666666,0.058823529411764705,0.21641791044776118,0.5742074927953891
hier_clust,False,78,ward,True,3369,7520,0.44800531914893615,0.9455172413793104,0.0008764241893076249,0.18125701459034793,0.4865649963689179,0.25742574257425743,0.16666666666666666,0.0,0.029850746268656716,0.6815561959654178
hier_clust,3,78,median,False,3369,7520,0.44800531914893615,0.9724137931034482,0.0,0.3383838383838384,0.3674655047204067,0.09900990099009901,0.16666666666666666,0.058823529411764705,0.21641791044776118,0.5742074927953891
hier_clust,False,10,ward,False,3369,7520,0.44800531914893615,0.6096551724137931,0.7204206836108676,0.15095398428731763,0.5315904139433552,0.0,0.0,0.0,0.0,0.4769452449567723
hier_clust,5,13,ward,False,3368,7520,0.4478723404255319,0.9689655172413794,0.0,0.1127946127946128,0.6550472040668119,0.0,0.0,0.0,0.0,0.6195965417867435
hier_clust,5,14,ward,False,3368,7520,0.4478723404255319,0.9689655172413794,0.0,0.1127946127946128,0.6550472040668119,0.0,0.0,0.0,0.0,0.6195965417867435
hier_clust,False,72,ward,True,3365,7520,0.4474734042553192,0.9455172413793104,0.0008764241893076249,0.18125701459034793,0.477124183006536,0.30198019801980197,0.16666666666666666,0.0,0.029850746268656716,0.6815561959654178
hier_clust,20,3,ward,False,3362,7520,0.44707446808510637,0.9206896551724137,0.0,0.0,0.7886710239651417,0.0,0.0,0.0,0.0,0.6779538904899135
hier_clust,20,4,ward,False,3362,7520,0.44707446808510637,0.9206896551724137,0.0,0.0,0.7886710239651417,0.0,0.0,0.0,0.0,0.6779538904899135
hier_clust,20,5,ward,False,3362,7520,0.44707446808510637,0.9206896551724137,0.0,0.0,0.7886710239651417,0.0,0.0,0.0,0.0,0.6779538904899135
hier_clust,20,6,ward,False,3362,7520,0.44707446808510637,0.9206896551724137,0.0,0.0,0.7886710239651417,0.0,0.0,0.0,0.0,0.6779538904899135
hier_clust,10,85,complete,False,3361,7520,0.44694148936170214,0.8903448275862069,0.0,0.20426487093153758,0.46405228758169936,0.2623762376237624,0.0,0.058823529411764705,0.23134328358208955,0.7067723342939481
hier_clust,False,67,ward,True,3360,7520,0.44680851063829785,0.9455172413793104,0.0008764241893076249,0.17957351290684623,0.477124183006536,0.29207920792079206,0.16666666666666666,0.0,0.029850746268656716,0.6815561959654178
hier_clust,3,48,weighted,False,3357,7520,0.4464095744680851,0.9675862068965517,0.0,0.23961840628507294,0.4851125635439361,0.09900990099009901,0.0,0.058823529411764705,0.1044776119402985,0.5929394812680115
hier_clust,10,11,ward,False,3357,7520,0.4464095744680851,0.96,0.0,0.4051627384960718,0.35802469135802467,0.13861386138613863,0.0,0.0,0.0,0.5201729106628242
hier_clust,3,72,median,False,3357,7520,0.4464095744680851,0.9724137931034482,0.0,0.3254769921436588,0.36891793754538854,0.09405940594059406,0.16666666666666666,0.058823529411764705,0.21641791044776118,0.5814121037463977
hier_clust,3,32,ward,True,3357,7520,0.4464095744680851,0.9475862068965517,0.0,0.12906846240179573,0.5468409586056645,0.31683168316831684,0.08333333333333333,0.0,0.022388059701492536,0.6714697406340058
hier_clust,10,45,ward,True,3357,7520,0.4464095744680851,0.9806896551724138,0.0,0.08698092031425365,0.6361655773420479,0.30198019801980197,0.25,0.0,0.05223880597014925,0.6001440922190202
hier_clust,10,48,ward,True,3357,7520,0.4464095744680851,0.9806896551724138,0.0,0.08698092031425365,0.6361655773420479,0.30198019801980197,0.25,0.0,0.05223880597014925,0.6001440922190202
hier_clust,3,67,median,False,3355,7520,0.4461436170212766,0.9724137931034482,0.0,0.3254769921436588,0.3674655047204067,0.09405940594059406,0.16666666666666666,0.058823529411764705,0.21641791044776118,0.5814121037463977
hier_clust,3,45,weighted,False,3354,7520,0.44601063829787235,0.9675862068965517,0.0,0.23961840628507294,0.48366013071895425,0.09405940594059406,0.0,0.058823529411764705,0.1044776119402985,0.5929394812680115
hier_clust,3,30,ward,True,3354,7520,0.44601063829787235,0.9475862068965517,0.0,0.12906846240179573,0.5504720406681191,0.31683168316831684,0.0,0.0,0.022388059701492536,0.6664265129682997
hier_clust,3,41,weighted,False,3354,7520,0.44601063829787235,0.9675862068965517,0.0,0.23849607182940516,0.4851125635439361,0.09405940594059406,0.0,0.058823529411764705,0.1044776119402985,0.5929394812680115
hier_clust,3,25,ward,True,3353,7520,0.44587765957446807,0.9475862068965517,0.0,0.12794612794612795,0.5548293391430646,0.29207920792079206,0.0,0.0,0.022388059701492536,0.6664265129682997
hier_clust,3,27,ward,True,3353,7520,0.44587765957446807,0.9475862068965517,0.0,0.12794612794612795,0.5548293391430646,0.29207920792079206,0.0,0.0,0.022388059701492536,0.6664265129682997
hier_clust,3,61,median,False,3352,7520,0.44574468085106383,0.9724137931034482,0.0,0.3170594837261504,0.3732752360203341,0.11386138613861387,0.16666666666666666,0.058823529411764705,0.21641791044776118,0.5814121037463977
hier_clust,False,61,ward,True,3350,7520,0.4454787234042553,0.9455172413793104,0.0008764241893076249,0.08698092031425365,0.5860566448801743,0.31683168316831684,0.16666666666666666,0.0,0.029850746268656716,0.6815561959654178
hier_clust,3,38,weighted,False,3350,7520,0.4454787234042553,0.9675862068965517,0.0,0.23849607182940516,0.4851125635439361,0.08415841584158416,0.0,0.0,0.1044776119402985,0.5929394812680115
hier_clust,3,57,median,False,3350,7520,0.4454787234042553,0.9724137931034482,0.0,0.31930415263748596,0.3732752360203341,0.11386138613861387,0.16666666666666666,0.058823529411764705,0.17164179104477612,0.5814121037463977
hier_clust,10,78,complete,False,3349,7520,0.4453457446808511,0.8903448275862069,0.0,0.20763187429854096,0.4495279593318809,0.2722772277227723,0.0,0.058823529411764705,0.23134328358208955,0.7067723342939481
hier_clust,3,52,median,False,3347,7520,0.44507978723404257,0.9724137931034482,0.0,0.31874298540965207,0.3747276688453159,0.0891089108910891,0.16666666666666666,0.058823529411764705,0.1791044776119403,0.5814121037463977
hier_clust,10,7,ward,False,3346,7520,0.4449468085106383,0.96,0.0,0.4051627384960718,0.37037037037037035,0.0,0.0,0.0,0.0,0.5201729106628242
hier_clust,10,8,ward,False,3346,7520,0.4449468085106383,0.96,0.0,0.4051627384960718,0.37037037037037035,0.0,0.0,0.0,0.0,0.5201729106628242
hier_clust,10,9,ward,False,3346,7520,0.4449468085106383,0.96,0.0,0.4051627384960718,0.37037037037037035,0.0,0.0,0.0,0.0,0.5201729106628242
hier_clust,10,10,ward,False,3346,7520,0.4449468085106383,0.96,0.0,0.4051627384960718,0.37037037037037035,0.0,0.0,0.0,0.0,0.5201729106628242
hier_clust,2,61,centroid,False,3346,7520,0.4449468085106383,0.9710344827586207,0.0,0.08249158249158249,0.6390704429920117,0.04950495049504951,0.0,0.058823529411764705,0.373134328358209,0.611671469740634
hier_clust,2,57,centroid,False,3344,7520,0.44468085106382976,0.9710344827586207,0.0,0.08249158249158249,0.6390704429920117,0.04950495049504951,0.0,0.0,0.373134328358209,0.611671469740634
hier_clust,False,57,ward,True,3343,7520,0.44454787234042553,0.9455172413793104,0.0008764241893076249,0.08641975308641975,0.5867828612926652,0.2871287128712871,0.16666666666666666,0.0,0.022388059701492536,0.6815561959654178
hier_clust,2,52,centroid,False,3343,7520,0.44454787234042553,0.9710344827586207,0.0,0.0813692480359147,0.6390704429920117,0.04950495049504951,0.0,0.0,0.3805970149253731,0.611671469740634
hier_clust,2,35,ward,True,3341,7520,0.444281914893617,0.9544827586206897,0.0,0.3176206509539843,0.5555555555555556,0.3217821782178218,0.0,0.0,0.022388059701492536,0.4020172910662824
hier_clust,2,32,ward,True,3340,7520,0.4441489361702128,0.9544827586206897,0.0,0.3170594837261504,0.5555555555555556,0.3217821782178218,0.0,0.0,0.022388059701492536,0.4020172910662824
hier_clust,False,52,ward,True,3340,7520,0.4441489361702128,0.9455172413793104,0.0008764241893076249,0.08641975308641975,0.588961510530138,0.2623762376237624,0.08333333333333333,0.0,0.022388059701492536,0.6815561959654178
hier_clust,2,30,ward,True,3340,7520,0.4441489361702128,0.9544827586206897,0.0,0.3170594837261504,0.5555555555555556,0.3217821782178218,0.0,0.0,0.022388059701492536,0.4020172910662824
hier_clust,False,48,ward,True,3338,7520,0.44388297872340426,0.9455172413793104,0.0008764241893076249,0.08641975308641975,0.5904139433551199,0.24752475247524752,0.08333333333333333,0.0,0.014925373134328358,0.6815561959654178
hier_clust,False,45,ward,True,3337,7520,0.44375,0.9455172413793104,0.0,0.08641975308641975,0.5904139433551199,0.24752475247524752,0.08333333333333333,0.0,0.014925373134328358,0.6815561959654178
hier_clust,2,25,complete,False,3335,7520,0.4434840425531915,0.9503448275862069,0.0,0.014590347923681257,0.6935366739288308,0.0,0.0,0.0,0.1044776119402985,0.6930835734870316
hier_clust,False,41,ward,True,3335,7520,0.4434840425531915,0.9455172413793104,0.0,0.08585858585858586,0.5969498910675382,0.19801980198019803,0.08333333333333333,0.0,0.014925373134328358,0.6815561959654178
hier_clust,2,23,complete,False,3335,7520,0.4434840425531915,0.9503448275862069,0.0,0.014590347923681257,0.6935366739288308,0.0,0.0,0.0,0.1044776119402985,0.6930835734870316
hier_clust,2,21,complete,False,3335,7520,0.4434840425531915,0.9503448275862069,0.0,0.013468013468013467,0.6949891067538126,0.0,0.0,0.0,0.1044776119402985,0.6930835734870316
hier_clust,2,48,centroid,False,3335,7520,0.4434840425531915,0.9710344827586207,0.0,0.057800224466891134,0.6390704429920117,0.04950495049504951,0.0,0.0,0.3805970149253731,0.6361671469740634
hier_clust,2,27,complete,False,3335,7520,0.4434840425531915,0.9503448275862069,0.0,0.014590347923681257,0.6935366739288308,0.0,0.0,0.0,0.1044776119402985,0.6930835734870316
hier_clust,2,17,complete,False,3334,7520,0.44335106382978723,0.9503448275862069,0.0,0.012906846240179574,0.6949891067538126,0.0,0.0,0.0,0.1044776119402985,0.6930835734870316
hier_clust,4,100,average,False,3334,7520,0.44335106382978723,0.9772413793103448,0.0,0.25308641975308643,0.3914306463326071,0.21287128712871287,0.3333333333333333,0.058823529411764705,0.1865671641791045,0.6145533141210374
hier_clust,2,20,complete,False,3334,7520,0.44335106382978723,0.9503448275862069,0.0,0.012906846240179574,0.6949891067538126,0.0,0.0,0.0,0.1044776119402985,0.6930835734870316
hier_clust,2,18,complete,False,3334,7520,0.44335106382978723,0.9503448275862069,0.0,0.012906846240179574,0.6949891067538126,0.0,0.0,0.0,0.1044776119402985,0.6930835734870316
hier_clust,2,45,centroid,False,3333,7520,0.443218085106383,0.9710344827586207,0.0,0.058361391694725026,0.6390704429920117,0.039603960396039604,0.0,0.0,0.373134328358209,0.6361671469740634
hier_clust,3,100,centroid,False,3333,7520,0.443218085106383,0.9365517241379311,0.0,0.08810325476992144,0.5722585330428468,0.15841584158415842,0.16666666666666666,0.058823529411764705,0.21641791044776118,0.6952449567723343
hier_clust,10,72,complete,False,3333,7520,0.443218085106383,0.8903448275862069,0.0,0.20763187429854096,0.44517066085693535,0.22277227722772278,0.0,0.058823529411764705,0.23134328358208955,0.7067723342939481
hier_clust,3,45,median,False,3332,7520,0.4430851063829787,0.9724137931034482,0.0,0.3047138047138047,0.38271604938271603,0.09405940594059406,0.0,0.058823529411764705,0.1791044776119403,0.5814121037463977
hier_clust,3,48,median,False,3332,7520,0.4430851063829787,0.9724137931034482,0.0,0.3047138047138047,0.38344226579520696,0.0891089108910891,0.0,0.058823529411764705,0.1791044776119403,0.5814121037463977
hier_clust,4,92,average,False,3331,7520,0.4429521276595745,0.976551724137931,0.0,0.25252525252525254,0.3936092955700799,0.19306930693069307,0.3333333333333333,0.058823529411764705,0.1865671641791045,0.6145533141210374
hier_clust,2,5,ward,False,3331,7520,0.4429521276595745,0.94,0.0,0.39337822671156003,0.2636165577342048,0.0,0.0,0.0,0.0,0.6512968299711815
hier_clust,3,41,median,False,3331,7520,0.4429521276595745,0.9724137931034482,0.0,0.3047138047138047,0.38271604938271603,0.0891089108910891,0.0,0.058823529411764705,0.1791044776119403,0.5814121037463977
hier_clust,3,38,median,False,3329,7520,0.44268617021276596,0.9724137931034482,0.0,0.3041526374859708,0.38271604938271603,0.08415841584158416,0.0,0.058823529411764705,0.1791044776119403,0.5814121037463977
hier_clust,10,41,ward,True,3328,7520,0.4425531914893617,0.9806896551724138,0.0,0.03984287317620651,0.6456063907044299,0.3069306930693069,0.25,0.0,0.05223880597014925,0.6296829971181557
hier_clust,3,35,median,False,3327,7520,0.44242021276595744,0.9724137931034482,0.0,0.3041526374859708,0.38271604938271603,0.08415841584158416,0.0,0.0,0.1791044776119403,0.5814121037463977
hier_clust,10,38,ward,True,3326,7520,0.4422872340425532,0.9806896551724138,0.0,0.03984287317620651,0.6441539578794481,0.3069306930693069,0.25,0.0,0.05223880597014925,0.6296829971181557
hier_clust,False,38,ward,True,3325,7520,0.4421542553191489,0.9455172413793104,0.0,0.08585858585858586,0.5846042120551924,0.23267326732673269,0.08333333333333333,0.0,0.014925373134328358,0.6815561959654178
hier_clust,10,67,complete,False,3325,7520,0.4421542553191489,0.8903448275862069,0.0,0.18237934904601572,0.4734931009440813,0.22277227722772278,0.0,0.0,0.23134328358208955,0.7067723342939481
hier_clust,False,35,ward,True,3325,7520,0.4421542553191489,0.9455172413793104,0.0,0.08529741863075196,0.5816993464052288,0.2524752475247525,0.08333333333333333,0.0,0.022388059701492536,0.6815561959654178
hier_clust,False,32,ward,True,3324,7520,0.4420212765957447,0.9455172413793104,0.0,0.08473625140291807,0.5816993464052288,0.2524752475247525,0.08333333333333333,0.0,0.022388059701492536,0.6815561959654178
hier_clust,2,27,ward,True,3318,7520,0.44122340425531914,0.9544827586206897,0.0,0.37317620650953987,0.4647785039941903,0.33663366336633666,0.0,0.0,0.022388059701492536,0.4020172910662824
hier_clust,False,9,ward,False,3318,7520,0.44122340425531914,0.6096551724137931,0.7204206836108676,0.06397306397306397,0.5315904139433552,0.0,0.0,0.0,0.0,0.5518731988472623
hier_clust,10,35,ward,True,3317,7520,0.4410904255319149,0.9806896551724138,0.0,0.01122334455667789,0.6797385620915033,0.29207920792079206,0.25,0.0,0.022388059701492536,0.6296829971181557
hier_clust,5,12,ward,False,3316,7520,0.4409574468085106,0.9689655172413794,0.0,0.052749719416386086,0.6550472040668119,0.0,0.0,0.0,0.0,0.659221902017291
hier_clust,10,32,ward,True,3316,7520,0.4409574468085106,0.9806896551724138,0.0,0.01122334455667789,0.6797385620915033,0.29207920792079206,0.25,0.0,0.014925373134328358,0.6296829971181557
hier_clust,10,30,ward,True,3316,7520,0.4409574468085106,0.9806896551724138,0.0,0.01122334455667789,0.6797385620915033,0.29207920792079206,0.25,0.0,0.014925373134328358,0.6296829971181557
hier_clust,10,27,ward,True,3313,7520,0.4405585106382979,0.9806896551724138,0.0,0.01122334455667789,0.6797385620915033,0.297029702970297,0.08333333333333333,0.0,0.0,0.6296829971181557
hier_clust,5,100,weighted,False,3311,7520,0.44029255319148936,0.96,0.0,0.25813692480359146,0.46768336964415397,0.19306930693069307,0.3333333333333333,0.0,0.27611940298507465,0.5295389048991355
hier_clust,10,25,ward,True,3310,7520,0.4401595744680851,0.9806896551724138,0.0,0.0028058361391694723,0.6884531590413944,0.297029702970297,0.08333333333333333,0.0,0.0,0.6296829971181557
hier_clust,10,21,ward,True,3309,7520,0.44002659574468084,0.9806896551724138,0.0,0.0005611672278338945,0.690631808278867,0.297029702970297,0.08333333333333333,0.0,0.0,0.6296829971181557
hier_clust,10,23,ward,True,3309,7520,0.44002659574468084,0.9806896551724138,0.0,0.002244668911335578,0.6884531590413944,0.297029702970297,0.08333333333333333,0.0,0.0,0.6296829971181557
hier_clust,3,52,complete,False,3308,7520,0.4398936170212766,0.9386206896551724,0.0,0.18742985409652077,0.42919389978213507,0.19801980198019803,0.0,0.058823529411764705,0.13432835820895522,0.6930835734870316
hier_clust,3,48,complete,False,3301,7520,0.4389627659574468,0.9386206896551724,0.0,0.1307519640852974,0.4989106753812636,0.19801980198019803,0.0,0.0,0.13432835820895522,0.6930835734870316
hier_clust,5,10,ward,False,3298,7520,0.438563829787234,0.9689655172413794,0.0,0.0,0.710239651416122,0.0,0.0,0.0,0.0,0.659221902017291
hier_clust,5,9,ward,False,3298,7520,0.438563829787234,0.9689655172413794,0.0,0.0,0.710239651416122,0.0,0.0,0.0,0.0,0.659221902017291
hier_clust,5,11,ward,False,3298,7520,0.438563829787234,0.9689655172413794,0.0,0.0,0.710239651416122,0.0,0.0,0.0,0.0,0.659221902017291
hier_clust,3,32,median,False,3298,7520,0.438563829787234,0.9724137931034482,0.0,0.32042648709315374,0.3405954974582426,0.08415841584158416,0.0,0.0,0.1791044776119403,0.5814121037463977
hier_clust,2,32,weighted,False,3295,7520,0.43816489361702127,0.8958620689655172,0.0,0.2037037037037037,0.6252723311546841,0.01485148514851485,0.0,0.0,0.11194029850746269,0.5432276657060519
hier_clust,2,30,weighted,False,3295,7520,0.43816489361702127,0.8958620689655172,0.0,0.2037037037037037,0.6252723311546841,0.01485148514851485,0.0,0.0,0.11194029850746269,0.5432276657060519
hier_clust,3,45,complete,False,3294,7520,0.43803191489361704,0.9386206896551724,0.0,0.14534231200897868,0.4749455337690632,0.19801980198019803,0.0,0.0,0.13432835820895522,0.6930835734870316
hier_clust,3,30,median,False,3294,7520,0.43803191489361704,0.9724137931034482,0.0,0.32042648709315374,0.33769063180827885,0.08415841584158416,0.0,0.0,0.1791044776119403,0.5814121037463977
hier_clust,3,27,median,False,3293,7520,0.43789893617021275,0.9724137931034482,0.0,0.32042648709315374,0.33769063180827885,0.07920792079207921,0.0,0.0,0.1791044776119403,0.5814121037463977
hier_clust,3,25,median,False,3292,7520,0.4377659574468085,0.9724137931034482,0.0,0.32042648709315374,0.3420479302832244,0.04455445544554455,0.0,0.0,0.1791044776119403,0.5814121037463977
hier_clust,5,100,complete,False,3291,7520,0.43763297872340423,0.8937931034482759,0.0,0.36195286195286197,0.49673202614379086,0.18316831683168316,0.0,0.058823529411764705,0.208955223880597,0.4315561959654179
hier_clust,3,41,complete,False,3287,7520,0.43710106382978725,0.9386206896551724,0.0,0.13860830527497195,0.4756717501815541,0.18811881188118812,0.0,0.0,0.13432835820895522,0.6974063400576369
hier_clust,3,38,complete,False,3286,7520,0.43696808510638296,0.9386206896551724,0.0,0.13860830527497195,0.48148148148148145,0.14356435643564355,0.0,0.0,0.13432835820895522,0.6974063400576369
hier_clust,3,35,complete,False,3286,7520,0.43696808510638296,0.9386206896551724,0.0,0.13860830527497195,0.48148148148148145,0.14356435643564355,0.0,0.0,0.13432835820895522,0.6974063400576369
hier_clust,3,32,complete,False,3286,7520,0.43696808510638296,0.9386206896551724,0.0,0.13860830527497195,0.48148148148148145,0.14356435643564355,0.0,0.0,0.13432835820895522,0.6974063400576369
hier_clust,5,92,complete,False,3285,7520,0.43683510638297873,0.8937931034482759,0.0,0.37093153759820424,0.4822076978939724,0.18316831683168316,0.0,0.0,0.208955223880597,0.4315561959654179
hier_clust,5,7,ward,False,3281,7520,0.4363031914893617,0.9689655172413794,0.0,0.0,0.6920842411038489,0.0,0.0,0.0,0.0,0.6649855907780979
hier_clust,5,8,ward,False,3281,7520,0.4363031914893617,0.9689655172413794,0.0,0.0,0.6920842411038489,0.0,0.0,0.0,0.0,0.6649855907780979
hier_clust,5,85,complete,False,3280,7520,0.43617021276595747,0.8937931034482759,0.0,0.37093153759820424,0.4807552650689906,0.18811881188118812,0.0,0.0,0.1791044776119403,0.4315561959654179
hier_clust,5,78,complete,False,3279,7520,0.4360372340425532,0.8937931034482759,0.0,0.3686868686868687,0.4829339143064633,0.18811881188118812,0.0,0.0,0.1791044776119403,0.4315561959654179
hier_clust,2,38,centroid,False,3278,7520,0.43590425531914895,0.9710344827586207,0.0,0.008417508417508417,0.6390704429920117,0.039603960396039604,0.0,0.0,0.373134328358209,0.6606628242074928
hier_clust,2,35,centroid,False,3278,7520,0.43590425531914895,0.9710344827586207,0.0,0.008417508417508417,0.6390704429920117,0.039603960396039604,0.0,0.0,0.373134328358209,0.6606628242074928
hier_clust,2,41,centroid,False,3278,7520,0.43590425531914895,0.9710344827586207,0.0,0.008417508417508417,0.6390704429920117,0.039603960396039604,0.0,0.0,0.373134328358209,0.6606628242074928
hier_clust,5,38,ward,True,3278,7520,0.43590425531914895,0.983448275862069,0.0,0.03984287317620651,0.6463326071169209,0.3316831683168317,0.08333333333333333,0.0,0.014925373134328358,0.5914985590778098
hier_clust,2,32,centroid,False,3277,7520,0.43577127659574466,0.9710344827586207,0.0,0.008417508417508417,0.6390704429920117,0.04950495049504951,0.0,0.0,0.35074626865671643,0.6606628242074928
hier_clust,5,35,ward,True,3277,7520,0.43577127659574466,0.983448275862069,0.0,0.03984287317620651,0.6463326071169209,0.3316831683168317,0.0,0.0,0.014925373134328358,0.5914985590778098
hier_clust,2,27,centroid,False,3277,7520,0.43577127659574466,0.9710344827586207,0.0,0.008417508417508417,0.6390704429920117,0.04950495049504951,0.0,0.0,0.35074626865671643,0.6606628242074928
hier_clust,2,30,centroid,False,3277,7520,0.43577127659574466,0.9710344827586207,0.0,0.008417508417508417,0.6390704429920117,0.04950495049504951,0.0,0.0,0.35074626865671643,0.6606628242074928
hier_clust,3,92,centroid,False,3277,7520,0.43577127659574466,0.9868965517241379,0.0,0.09708193041526375,0.5628177196804648,0.12376237623762376,0.16666666666666666,0.058823529411764705,0.21641791044776118,0.6051873198847262
hier_clust,2,25,centroid,False,3276,7520,0.43563829787234043,0.9710344827586207,0.0,0.016835016835016835,0.6390704429920117,0.04950495049504951,0.0,0.0,0.3656716417910448,0.6476945244956772
hier_clust,5,72,complete,False,3275,7520,0.43550531914893614,0.8937931034482759,0.0,0.3664421997755331,0.4829339143064633,0.18811881188118812,0.0,0.0,0.1791044776119403,0.4315561959654179
hier_clust,2,21,centroid,False,3275,7520,0.43550531914893614,0.9710344827586207,0.0,0.016835016835016835,0.6390704429920117,0.04455445544554455,0.0,0.0,0.3656716417910448,0.6476945244956772
hier_clust,2,23,centroid,False,3275,7520,0.43550531914893614,0.9710344827586207,0.0,0.016835016835016835,0.6390704429920117,0.04455445544554455,0.0,0.0,0.3656716417910448,0.6476945244956772
hier_clust,2,20,centroid,False,3274,7520,0.4353723404255319,0.9710344827586207,0.0,0.016835016835016835,0.6390704429920117,0.039603960396039604,0.0,0.0,0.3656716417910448,0.6476945244956772
hier_clust,5,32,ward,True,3274,7520,0.4353723404255319,0.983448275862069,0.0,0.03479236812570146,0.6506899055918663,0.3316831683168317,0.0,0.0,0.014925373134328358,0.5914985590778098
hier_clust,2,18,centroid,False,3274,7520,0.4353723404255319,0.9710344827586207,0.0,0.015712682379349047,0.6405228758169934,0.039603960396039604,0.0,0.0,0.3656716417910448,0.6476945244956772
hier_clust,2,17,centroid,False,3273,7520,0.4352393617021277,0.9710344827586207,0.0,0.015712682379349047,0.644880174291939,0.0049504950495049506,0.0,0.0,0.3656716417910448,0.6476945244956772
hier_clust,4,100,centroid,False,3272,7520,0.4351063829787234,0.983448275862069,0.0,0.08698092031425365,0.5947712418300654,0.19306930693069307,0.25,0.058823529411764705,0.20149253731343283,0.5770893371757925
hier_clust,10,61,complete,False,3268,7520,0.43457446808510636,0.8917241379310344,0.0,0.18237934904601572,0.4371822803195352,0.2079207920792079,0.0,0.0,0.1865671641791045,0.7067723342939481
hier_clust,2,13,centroid,False,3267,7520,0.4344414893617021,0.9710344827586207,0.0,0.0,0.6557734204793029,0.0,0.0,0.0,0.4253731343283582,0.6476945244956772
hier_clust,2,15,centroid,False,3267,7520,0.4344414893617021,0.9710344827586207,0.0,0.0,0.6615831517792302,0.0,0.0,0.0,0.3656716417910448,0.6476945244956772
hier_clust,2,14,centroid,False,3267,7520,0.4344414893617021,0.9710344827586207,0.0,0.0,0.6557734204793029,0.0,0.0,0.0,0.4253731343283582,0.6476945244956772
hier_clust,5,30,ward,True,3267,7520,0.4344414893617021,0.983448275862069,0.0,0.03479236812570146,0.6405228758169934,0.36633663366336633,0.0,0.0,0.014925373134328358,0.5914985590778098
hier_clust,10,57,complete,False,3266,7520,0.4343085106382979,0.8917241379310344,0.0,0.18237934904601572,0.43790849673202614,0.2079207920792079,0.0,0.0,0.16417910447761194,0.7067723342939481
hier_clust,10,17,ward,True,3265,7520,0.4341755319148936,0.9806896551724138,0.0,0.0005611672278338945,0.654320987654321,0.297029702970297,0.08333333333333333,0.0,0.0,0.6340057636887608
hier_clust,10,20,ward,True,3265,7520,0.4341755319148936,0.9806896551724138,0.0,0.0005611672278338945,0.654320987654321,0.297029702970297,0.08333333333333333,0.0,0.0,0.6340057636887608
hier_clust,3,85,centroid,False,3265,7520,0.4341755319148936,0.9862068965517241,0.0,0.09708193041526375,0.5541031227305737,0.12376237623762376,0.16666666666666666,0.058823529411764705,0.16417910447761194,0.6109510086455331
hier_clust,10,18,ward,True,3265,7520,0.4341755319148936,0.9806896551724138,0.0,0.0005611672278338945,0.654320987654321,0.297029702970297,0.08333333333333333,0.0,0.0,0.6340057636887608
hier_clust,3,78,centroid,False,3264,7520,0.4340425531914894,0.9862068965517241,0.0,0.09708193041526375,0.5533769063180828,0.12376237623762376,0.16666666666666666,0.058823529411764705,0.16417910447761194,0.6109510086455331
hier_clust,3,72,centroid,False,3262,7520,0.43377659574468086,0.9862068965517241,0.0,0.09708193041526375,0.5519244734931009,0.12376237623762376,0.16666666666666666,0.058823529411764705,0.16417910447761194,0.6109510086455331
hier_clust,3,67,centroid,False,3261,7520,0.4336436170212766,0.9862068965517241,0.0,0.09708193041526375,0.5519244734931009,0.1188118811881188,0.16666666666666666,0.058823529411764705,0.16417910447761194,0.6109510086455331
hier_clust,4,48,complete,False,3257,7520,0.4331117021276596,0.9434482758620689,0.0,0.12457912457912458,0.5010893246187363,0.15346534653465346,0.16666666666666666,0.0,0.15671641791044777,0.6649855907780979
hier_clust,4,45,complete,False,3255,7520,0.4328457446808511,0.9434482758620689,0.0,0.12457912457912458,0.5025417574437182,0.13366336633663367,0.16666666666666666,0.0,0.15671641791044777,0.6649855907780979
hier_clust,3,61,centroid,False,3254,7520,0.4327127659574468,0.9862068965517241,0.0,0.0819304152637486,0.5766158315177923,0.1188118811881188,0.16666666666666666,0.058823529411764705,0.3582089552238806,0.5821325648414986
hier_clust,3,57,centroid,False,3252,7520,0.4324468085106383,0.9862068965517241,0.0,0.0813692480359147,0.5773420479302832,0.1188118811881188,0.16666666666666666,0.058823529411764705,0.34328358208955223,0.5821325648414986
hier_clust,3,23,median,False,3251,7520,0.43231382978723404,0.9724137931034482,0.0,0.27946127946127947,0.3420479302832244,0.04455445544554455,0.0,0.0,0.1791044776119403,0.6044668587896254
hier_clust,3,21,median,False,3250,7520,0.4321808510638298,0.9724137931034482,0.0,0.27946127946127947,0.3427741466957153,0.04455445544554455,0.0,0.0,0.16417910447761194,0.6044668587896254
hier_clust,3,20,median,False,3250,7520,0.4321808510638298,0.9724137931034482,0.0,0.27946127946127947,0.3405954974582426,0.0594059405940594,0.0,0.0,0.16417910447761194,0.6044668587896254
hier_clust,3,52,centroid,False,3248,7520,0.4319148936170213,0.9862068965517241,0.0,0.0813692480359147,0.5809731299927379,0.07425742574257425,0.16666666666666666,0.058823529411764705,0.34328358208955223,0.5821325648414986
hier_clust,4,41,complete,False,3248,7520,0.4319148936170213,0.9434482758620689,0.0,0.12457912457912458,0.5025417574437182,0.13366336633663367,0.16666666666666666,0.0,0.06716417910447761,0.6685878962536023
hier_clust,4,38,complete,False,3248,7520,0.4319148936170213,0.9434482758620689,0.0,0.12065095398428732,0.5076252723311547,0.13366336633663367,0.16666666666666666,0.0,0.06716417910447761,0.6685878962536023
hier_clust,4,35,complete,False,3248,7520,0.4319148936170213,0.9434482758620689,0.0,0.12065095398428732,0.5076252723311547,0.13366336633663367,0.16666666666666666,0.0,0.06716417910447761,0.6685878962536023
hier_clust,4,32,complete,False,3247,7520,0.431781914893617,0.9434482758620689,0.0,0.12065095398428732,0.5090777051561365,0.1188118811881188,0.16666666666666666,0.0,0.06716417910447761,0.6685878962536023
hier_clust,10,52,complete,False,3247,7520,0.431781914893617,0.8917241379310344,0.0,0.17003367003367004,0.42919389978213507,0.2079207920792079,0.0,0.0,0.16417910447761194,0.7175792507204611
hier_clust,3,48,centroid,False,3247,7520,0.431781914893617,0.9862068965517241,0.0,0.07800224466891134,0.5824255628177197,0.07425742574257425,0.16666666666666666,0.058823529411764705,0.3656716417910448,0.5821325648414986
hier_clust,4,30,complete,False,3246,7520,0.43164893617021277,0.9434482758620689,0.0,0.12065095398428732,0.5098039215686274,0.1188118811881188,0.0,0.0,0.06716417910447761,0.6685878962536023
hier_clust,5,27,ward,True,3246,7520,0.43164893617021277,0.983448275862069,0.0,0.0005611672278338945,0.681917211328976,0.28217821782178215,0.0,0.0,0.014925373134328358,0.5914985590778098
hier_clust,3,45,centroid,False,3245,7520,0.4315159574468085,0.9862068965517241,0.0,0.07800224466891134,0.5831517792302106,0.0594059405940594,0.16666666666666666,0.058823529411764705,0.3656716417910448,0.5821325648414986
hier_clust,10,48,complete,False,3244,7520,0.43138297872340425,0.8917241379310344,0.0,0.15600448933782268,0.44517066085693535,0.2079207920792079,0.0,0.0,0.16417910447761194,0.7175792507204611
hier_clust,5,25,ward,True,3243,7520,0.43125,0.983448275862069,0.0,0.0005611672278338945,0.6833696441539578,0.26732673267326734,0.0,0.0,0.0,0.5914985590778098
hier_clust,3,41,centroid,False,3243,7520,0.43125,0.9862068965517241,0.0,0.07800224466891134,0.5824255628177197,0.06435643564356436,0.0,0.058823529411764705,0.3656716417910448,0.5821325648414986
hier_clust,3,38,centroid,False,3241,7520,0.4309840425531915,0.9862068965517241,0.0,0.07744107744107744,0.5802469135802469,0.07425742574257425,0.0,0.058823529411764705,0.3656716417910448,0.5821325648414986
hier_clust,False,30,ward,True,3241,7520,0.4309840425531915,0.9455172413793104,0.0,0.005050505050505051,0.5809731299927379,0.2524752475247525,0.08333333333333333,0.0,0.022388059701492536,0.7247838616714697
hier_clust,5,92,weighted,False,3240,7520,0.4308510638297872,0.9606896551724138,0.0,0.2654320987654321,0.4001452432824982,0.23267326732673269,0.3333333333333333,0.0,0.27611940298507465,0.5295389048991355
hier_clust,10,45,complete,False,3238,7520,0.4305851063829787,0.8917241379310344,0.0,0.12682379349046016,0.4807552650689906,0.19306930693069307,0.0,0.0,0.16417910447761194,0.7175792507204611
hier_clust,10,41,complete,False,3237,7520,0.43045212765957447,0.8917241379310344,0.0,0.12682379349046016,0.48002904865649965,0.19306930693069307,0.0,0.0,0.16417910447761194,0.7175792507204611
hier_clust,4,27,ward,True,3235,7520,0.43018617021276595,0.9703448275862069,0.0,0.003367003367003367,0.5998547567175018,0.2722772277227723,0.0,0.0,0.014925373134328358,0.6765129682997119
hier_clust,4,85,average,False,3234,7520,0.4300531914893617,0.976551724137931,0.0,0.1627384960718294,0.439360929557008,0.19801980198019803,0.3333333333333333,0.058823529411764705,0.1791044776119403,0.6145533141210374
hier_clust,False,27,ward,True,3234,7520,0.4300531914893617,0.9455172413793104,0.0,0.005050505050505051,0.5824255628177197,0.2079207920792079,0.08333333333333333,0.0,0.022388059701492536,0.7247838616714697
hier_clust,5,23,ward,True,3234,7520,0.4300531914893617,0.983448275862069,0.0,0.0005611672278338945,0.6833696441539578,0.22277227722772278,0.0,0.0,0.0,0.5914985590778098
hier_clust,5,21,ward,True,3234,7520,0.4300531914893617,0.983448275862069,0.0,0.0005611672278338945,0.6833696441539578,0.22277227722772278,0.0,0.0,0.0,0.5914985590778098
hier_clust,False,25,ward,True,3233,7520,0.42992021276595743,0.9455172413793104,0.0,0.0016835016835016834,0.5860566448801743,0.2079207920792079,0.08333333333333333,0.0,0.022388059701492536,0.7247838616714697
hier_clust,5,20,ward,True,3233,7520,0.42992021276595743,0.983448275862069,0.0,0.0005611672278338945,0.6848220769789397,0.2079207920792079,0.0,0.0,0.0,0.5914985590778098
hier_clust,5,85,weighted,False,3233,7520,0.42992021276595743,0.9606896551724138,0.0,0.25982042648709314,0.4001452432824982,0.2376237623762376,0.3333333333333333,0.0,0.27611940298507465,0.5309798270893372
hier_clust,5,18,ward,True,3232,7520,0.4297872340425532,0.983448275862069,0.0,0.0,0.6848220769789397,0.2079207920792079,0.0,0.0,0.0,0.5914985590778098
hier_clust,5,17,ward,True,3232,7520,0.4297872340425532,0.983448275862069,0.0,0.0,0.6848220769789397,0.2079207920792079,0.0,0.0,0.0,0.5914985590778098
hier_clust,False,21,ward,True,3232,7520,0.4297872340425532,0.9455172413793104,0.0,0.001122334455667789,0.5860566448801743,0.2079207920792079,0.08333333333333333,0.0,0.022388059701492536,0.7247838616714697
hier_clust,10,38,complete,False,3232,7520,0.4297872340425532,0.8917241379310344,0.0,0.12682379349046016,0.4807552650689906,0.16336633663366337,0.0,0.0,0.16417910447761194,0.7175792507204611
hier_clust,False,23,ward,True,3232,7520,0.4297872340425532,0.9455172413793104,0.0,0.0016835016835016834,0.5853304284676834,0.2079207920792079,0.08333333333333333,0.0,0.022388059701492536,0.7247838616714697
hier_clust,5,15,ward,True,3231,7520,0.4296542553191489,0.983448275862069,0.0,0.0,0.6877269426289034,0.18316831683168316,0.0,0.0,0.0,0.5914985590778098
hier_clust,False,20,ward,True,3230,7520,0.4295212765957447,0.9455172413793104,0.0,0.001122334455667789,0.5860566448801743,0.2079207920792079,0.08333333333333333,0.0,0.007462686567164179,0.7247838616714697
hier_clust,5,100,average,False,3229,7520,0.42938829787234045,0.9896551724137931,0.0,0.10381593714927048,0.5250544662309368,0.22277227722772278,0.3333333333333333,0.029411764705882353,0.1865671641791045,0.5842939481268011
hier_clust,False,17,ward,True,3229,7520,0.42938829787234045,0.9455172413793104,0.0,0.001122334455667789,0.5853304284676834,0.2079207920792079,0.08333333333333333,0.0,0.007462686567164179,0.7247838616714697
hier_clust,False,18,ward,True,3229,7520,0.42938829787234045,0.9455172413793104,0.0,0.001122334455667789,0.5853304284676834,0.2079207920792079,0.08333333333333333,0.0,0.007462686567164179,0.7247838616714697
hier_clust,5,14,ward,True,3229,7520,0.42938829787234045,0.983448275862069,0.0,0.0,0.6899055918663762,0.15841584158415842,0.0,0.0,0.0,0.5914985590778098
hier_clust,5,13,ward,True,3229,7520,0.42938829787234045,0.983448275862069,0.0,0.0,0.6899055918663762,0.15841584158415842,0.0,0.0,0.0,0.5914985590778098
hier_clust,False,15,ward,True,3228,7520,0.42925531914893617,0.9455172413793104,0.0,0.001122334455667789,0.5853304284676834,0.2079207920792079,0.08333333333333333,0.0,0.0,0.7247838616714697
hier_clust,5,12,ward,True,3228,7520,0.42925531914893617,0.983448275862069,0.0,0.0,0.6891793754538853,0.15841584158415842,0.0,0.0,0.0,0.5914985590778098
hier_clust,False,14,ward,True,3227,7520,0.42912234042553193,0.9455172413793104,0.0,0.001122334455667789,0.5853304284676834,0.2079207920792079,0.08333333333333333,0.0,0.0,0.7240634005763689
hier_clust,False,13,ward,True,3226,7520,0.42898936170212765,0.9455172413793104,0.0,0.0005611672278338945,0.5853304284676834,0.2079207920792079,0.08333333333333333,0.0,0.0,0.7240634005763689
hier_clust,5,78,weighted,False,3225,7520,0.4288563829787234,0.9606896551724138,0.0,0.24803591470258138,0.40885984023238925,0.22772277227722773,0.3333333333333333,0.0,0.30597014925373134,0.5302593659942363
hier_clust,4,25,ward,True,3225,7520,0.4288563829787234,0.9703448275862069,0.0,0.003367003367003367,0.6092955700798838,0.15841584158415842,0.0,0.0,0.014925373134328358,0.6765129682997119
hier_clust,10,35,complete,False,3224,7520,0.42872340425531913,0.8917241379310344,0.0,0.1835016835016835,0.40159767610748004,0.16336633663366337,0.0,0.0,0.16417910447761194,0.7175792507204611
hier_clust,4,23,ward,True,3223,7520,0.4285904255319149,0.9703448275862069,0.0,0.003367003367003367,0.6092955700798838,0.15841584158415842,0.0,0.0,0.0,0.6765129682997119
hier_clust,5,72,weighted,False,3222,7520,0.4284574468085106,0.9606896551724138,0.0,0.24354657687991021,0.4117647058823529,0.22772277227722773,0.3333333333333333,0.0,0.31343283582089554,0.5302593659942363
hier_clust,10,32,complete,False,3220,7520,0.42819148936170215,0.8917241379310344,0.0,0.186307519640853,0.3950617283950617,0.16336633663366337,0.0,0.0,0.16417910447761194,0.7175792507204611
hier_clust,5,67,weighted,False,3220,7520,0.42819148936170215,0.9606896551724138,0.0,0.24354657687991021,0.4117647058823529,0.21782178217821782,0.3333333333333333,0.0,0.31343283582089554,0.5302593659942363
hier_clust,4,92,centroid,False,3218,7520,0.42792553191489363,0.9841379310344828,0.0,0.05667789001122334,0.5954974582425563,0.18316831683168316,0.25,0.058823529411764705,0.20149253731343283,0.5770893371757925
hier_clust,3,35,centroid,False,3214,7520,0.4273936170212766,0.9862068965517241,0.0,0.18013468013468015,0.42919389978213507,0.07425742574257425,0.0,0.058823529411764705,0.35074626865671643,0.5821325648414986
hier_clust,3,30,centroid,False,3210,7520,0.42686170212765956,0.9862068965517241,0.0,0.18237934904601572,0.42483660130718953,0.07425742574257425,0.0,0.0,0.35074626865671643,0.5821325648414986
hier_clust,3,27,centroid,False,3210,7520,0.42686170212765956,0.9862068965517241,0.0,0.18125701459034793,0.4262890341321714,0.07425742574257425,0.0,0.0,0.35074626865671643,0.5821325648414986
hier_clust,3,32,centroid,False,3210,7520,0.42686170212765956,0.9862068965517241,0.0,0.18237934904601572,0.42483660130718953,0.07425742574257425,0.0,0.0,0.35074626865671643,0.5821325648414986
hier_clust,3,25,centroid,False,3209,7520,0.42672872340425533,0.9862068965517241,0.0,0.18125701459034793,0.42919389978213507,0.04950495049504951,0.0,0.0,0.35074626865671643,0.5821325648414986
hier_clust,3,23,centroid,False,3209,7520,0.42672872340425533,0.9862068965517241,0.0,0.18125701459034793,0.42919389978213507,0.04950495049504951,0.0,0.0,0.35074626865671643,0.5821325648414986
hier_clust,3,21,centroid,False,3209,7520,0.42672872340425533,0.9862068965517241,0.0,0.18125701459034793,0.4277414669571532,0.0594059405940594,0.0,0.0,0.35074626865671643,0.5821325648414986
hier_clust,5,61,weighted,False,3206,7520,0.4263297872340426,0.9606896551724138,0.0,0.24803591470258138,0.3972403776325345,0.19306930693069307,0.3333333333333333,0.0,0.31343283582089554,0.5324207492795389
hier_clust,4,72,average,False,3201,7520,0.42566489361702126,0.976551724137931,0.0,0.16610549943883277,0.4139433551198257,0.18811881188118812,0.16666666666666666,0.058823529411764705,0.1791044776119403,0.6145533141210374
hier_clust,4,78,average,False,3201,7520,0.42566489361702126,0.976551724137931,0.0,0.16666666666666666,0.4132171387073348,0.18811881188118812,0.16666666666666666,0.058823529411764705,0.1791044776119403,0.6145533141210374
hier_clust,3,8,ward,False,3200,7520,0.425531914893617,0.9855172413793103,0.0,0.09371492704826039,0.5867828612926652,0.0,0.0,0.0,0.0,0.5734870317002881
hier_clust,3,9,ward,False,3200,7520,0.425531914893617,0.9855172413793103,0.0,0.09371492704826039,0.5867828612926652,0.0,0.0,0.0,0.0,0.5734870317002881
hier_clust,3,7,ward,False,3200,7520,0.425531914893617,0.9855172413793103,0.0,0.09371492704826039,0.5867828612926652,0.0,0.0,0.0,0.0,0.5734870317002881
hier_clust,3,67,average,False,3197,7520,0.4251329787234043,0.9862068965517241,0.0,0.13636363636363635,0.4734931009440813,0.1782178217821782,0.16666666666666666,0.058823529411764705,0.43283582089552236,0.5576368876080692
hier_clust,4,67,average,False,3197,7520,0.4251329787234043,0.976551724137931,0.0,0.16610549943883277,0.4117647058823529,0.20297029702970298,0.0,0.058823529411764705,0.16417910447761194,0.6145533141210374
hier_clust,20,100,complete,False,3197,7520,0.4251329787234043,0.9813793103448276,0.0,0.2250280583613917,0.5098039215686274,0.2722772277227723,0.16666666666666666,0.058823529411764705,0.05223880597014925,0.43587896253602304
hier_clust,3,61,average,False,3195,7520,0.42486702127659576,0.9862068965517241,0.0,0.13580246913580246,0.47421931735657225,0.1782178217821782,0.16666666666666666,0.058823529411764705,0.417910447761194,0.5576368876080692
hier_clust,4,61,average,False,3193,7520,0.42460106382978724,0.976551724137931,0.0,0.16610549943883277,0.4117647058823529,0.19801980198019803,0.0,0.0,0.16417910447761194,0.6138328530259366
hier_clust,4,57,average,False,3190,7520,0.4242021276595745,0.976551724137931,0.0,0.16610549943883277,0.4117647058823529,0.18316831683168316,0.0,0.0,0.16417910447761194,0.6138328530259366
hier_clust,5,11,ward,True,3189,7520,0.4240691489361702,0.983448275862069,0.0,0.0,0.6339869281045751,0.15841584158415842,0.0,0.0,0.0,0.6181556195965417
hier_clust,5,10,ward,True,3189,7520,0.4240691489361702,0.983448275862069,0.0,0.0,0.6339869281045751,0.15841584158415842,0.0,0.0,0.0,0.6181556195965417
hier_clust,3,57,average,False,3186,7520,0.42367021276595745,0.9862068965517241,0.0,0.06453423120089787,0.560639070442992,0.17326732673267325,0.16666666666666666,0.058823529411764705,0.417910447761194,0.5576368876080692
hier_clust,3,52,average,False,3184,7520,0.42340425531914894,0.9862068965517241,0.0,0.06453423120089787,0.5613652868554829,0.15841584158415842,0.16666666666666666,0.058823529411764705,0.417910447761194,0.5576368876080692
hier_clust,4,27,complete,False,3179,7520,0.42273936170212767,0.9475862068965517,0.0,0.0813692480359147,0.5127087872185911,0.08415841584158416,0.0,0.0,0.06716417910447761,0.6685878962536023
hier_clust,4,25,complete,False,3179,7520,0.42273936170212767,0.9475862068965517,0.0,0.0813692480359147,0.5127087872185911,0.08415841584158416,0.0,0.0,0.06716417910447761,0.6685878962536023
hier_clust,4,23,complete,False,3179,7520,0.42273936170212767,0.9475862068965517,0.0,0.0813692480359147,0.5127087872185911,0.08415841584158416,0.0,0.0,0.06716417910447761,0.6685878962536023
hier_clust,5,9,ward,True,3178,7520,0.4226063829787234,0.983448275862069,0.0,0.0,0.6485112563543937,0.0049504950495049506,0.0,0.0,0.0,0.6181556195965417
hier_clust,4,21,complete,False,3175,7520,0.42220744680851063,0.9475862068965517,0.0,0.0813692480359147,0.5112563543936093,0.07425742574257425,0.0,0.0,0.06716417910447761,0.6685878962536023
hier_clust,3,48,average,False,3175,7520,0.42220744680851063,0.9862068965517241,0.0,0.07744107744107744,0.5395787944807553,0.15841584158415842,0.0,0.058823529411764705,0.417910447761194,0.5576368876080692
hier_clust,3,30,complete,False,3174,7520,0.4220744680851064,0.9393103448275862,0.0,0.13860830527497195,0.39941902687000724,0.14356435643564355,0.0,0.0,0.13432835820895522,0.6974063400576369
hier_clust,3,45,average,False,3172,7520,0.4218085106382979,0.9862068965517241,0.0,0.0712682379349046,0.5453885257806826,0.15841584158415842,0.0,0.058823529411764705,0.417910447761194,0.5576368876080692
hier_clust,3,27,complete,False,3169,7520,0.4214095744680851,0.9393103448275862,0.0,0.14029180695847362,0.39796659404502543,0.15346534653465346,0.0,0.0,0.07462686567164178,0.6974063400576369
hier_clust,3,41,average,False,3169,7520,0.4214095744680851,0.9862068965517241,0.0,0.0712682379349046,0.5482933914306464,0.12376237623762376,0.0,0.058823529411764705,0.417910447761194,0.5576368876080692
hier_clust,3,35,average,False,3167,7520,0.4211436170212766,0.9862068965517241,0.0,0.0712682379349046,0.5461147421931736,0.12376237623762376,0.0,0.0,0.44029850746268656,0.5576368876080692
hier_clust,3,38,average,False,3167,7520,0.4211436170212766,0.9862068965517241,0.0,0.0712682379349046,0.5461147421931736,0.12376237623762376,0.0,0.0,0.44029850746268656,0.5576368876080692
hier_clust,3,6,ward,False,3167,7520,0.4211436170212766,0.9855172413793103,0.0,0.22053872053872053,0.39869281045751637,0.0,0.0,0.0,0.0,0.5734870317002881
hier_clust,3,4,ward,False,3167,7520,0.4211436170212766,0.9855172413793103,0.0,0.22053872053872053,0.39869281045751637,0.0,0.0,0.0,0.0,0.5734870317002881
hier_clust,3,5,ward,False,3167,7520,0.4211436170212766,0.9855172413793103,0.0,0.22053872053872053,0.39869281045751637,0.0,0.0,0.0,0.0,0.5734870317002881
hier_clust,3,23,complete,False,3166,7520,0.42101063829787233,0.9393103448275862,0.0,0.06285072951739619,0.4989106753812636,0.13366336633663367,0.0,0.0,0.07462686567164178,0.6974063400576369
hier_clust,3,25,complete,False,3166,7520,0.42101063829787233,0.9393103448275862,0.0,0.14029180695847362,0.39869281045751637,0.13366336633663367,0.0,0.0,0.07462686567164178,0.6974063400576369
hier_clust,5,57,weighted,False,3163,7520,0.4206117021276596,0.9606896551724138,0.0,0.2867564534231201,0.31735657225853303,0.19306930693069307,0.16666666666666666,0.0,0.31343283582089554,0.5324207492795389
hier_clust,3,27,average,False,3161,7520,0.42034574468085106,0.9862068965517241,0.0,0.08024691358024691,0.5468409586056645,0.13861386138613863,0.0,0.0,0.4253731343283582,0.5403458213256485
hier_clust,3,30,average,False,3161,7520,0.42034574468085106,0.9862068965517241,0.0,0.08024691358024691,0.5468409586056645,0.13861386138613863,0.0,0.0,0.4253731343283582,0.5403458213256485
hier_clust,3,32,average,False,3161,7520,0.42034574468085106,0.9862068965517241,0.0,0.0813692480359147,0.5453885257806826,0.13861386138613863,0.0,0.0,0.4253731343283582,0.5403458213256485
hier_clust,5,52,weighted,False,3158,7520,0.4199468085106383,0.9606896551724138,0.0,0.2833894500561167,0.3188090050835149,0.18811881188118812,0.16666666666666666,0.0,0.31343283582089554,0.5324207492795389
hier_clust,3,20,complete,False,3152,7520,0.41914893617021276,0.9393103448275862,0.0,0.04882154882154882,0.4989106753812636,0.13366336633663367,0.0,0.0,0.07462686567164178,0.7053314121037464
hier_clust,3,21,complete,False,3152,7520,0.41914893617021276,0.9393103448275862,0.0,0.04882154882154882,0.4989106753812636,0.13366336633663367,0.0,0.0,0.07462686567164178,0.7053314121037464
hier_clust,3,18,complete,False,3149,7520,0.41875,0.9393103448275862,0.0,0.04882154882154882,0.5098039215686274,0.04455445544554455,0.0,0.0,0.07462686567164178,0.7053314121037464
hier_clust,10,30,complete,False,3147,7520,0.4184840425531915,0.8931034482758621,0.0,0.14590347923681257,0.39070442992011617,0.16336633663366337,0.0,0.0,0.16417910447761194,0.7197406340057637
hier_clust,10,27,complete,False,3147,7520,0.4184840425531915,0.8931034482758621,0.0,0.14590347923681257,0.39070442992011617,0.16336633663366337,0.0,0.0,0.16417910447761194,0.7197406340057637
hier_clust,20,92,complete,False,3145,7520,0.418218085106383,0.983448275862069,0.0,0.19696969696969696,0.5061728395061729,0.2722772277227723,0.16666666666666666,0.058823529411764705,0.05223880597014925,0.43587896253602304
hier_clust,3,3,ward,False,3141,7520,0.41768617021276594,0.9855172413793103,0.0,0.0,0.6652142338416849,0.0,0.0,0.0,0.0,0.5734870317002881
hier_clust,10,25,complete,False,3139,7520,0.4174202127659574,0.8931034482758621,0.0,0.14590347923681257,0.39288307915758897,0.14356435643564355,0.0,0.0,0.0,0.7305475504322767
hier_clust,10,21,complete,False,3139,7520,0.4174202127659574,0.8931034482758621,0.0,0.14590347923681257,0.39288307915758897,0.14356435643564355,0.0,0.0,0.0,0.7305475504322767
hier_clust,10,23,complete,False,3139,7520,0.4174202127659574,0.8931034482758621,0.0,0.14590347923681257,0.39288307915758897,0.14356435643564355,0.0,0.0,0.0,0.7305475504322767
hier_clust,10,20,complete,False,3134,7520,0.41675531914893615,0.8931034482758621,0.0,0.14646464646464646,0.38852578068264343,0.14356435643564355,0.0,0.0,0.0,0.7305475504322767
hier_clust,4,7,ward,False,3132,7520,0.41648936170212764,0.9751724137931035,0.0,0.32491582491582494,0.3710965867828613,0.0,0.0,0.0,0.0,0.45244956772334294
hier_clust,4,6,ward,False,3132,7520,0.41648936170212764,0.9751724137931035,0.0,0.32491582491582494,0.3710965867828613,0.0,0.0,0.0,0.0,0.45244956772334294
hier_clust,4,5,ward,False,3132,7520,0.41648936170212764,0.9751724137931035,0.0,0.32491582491582494,0.3710965867828613,0.0,0.0,0.0,0.0,0.45244956772334294
hier_clust,20,85,complete,False,3124,7520,0.4154255319148936,0.983448275862069,0.0,0.21604938271604937,0.4756717501815541,0.2079207920792079,0.16666666666666666,0.058823529411764705,0.05223880597014925,0.43587896253602304
hier_clust,3,17,median,False,3122,7520,0.4151595744680851,0.9724137931034482,0.0,0.27946127946127947,0.2476397966594045,0.0594059405940594,0.0,0.0,0.16417910447761194,0.6044668587896254
hier_clust,3,18,median,False,3122,7520,0.4151595744680851,0.9724137931034482,0.0,0.27946127946127947,0.2476397966594045,0.0594059405940594,0.0,0.0,0.16417910447761194,0.6044668587896254
hier_clust,2,27,weighted,False,3111,7520,0.4136968085106383,0.9848275862068966,0.0,0.02861952861952862,0.6252723311546841,0.009900990099009901,0.0,0.0,0.11194029850746269,0.5432276657060519
hier_clust,2,25,weighted,False,3108,7520,0.41329787234042553,0.9848275862068966,0.0,0.007856341189674524,0.6492374727668845,0.009900990099009901,0.0,0.0,0.11940298507462686,0.5432276657060519
hier_clust,2,23,weighted,False,3107,7520,0.4131648936170213,0.9848275862068966,0.0,0.007856341189674524,0.6492374727668845,0.0049504950495049506,0.0,0.0,0.11940298507462686,0.5432276657060519
hier_clust,2,21,weighted,False,3107,7520,0.4131648936170213,0.9848275862068966,0.0,0.007856341189674524,0.6492374727668845,0.0049504950495049506,0.0,0.0,0.11940298507462686,0.5432276657060519
hier_clust,2,20,weighted,False,3105,7520,0.4128989361702128,0.9848275862068966,0.0,0.001122334455667789,0.6564996368917938,0.0049504950495049506,0.0,0.0,0.11940298507462686,0.5432276657060519
hier_clust,2,18,weighted,False,3105,7520,0.4128989361702128,0.9848275862068966,0.0,0.001122334455667789,0.6564996368917938,0.0049504950495049506,0.0,0.0,0.11940298507462686,0.5432276657060519
hier_clust,2,17,weighted,False,3105,7520,0.4128989361702128,0.9848275862068966,0.0,0.001122334455667789,0.6564996368917938,0.0049504950495049506,0.0,0.0,0.11940298507462686,0.5432276657060519
hier_clust,2,15,weighted,False,3104,7520,0.4127659574468085,0.9848275862068966,0.0,0.0,0.6579520697167756,0.0,0.0,0.0,0.11940298507462686,0.5432276657060519
hier_clust,4,4,ward,False,3103,7520,0.41263297872340426,0.9751724137931035,0.0,0.38215488215488214,0.27596223674655046,0.0,0.0,0.0,0.0,0.45244956772334294
hier_clust,4,20,complete,False,3101,7520,0.41236702127659575,0.9475862068965517,0.0,0.0,0.5112563543936093,0.07425742574257425,0.0,0.0,0.06716417910447761,0.7197406340057637
hier_clust,4,17,complete,False,3101,7520,0.41236702127659575,0.9475862068965517,0.0,0.0,0.5112563543936093,0.07425742574257425,0.0,0.0,0.06716417910447761,0.7197406340057637
hier_clust,10,18,complete,False,3101,7520,0.41236702127659575,0.8931034482758621,0.0,0.14646464646464646,0.37254901960784315,0.0891089108910891,0.0,0.0,0.0,0.7305475504322767
hier_clust,4,18,complete,False,3101,7520,0.41236702127659575,0.9475862068965517,0.0,0.0,0.5112563543936093,0.07425742574257425,0.0,0.0,0.06716417910447761,0.7197406340057637
hier_clust,20,78,complete,False,3100,7520,0.4122340425531915,0.983448275862069,0.0,0.21604938271604937,0.4596949891067538,0.2079207920792079,0.16666666666666666,0.0,0.05223880597014925,0.43587896253602304
hier_clust,10,100,weighted,False,3097,7520,0.4118351063829787,0.7841379310344827,0.0,0.14870931537598203,0.4408133623819898,0.30198019801980197,0.16666666666666666,0.058823529411764705,0.23880597014925373,0.7139769452449568
hier_clust,4,3,ward,False,3094,7520,0.41143617021276596,0.9751724137931035,0.0,0.0,0.7639796659404503,0.0,0.0,0.0,0.0,0.45244956772334294
hier_clust,4,15,complete,False,3083,7520,0.40997340425531914,0.9475862068965517,0.0,0.0,0.4974582425562818,0.07425742574257425,0.0,0.0,0.06716417910447761,0.7204610951008645
hier_clust,4,13,complete,False,3082,7520,0.4098404255319149,0.9475862068965517,0.0,0.0,0.4974582425562818,0.0594059405940594,0.0,0.0,0.08208955223880597,0.7204610951008645
hier_clust,4,14,complete,False,3082,7520,0.4098404255319149,0.9475862068965517,0.0,0.0,0.4974582425562818,0.0594059405940594,0.0,0.0,0.08208955223880597,0.7204610951008645
hier_clust,20,72,complete,False,3079,7520,0.4094414893617021,0.983448275862069,0.0,0.19304152637485972,0.4698620188816267,0.21782178217821782,0.16666666666666666,0.0,0.05223880597014925,0.4387608069164265
hier_clust,20,67,complete,False,3079,7520,0.4094414893617021,0.983448275862069,0.0,0.19304152637485972,0.4698620188816267,0.21782178217821782,0.16666666666666666,0.0,0.05223880597014925,0.4387608069164265
hier_clust,20,61,complete,False,3078,7520,0.4093085106382979,0.983448275862069,0.0,0.19079685746352412,0.4713144517066086,0.22277227722772278,0.16666666666666666,0.0,0.05223880597014925,0.4387608069164265
hier_clust,10,92,weighted,False,3077,7520,0.40917553191489364,0.7841379310344827,0.0,0.11672278338945005,0.4647785039941903,0.297029702970297,0.16666666666666666,0.058823529411764705,0.23880597014925373,0.7175792507204611
hier_clust,4,52,average,False,3072,7520,0.4085106382978723,0.9779310344827586,0.0,0.16666666666666666,0.32389251997095136,0.18316831683168316,0.0,0.0,0.16417910447761194,0.6138328530259366
hier_clust,5,92,average,False,3069,7520,0.40811170212765957,0.9917241379310345,0.0,0.10213243546576879,0.4095860566448802,0.22277227722772278,0.3333333333333333,0.0,0.1865671641791045,0.5842939481268011
hier_clust,4,48,average,False,3068,7520,0.40797872340425534,0.9779310344827586,0.0,0.16666666666666666,0.3224400871459695,0.17326732673267325,0.0,0.0,0.16417910447761194,0.6138328530259366
hier_clust,4,100,weighted,False,3051,7520,0.40571808510638296,0.98,0.0,0.24635241301907967,0.4589687726942629,0.1782178217821782,0.3333333333333333,0.058823529411764705,0.08208955223880597,0.3645533141210375
hier_clust,10,85,weighted,False,3043,7520,0.40465425531914895,0.7841379310344827,0.0,0.1127946127946128,0.4262890341321714,0.297029702970297,0.16666666666666666,0.058823529411764705,0.23880597014925373,0.7363112391930836
hier_clust,5,85,average,False,3043,7520,0.40465425531914895,0.9917241379310345,0.0,0.15544332210998876,0.32098765432098764,0.22772277227722773,0.3333333333333333,0.0,0.1865671641791045,0.5842939481268011
hier_clust,5,78,average,False,3035,7520,0.4035904255319149,0.9917241379310345,0.0,0.14927048260381592,0.31445170660856936,0.23267326732673269,0.3333333333333333,0.0,0.26865671641791045,0.5842939481268011
hier_clust,10,78,weighted,False,3031,7520,0.4030585106382979,0.783448275862069,0.0,0.10325476992143659,0.4262890341321714,0.29207920792079206,0.16666666666666666,0.058823529411764705,0.04477611940298507,0.7600864553314121
hier_clust,5,72,average,False,3030,7520,0.4029255319148936,0.9917241379310345,0.0,0.11503928170594838,0.31445170660856936,0.23267326732673269,0.3333333333333333,0.0,0.26865671641791045,0.6246397694524496
hier_clust,False,8,ward,False,3024,7520,0.4021276595744681,0.9737931034482759,0.0,0.06397306397306397,0.5315904139433552,0.0,0.0,0.0,0.0,0.5518731988472623
hier_clust,False,7,ward,False,3024,7520,0.4021276595744681,0.9737931034482759,0.0,0.06397306397306397,0.5315904139433552,0.0,0.0,0.0,0.0,0.5518731988472623
hier_clust,False,6,ward,False,3024,7520,0.4021276595744681,0.9737931034482759,0.0,0.06397306397306397,0.5315904139433552,0.0,0.0,0.0,0.0,0.5518731988472623
hier_clust,False,5,ward,False,3024,7520,0.4021276595744681,0.9737931034482759,0.0,0.06397306397306397,0.5315904139433552,0.0,0.0,0.0,0.0,0.5518731988472623
hier_clust,5,67,average,False,3023,7520,0.4019946808510638,0.9917241379310345,0.0,0.12289562289562289,0.31082062454611475,0.23267326732673269,0.3333333333333333,0.0,0.14925373134328357,0.6246397694524496
hier_clust,5,61,average,False,3017,7520,0.4011968085106383,0.9917241379310345,0.0,0.12121212121212122,0.31227305737109656,0.21287128712871287,0.3333333333333333,0.0,0.14925373134328357,0.6239193083573487
hier_clust,5,57,average,False,3017,7520,0.4011968085106383,0.9917241379310345,0.0,0.12121212121212122,0.31227305737109656,0.21287128712871287,0.3333333333333333,0.0,0.14925373134328357,0.6239193083573487
hier_clust,10,72,weighted,False,3017,7520,0.4011968085106383,0.783448275862069,0.0,0.08641975308641975,0.45098039215686275,0.20297029702970298,0.16666666666666666,0.058823529411764705,0.04477611940298507,0.7600864553314121
hier_clust,False,4,ward,False,3014,7520,0.4007978723404255,0.9737931034482759,0.0,0.0,0.6071169208424111,0.0,0.0,0.0,0.0,0.5518731988472623
hier_clust,False,3,ward,False,3014,7520,0.4007978723404255,0.9737931034482759,0.0,0.0,0.6071169208424111,0.0,0.0,0.0,0.0,0.5518731988472623
hier_clust,4,100,median,False,3006,7520,0.3997340425531915,0.9896551724137931,0.0,0.15095398428731763,0.45824255628177196,0.18811881188118812,0.16666666666666666,0.058823529411764705,0.1865671641791045,0.43515850144092216
hier_clust,4,92,median,False,3004,7520,0.399468085106383,0.9896551724137931,0.0,0.14983164983164984,0.4589687726942629,0.18316831683168316,0.16666666666666666,0.058823529411764705,0.1865671641791045,0.43515850144092216
hier_clust,5,100,centroid,False,3004,7520,0.399468085106383,0.9937931034482759,0.0,0.1127946127946128,0.35947712418300654,0.23267326732673269,0.16666666666666666,0.0,0.44029850746268656,0.5468299711815562
hier_clust,4,85,centroid,False,3002,7520,0.39920212765957447,0.9910344827586207,0.0,0.05667789001122334,0.43427741466957154,0.16831683168316833,0.16666666666666666,0.058823529411764705,0.20149253731343283,0.5770893371757925
hier_clust,3,35,weighted,False,2997,7520,0.3985372340425532,0.9882758620689656,0.0,0.02356902356902357,0.4851125635439361,0.08415841584158416,0.0,0.0,0.1044776119402985,0.5929394812680115
hier_clust,3,32,weighted,False,2997,7520,0.3985372340425532,0.9882758620689656,0.0,0.02356902356902357,0.4851125635439361,0.08415841584158416,0.0,0.0,0.1044776119402985,0.5929394812680115
hier_clust,3,30,weighted,False,2997,7520,0.3985372340425532,0.9882758620689656,0.0,0.02356902356902357,0.48366013071895425,0.09405940594059406,0.0,0.0,0.1044776119402985,0.5929394812680115
hier_clust,3,27,weighted,False,2997,7520,0.3985372340425532,0.9882758620689656,0.0,0.02356902356902357,0.48366013071895425,0.09405940594059406,0.0,0.0,0.1044776119402985,0.5929394812680115
hier_clust,4,78,centroid,False,2995,7520,0.3982712765957447,0.9910344827586207,0.0,0.04657687991021325,0.44371822803195354,0.16831683168316833,0.0,0.058823529411764705,0.20149253731343283,0.5770893371757925
hier_clust,4,85,median,False,2994,7520,0.39813829787234045,0.9896551724137931,0.0,0.14983164983164984,0.4553376906318083,0.15841584158415842,0.16666666666666666,0.058823529411764705,0.1865671641791045,0.43515850144092216
hier_clust,3,25,weighted,False,2994,7520,0.39813829787234045,0.9882758620689656,0.0,0.02356902356902357,0.48366013071895425,0.09405940594059406,0.0,0.0,0.06716417910447761,0.5943804034582133
hier_clust,3,23,weighted,False,2993,7520,0.39800531914893617,0.9882758620689656,0.0,0.02356902356902357,0.4880174291938998,0.0594059405940594,0.0,0.0,0.06716417910447761,0.5943804034582133
hier_clust,4,72,centroid,False,2993,7520,0.39800531914893617,0.9910344827586207,0.0,0.06004489337822671,0.42483660130718953,0.16831683168316833,0.0,0.058823529411764705,0.20149253731343283,0.5770893371757925
hier_clust,3,21,weighted,False,2993,7520,0.39800531914893617,0.9882758620689656,0.0,0.02356902356902357,0.4880174291938998,0.0594059405940594,0.0,0.0,0.06716417910447761,0.5943804034582133
hier_clust,4,67,centroid,False,2992,7520,0.39787234042553193,0.9910344827586207,0.0,0.058922558922558925,0.4262890341321714,0.16336633663366337,0.0,0.058823529411764705,0.20149253731343283,0.5770893371757925
hier_clust,3,20,weighted,False,2992,7520,0.39787234042553193,0.9882758620689656,0.0,0.02356902356902357,0.4880174291938998,0.054455445544554455,0.0,0.0,0.06716417910447761,0.5943804034582133
hier_clust,4,78,median,False,2992,7520,0.39787234042553193,0.9896551724137931,0.0,0.14927048260381592,0.4553376906318083,0.15346534653465346,0.3333333333333333,0.058823529411764705,0.17164179104477612,0.43515850144092216
hier_clust,4,72,median,False,2990,7520,0.3976063829787234,0.9889655172413793,0.0,0.14927048260381592,0.4589687726942629,0.12376237623762376,0.3333333333333333,0.058823529411764705,0.17164179104477612,0.43515850144092216
hier_clust,5,4,ward,False,2990,7520,0.3976063829787234,0.98,0.0,0.0,0.4691358024691358,0.0,0.0,0.0,0.0,0.6649855907780979
hier_clust,5,6,ward,False,2990,7520,0.3976063829787234,0.98,0.0,0.0,0.4691358024691358,0.0,0.0,0.0,0.0,0.6649855907780979
hier_clust,5,5,ward,False,2990,7520,0.3976063829787234,0.98,0.0,0.0,0.4691358024691358,0.0,0.0,0.0,0.0,0.6649855907780979
hier_clust,5,3,ward,False,2990,7520,0.3976063829787234,0.98,0.0,0.0,0.4691358024691358,0.0,0.0,0.0,0.0,0.6649855907780979
hier_clust,4,61,centroid,False,2989,7520,0.39747340425531913,0.9910344827586207,0.0,0.058922558922558925,0.4262890341321714,0.15841584158415842,0.0,0.058823529411764705,0.20149253731343283,0.5756484149855908
hier_clust,4,57,centroid,False,2987,7520,0.3972074468085106,0.9910344827586207,0.0,0.058922558922558925,0.4262890341321714,0.15841584158415842,0.0,0.0,0.20149253731343283,0.5756484149855908
hier_clust,4,52,centroid,False,2986,7520,0.3970744680851064,0.9910344827586207,0.0,0.058361391694725026,0.4262890341321714,0.15841584158415842,0.0,0.0,0.20149253731343283,0.5756484149855908
hier_clust,5,67,complete,False,2982,7520,0.39654255319148934,0.3724137931034483,0.0,0.3664421997755331,0.48366013071895425,0.1782178217821782,0.0,0.0,0.1791044776119403,0.765850144092219
hier_clust,3,17,complete,False,2980,7520,0.3962765957446808,0.9393103448275862,0.0,0.04882154882154882,0.38707334785766156,0.04455445544554455,0.0,0.0,0.07462686567164178,0.7053314121037464
hier_clust,4,48,centroid,False,2977,7520,0.3958776595744681,0.9910344827586207,0.0,0.02132435465768799,0.46768336964415397,0.15841584158415842,0.0,0.0,0.20149253731343283,0.5756484149855908
hier_clust,3,18,weighted,False,2977,7520,0.3958776595744681,0.9882758620689656,0.0,0.0,0.4880174291938998,0.0594059405940594,0.0,0.0,0.06716417910447761,0.6131123919308358
hier_clust,3,17,weighted,False,2977,7520,0.3958776595744681,0.9882758620689656,0.0,0.0,0.4880174291938998,0.0594059405940594,0.0,0.0,0.06716417910447761,0.6131123919308358
hier_clust,3,15,weighted,False,2976,7520,0.39574468085106385,0.9882758620689656,0.0,0.0,0.4887436456063907,0.04950495049504951,0.0,0.0,0.06716417910447761,0.6131123919308358
hier_clust,3,14,weighted,False,2976,7520,0.39574468085106385,0.9882758620689656,0.0,0.0,0.4887436456063907,0.04950495049504951,0.0,0.0,0.06716417910447761,0.6131123919308358
hier_clust,10,4,ward,False,2975,7520,0.39561170212765956,0.9896551724137931,0.0,0.1728395061728395,0.37037037037037035,0.0,0.0,0.0,0.0,0.5201729106628242
hier_clust,10,5,ward,False,2975,7520,0.39561170212765956,0.9896551724137931,0.0,0.1728395061728395,0.37037037037037035,0.0,0.0,0.0,0.0,0.5201729106628242
hier_clust,10,6,ward,False,2975,7520,0.39561170212765956,0.9896551724137931,0.0,0.1728395061728395,0.37037037037037035,0.0,0.0,0.0,0.0,0.5201729106628242
hier_clust,3,13,weighted,False,2974,7520,0.39547872340425533,0.9882758620689656,0.0,0.0,0.49092229484386346,0.024752475247524754,0.0,0.0,0.06716417910447761,0.6131123919308358
hier_clust,4,45,centroid,False,2973,7520,0.39534574468085104,0.9910344827586207,0.0,0.02132435465768799,0.46768336964415397,0.15841584158415842,0.0,0.0,0.17164179104477612,0.5756484149855908
hier_clust,5,61,complete,False,2969,7520,0.39481382978723406,0.3724137931034483,0.0,0.36363636363636365,0.4720406681190995,0.1782178217821782,0.0,0.0,0.1791044776119403,0.771613832853026
hier_clust,4,85,weighted,False,2967,7520,0.39454787234042554,0.983448275862069,0.0,0.19584736251402918,0.46114742193173563,0.16831683168316833,0.3333333333333333,0.058823529411764705,0.08208955223880597,0.3645533141210375
hier_clust,5,57,complete,False,2967,7520,0.39454787234042554,0.3724137931034483,0.0,0.36363636363636365,0.47421931735657225,0.15346534653465346,0.0,0.0,0.1791044776119403,0.771613832853026
hier_clust,4,92,weighted,False,2967,7520,0.39454787234042554,0.983448275862069,0.0,0.19640852974186307,0.46042120551924476,0.16831683168316833,0.3333333333333333,0.058823529411764705,0.08208955223880597,0.3645533141210375
hier_clust,4,41,centroid,False,2966,7520,0.39441489361702126,0.9910344827586207,0.0,0.025252525252525252,0.46768336964415397,0.15841584158415842,0.0,0.0,0.06716417910447761,0.5756484149855908
hier_clust,4,78,weighted,False,2965,7520,0.394281914893617,0.983448275862069,0.0,0.19584736251402918,0.46114742193173563,0.16831683168316833,0.3333333333333333,0.0,0.08208955223880597,0.3645533141210375
hier_clust,4,72,weighted,False,2962,7520,0.3938829787234043,0.983448275862069,0.0,0.19584736251402918,0.46114742193173563,0.16831683168316833,0.16666666666666666,0.0,0.08208955223880597,0.3638328530259366
hier_clust,4,38,centroid,False,2960,7520,0.39361702127659576,0.9910344827586207,0.0,0.025252525252525252,0.47058823529411764,0.10891089108910891,0.0,0.0,0.06716417910447761,0.5756484149855908
hier_clust,4,67,weighted,False,2959,7520,0.39348404255319147,0.9827586206896551,0.0,0.19584736251402918,0.46042120551924476,0.15841584158415842,0.0,0.0,0.1044776119402985,0.3638328530259366
hier_clust,3,15,complete,False,2954,7520,0.3928191489361702,0.9393103448275862,0.0,0.14085297418630752,0.24909222948438633,0.04455445544554455,0.0,0.0,0.07462686567164178,0.7053314121037464
hier_clust,3,23,average,False,2953,7520,0.392686170212766,0.9889655172413793,0.0,0.08529741863075196,0.39941902687000724,0.13861386138613863,0.0,0.0,0.291044776119403,0.5403458213256485
hier_clust,3,25,average,False,2953,7520,0.392686170212766,0.9889655172413793,0.0,0.08529741863075196,0.39941902687000724,0.13861386138613863,0.0,0.0,0.291044776119403,0.5403458213256485
hier_clust,3,20,average,False,2953,7520,0.392686170212766,0.9889655172413793,0.0,0.08529741863075196,0.39941902687000724,0.13861386138613863,0.0,0.0,0.291044776119403,0.5403458213256485
hier_clust,3,21,average,False,2953,7520,0.392686170212766,0.9889655172413793,0.0,0.08529741863075196,0.39941902687000724,0.13861386138613863,0.0,0.0,0.291044776119403,0.5403458213256485
hier_clust,3,18,average,False,2952,7520,0.3925531914893617,0.9889655172413793,0.0,0.08529741863075196,0.40232389251997097,0.11386138613861387,0.0,0.0,0.291044776119403,0.5403458213256485
hier_clust,2,35,median,False,2948,7520,0.3920212765957447,0.8496551724137931,0.0,0.04938271604938271,0.4045025417574437,0.04455445544554455,0.0,0.0,0.208955223880597,0.7449567723342939
hier_clust,2,32,median,False,2948,7520,0.3920212765957447,0.8496551724137931,0.0,0.04938271604938271,0.4045025417574437,0.04455445544554455,0.0,0.0,0.208955223880597,0.7449567723342939
hier_clust,5,92,centroid,False,2947,7520,0.3918882978723404,0.993103448275862,0.0,0.1127946127946128,0.3188090050835149,0.23267326732673269,0.16666666666666666,0.0,0.44029850746268656,0.5468299711815562
hier_clust,3,14,complete,False,2946,7520,0.3917553191489362,0.9393103448275862,0.0,0.14085297418630752,0.25054466230936817,0.04455445544554455,0.0,0.0,0.0,0.7053314121037464
hier_clust,3,13,complete,False,2946,7520,0.3917553191489362,0.9393103448275862,0.0,0.14085297418630752,0.25054466230936817,0.04455445544554455,0.0,0.0,0.0,0.7053314121037464
hier_clust,5,85,centroid,False,2944,7520,0.39148936170212767,0.993103448275862,0.0,0.10886644219977554,0.3224400871459695,0.22772277227722773,0.16666666666666666,0.0,0.44029850746268656,0.5468299711815562
hier_clust,3,20,centroid,False,2931,7520,0.38976063829787233,0.993103448275862,0.0,0.01964085297418631,0.4277414669571532,0.0594059405940594,0.0,0.0,0.35074626865671643,0.5821325648414986
hier_clust,3,18,centroid,False,2931,7520,0.38976063829787233,0.993103448275862,0.0,0.01964085297418631,0.4277414669571532,0.0594059405940594,0.0,0.0,0.35074626865671643,0.5821325648414986
hier_clust,2,23,average,False,2931,7520,0.38976063829787233,0.9889655172413793,0.0,0.11784511784511785,0.35802469135802467,0.04455445544554455,0.0,0.0,0.27611940298507465,0.5389048991354467
hier_clust,4,61,weighted,False,2927,7520,0.3892287234042553,0.983448275862069,0.0,0.19584736251402918,0.439360929557008,0.13861386138613863,0.0,0.0,0.1044776119402985,0.3638328530259366
hier_clust,5,78,centroid,False,2926,7520,0.38909574468085106,0.993103448275862,0.0,0.07014590347923681,0.36020334059549747,0.22277227722772278,0.16666666666666666,0.0,0.44029850746268656,0.5468299711815562
hier_clust,5,67,centroid,False,2923,7520,0.3886968085106383,0.993103448275862,0.0,0.06958473625140292,0.36528685548293394,0.18316831683168316,0.16666666666666666,0.0,0.43283582089552236,0.5468299711815562
hier_clust,5,72,centroid,False,2923,7520,0.3886968085106383,0.993103448275862,0.0,0.06958473625140292,0.36528685548293394,0.18316831683168316,0.16666666666666666,0.0,0.43283582089552236,0.5468299711815562
hier_clust,3,17,centroid,False,2911,7520,0.3871010638297872,0.993103448275862,0.0,0.03367003367003367,0.4277414669571532,0.0594059405940594,0.0,0.0,0.014925373134328358,0.5821325648414986
hier_clust,10,67,weighted,False,2911,7520,0.3871010638297872,0.7841379310344827,0.0,0.07856341189674523,0.45824255628177196,0.18316831683168316,0.16666666666666666,0.058823529411764705,0.04477611940298507,0.6887608069164265
hier_clust,10,61,weighted,False,2910,7520,0.386968085106383,0.7841379310344827,0.0,0.07856341189674523,0.45751633986928103,0.18316831683168316,0.16666666666666666,0.058823529411764705,0.04477611940298507,0.6887608069164265
hier_clust,2,27,median,False,2910,7520,0.386968085106383,0.8496551724137931,0.0,0.017957351290684626,0.40305010893246185,0.04455445544554455,0.0,0.0,0.21641791044776118,0.7586455331412104
hier_clust,2,30,median,False,2910,7520,0.386968085106383,0.8496551724137931,0.0,0.018518518518518517,0.40305010893246185,0.04455445544554455,0.0,0.0,0.208955223880597,0.7586455331412104
hier_clust,4,57,weighted,False,2909,7520,0.38683510638297874,0.983448275862069,0.0,0.20145903479236812,0.4190268700072622,0.13861386138613863,0.0,0.0,0.1044776119402985,0.3638328530259366
hier_clust,2,15,complete,False,2909,7520,0.38683510638297874,0.9806896551724138,0.0,0.012906846240179574,0.6949891067538126,0.0,0.0,0.0,0.1044776119402985,0.35518731988472624
hier_clust,2,25,median,False,2906,7520,0.38643617021276594,0.8496551724137931,0.0,0.02244668911335578,0.40305010893246185,0.04455445544554455,0.0,0.0,0.12686567164179105,0.7586455331412104
hier_clust,2,17,median,False,2905,7520,0.3863031914893617,0.8496551724137931,0.0,0.02244668911335578,0.40305010893246185,0.039603960396039604,0.0,0.0,0.12686567164179105,0.7586455331412104
hier_clust,2,21,median,False,2905,7520,0.3863031914893617,0.8496551724137931,0.0,0.02244668911335578,0.40305010893246185,0.039603960396039604,0.0,0.0,0.12686567164179105,0.7586455331412104
hier_clust,2,18,median,False,2905,7520,0.3863031914893617,0.8496551724137931,0.0,0.02244668911335578,0.40305010893246185,0.039603960396039604,0.0,0.0,0.12686567164179105,0.7586455331412104
hier_clust,2,20,median,False,2905,7520,0.3863031914893617,0.8496551724137931,0.0,0.02244668911335578,0.40305010893246185,0.039603960396039604,0.0,0.0,0.12686567164179105,0.7586455331412104
hier_clust,2,23,median,False,2905,7520,0.3863031914893617,0.8496551724137931,0.0,0.02244668911335578,0.40305010893246185,0.039603960396039604,0.0,0.0,0.12686567164179105,0.7586455331412104
hier_clust,2,15,median,False,2904,7520,0.3861702127659574,0.8496551724137931,0.0,0.02132435465768799,0.4045025417574437,0.034653465346534656,0.0,0.0,0.12686567164179105,0.7586455331412104
hier_clust,10,57,weighted,False,2904,7520,0.3861702127659574,0.7841379310344827,0.0,0.07856341189674523,0.45751633986928103,0.17326732673267325,0.0,0.0,0.04477611940298507,0.6887608069164265
hier_clust,2,13,median,False,2903,7520,0.3860372340425532,0.8496551724137931,0.0,0.02132435465768799,0.40885984023238925,0.0,0.0,0.0,0.12686567164179105,0.7586455331412104
hier_clust,2,14,median,False,2903,7520,0.3860372340425532,0.8496551724137931,0.0,0.02132435465768799,0.40885984023238925,0.0,0.0,0.0,0.12686567164179105,0.7586455331412104
hier_clust,10,52,weighted,False,2902,7520,0.38590425531914896,0.7841379310344827,0.0,0.07856341189674523,0.4560639070442992,0.17326732673267325,0.0,0.0,0.04477611940298507,0.6887608069164265
hier_clust,4,45,weighted,False,2901,7520,0.38577127659574467,0.983448275862069,0.0,0.20145903479236812,0.41975308641975306,0.10396039603960396,0.0,0.0,0.08955223880597014,0.3638328530259366
hier_clust,4,52,weighted,False,2901,7520,0.38577127659574467,0.983448275862069,0.0,0.20145903479236812,0.41975308641975306,0.10396039603960396,0.0,0.0,0.08955223880597014,0.3638328530259366
hier_clust,4,48,weighted,False,2901,7520,0.38577127659574467,0.983448275862069,0.0,0.20145903479236812,0.41975308641975306,0.10396039603960396,0.0,0.0,0.08955223880597014,0.3638328530259366
hier_clust,5,61,centroid,False,2894,7520,0.3848404255319149,0.993103448275862,0.0,0.026936026936026935,0.36528685548293394,0.18316831683168316,0.16666666666666666,0.0,0.43283582089552236,0.5806916426512968
hier_clust,2,14,complete,False,2892,7520,0.38457446808510637,0.9806896551724138,0.0,0.0,0.6949891067538126,0.0,0.0,0.0,0.1044776119402985,0.3595100864553314
hier_clust,2,13,complete,False,2892,7520,0.38457446808510637,0.9806896551724138,0.0,0.0,0.6949891067538126,0.0,0.0,0.0,0.1044776119402985,0.3595100864553314
hier_clust,2,12,complete,False,2892,7520,0.38457446808510637,0.9806896551724138,0.0,0.0,0.6949891067538126,0.0,0.0,0.0,0.1044776119402985,0.3595100864553314
hier_clust,4,41,weighted,False,2891,7520,0.38444148936170214,0.983448275862069,0.0,0.23232323232323232,0.37254901960784315,0.10396039603960396,0.0,0.0,0.08955223880597014,0.3638328530259366
hier_clust,4,38,weighted,False,2890,7520,0.38430851063829785,0.983448275862069,0.0,0.23232323232323232,0.37254901960784315,0.10396039603960396,0.0,0.0,0.08955223880597014,0.3631123919308357
hier_clust,4,32,weighted,False,2887,7520,0.3839095744680851,0.983448275862069,0.0,0.23232323232323232,0.3696441539578795,0.10891089108910891,0.0,0.0,0.08955223880597014,0.3631123919308357
hier_clust,4,45,average,False,2887,7520,0.3839095744680851,0.983448275862069,0.0,0.06060606060606061,0.3224400871459695,0.16831683168316833,0.0,0.0,0.17164179104477612,0.6138328530259366
hier_clust,4,35,weighted,False,2887,7520,0.3839095744680851,0.983448275862069,0.0,0.23232323232323232,0.3696441539578795,0.10891089108910891,0.0,0.0,0.08955223880597014,0.3631123919308357
hier_clust,4,30,weighted,False,2887,7520,0.3839095744680851,0.983448275862069,0.0,0.23232323232323232,0.3696441539578795,0.10891089108910891,0.0,0.0,0.08955223880597014,0.3631123919308357
hier_clust,4,41,average,False,2886,7520,0.38377659574468087,0.983448275862069,0.0,0.06004489337822671,0.3224400871459695,0.16831683168316833,0.0,0.0,0.17164179104477612,0.6138328530259366
hier_clust,4,27,weighted,False,2886,7520,0.38377659574468087,0.983448275862069,0.0,0.23232323232323232,0.3681917211328976,0.11386138613861387,0.0,0.0,0.08955223880597014,0.3631123919308357
hier_clust,3,17,average,False,2885,7520,0.3836436170212766,0.9889655172413793,0.0,0.013468013468013467,0.40232389251997097,0.11386138613861387,0.0,0.0,0.291044776119403,0.5842939481268011
hier_clust,20,100,weighted,True,2885,7520,0.3836436170212766,0.9786206896551725,0.0008764241893076249,0.008417508417508417,0.42701525054466233,0.3564356435643564,0.3333333333333333,0.0,0.05223880597014925,0.5612391930835735
hier_clust,2,8,complete,False,2884,7520,0.38351063829787235,0.9806896551724138,0.0,0.0,0.6949891067538126,0.0,0.0,0.0,0.0,0.3638328530259366
hier_clust,2,9,complete,False,2884,7520,0.38351063829787235,0.9806896551724138,0.0,0.0,0.6949891067538126,0.0,0.0,0.0,0.0,0.3638328530259366
hier_clust,2,10,complete,False,2884,7520,0.38351063829787235,0.9806896551724138,0.0,0.0,0.6949891067538126,0.0,0.0,0.0,0.0,0.3638328530259366
hier_clust,2,11,complete,False,2884,7520,0.38351063829787235,0.9806896551724138,0.0,0.0,0.6949891067538126,0.0,0.0,0.0,0.0,0.3638328530259366
hier_clust,5,52,complete,False,2882,7520,0.38324468085106383,0.3724137931034483,0.0,0.37037037037037035,0.40885984023238925,0.13861386138613863,0.0,0.0,0.14925373134328357,0.771613832853026
hier_clust,4,38,average,False,2881,7520,0.38311170212765955,0.983448275862069,0.0,0.06004489337822671,0.3188090050835149,0.16831683168316833,0.0,0.0,0.17164179104477612,0.6138328530259366
hier_clust,4,32,average,False,2880,7520,0.3829787234042553,0.983448275862069,0.0,0.06004489337822671,0.31735657225853303,0.17326732673267325,0.0,0.0,0.17164179104477612,0.6138328530259366
hier_clust,4,35,average,False,2880,7520,0.3829787234042553,0.983448275862069,0.0,0.06004489337822671,0.31735657225853303,0.17326732673267325,0.0,0.0,0.17164179104477612,0.6138328530259366
hier_clust,20,57,complete,False,2877,7520,0.38257978723404257,0.9889655172413793,0.0,0.07968574635241302,0.46332607116920843,0.22772277227722773,0.0,0.0,0.05223880597014925,0.43948126801152737
hier_clust,5,48,weighted,False,2872,7520,0.3819148936170213,0.9917241379310345,0.0,0.09764309764309764,0.3188090050835149,0.18811881188118812,0.16666666666666666,0.0,0.31343283582089554,0.5324207492795389
hier_clust,5,45,weighted,False,2871,7520,0.381781914893617,0.9917241379310345,0.0,0.09764309764309764,0.3188090050835149,0.18316831683168316,0.16666666666666666,0.0,0.31343283582089554,0.5324207492795389
hier_clust,5,41,weighted,False,2869,7520,0.3815159574468085,0.9917241379310345,0.0,0.09764309764309764,0.3282498184458969,0.1188118811881188,0.0,0.0,0.31343283582089554,0.5324207492795389
hier_clust,10,17,complete,False,2866,7520,0.38111702127659575,0.8979310344827586,0.0,0.010662177328843996,0.37254901960784315,0.0891089108910891,0.0,0.0,0.0,0.7305475504322767
hier_clust,10,15,complete,False,2866,7520,0.38111702127659575,0.8979310344827586,0.0,0.010662177328843996,0.37254901960784315,0.0891089108910891,0.0,0.0,0.0,0.7305475504322767
hier_clust,5,57,centroid,False,2864,7520,0.38085106382978723,0.993103448275862,0.0,0.003367003367003367,0.3754538852578068,0.17326732673267325,0.16666666666666666,0.0,0.43283582089552236,0.5806916426512968
hier_clust,5,45,complete,False,2859,7520,0.38018617021276596,0.3724137931034483,0.0,0.3367003367003367,0.4357298474945534,0.13861386138613863,0.0,0.0,0.14925373134328357,0.771613832853026
hier_clust,5,48,complete,False,2859,7520,0.38018617021276596,0.3724137931034483,0.0,0.3367003367003367,0.4357298474945534,0.13861386138613863,0.0,0.0,0.14925373134328357,0.771613832853026
hier_clust,5,48,centroid,False,2857,7520,0.37992021276595744,0.993103448275862,0.0,0.003367003367003367,0.3718228031953522,0.15346534653465346,0.16666666666666666,0.0,0.44776119402985076,0.5806916426512968
hier_clust,5,52,centroid,False,2857,7520,0.37992021276595744,0.993103448275862,0.0,0.003367003367003367,0.3718228031953522,0.15346534653465346,0.16666666666666666,0.0,0.44776119402985076,0.5806916426512968
hier_clust,20,52,complete,False,2854,7520,0.3795212765957447,0.9889655172413793,0.0,0.1015712682379349,0.41975308641975306,0.21782178217821782,0.0,0.0,0.05223880597014925,0.43948126801152737
hier_clust,5,45,centroid,False,2854,7520,0.3795212765957447,0.993103448275862,0.0,0.003367003367003367,0.37037037037037035,0.15346534653465346,0.16666666666666666,0.0,0.44776119402985076,0.579971181556196
hier_clust,10,12,complete,False,2852,7520,0.3792553191489362,0.8979310344827586,0.0,0.010662177328843996,0.3587509077705156,0.0891089108910891,0.0,0.0,0.0,0.734149855907781
hier_clust,10,11,complete,False,2852,7520,0.3792553191489362,0.8979310344827586,0.0,0.010662177328843996,0.3587509077705156,0.0891089108910891,0.0,0.0,0.0,0.734149855907781
hier_clust,10,14,complete,False,2852,7520,0.3792553191489362,0.8979310344827586,0.0,0.010662177328843996,0.3587509077705156,0.0891089108910891,0.0,0.0,0.0,0.734149855907781
hier_clust,10,13,complete,False,2852,7520,0.3792553191489362,0.8979310344827586,0.0,0.010662177328843996,0.3587509077705156,0.0891089108910891,0.0,0.0,0.0,0.734149855907781
hier_clust,10,10,complete,False,2852,7520,0.3792553191489362,0.8979310344827586,0.0,0.010662177328843996,0.3587509077705156,0.0891089108910891,0.0,0.0,0.0,0.734149855907781
hier_clust,2,100,median,True,2850,7520,0.37898936170212766,0.0,0.0008764241893076249,0.7037037037037037,0.3769063180827887,0.3564356435643564,0.4166666666666667,0.058823529411764705,0.029850746268656716,0.7154178674351584
hier_clust,20,48,complete,False,2850,7520,0.37898936170212766,0.9889655172413793,0.0,0.10437710437710437,0.41975308641975306,0.2079207920792079,0.0,0.0,0.0,0.43948126801152737
hier_clust,5,100,median,False,2850,7520,0.37898936170212766,0.976551724137931,0.0,0.20650953984287318,0.55119825708061,0.22772277227722773,0.16666666666666666,0.0,0.08955223880597014,0.17795389048991356
hier_clust,20,45,complete,False,2849,7520,0.3788563829787234,0.9889655172413793,0.0,0.10437710437710437,0.41830065359477125,0.21287128712871287,0.0,0.0,0.0,0.43948126801152737
hier_clust,2,92,median,True,2847,7520,0.3785904255319149,0.0,0.0008764241893076249,0.7037037037037037,0.37400145243282495,0.3712871287128713,0.4166666666666667,0.029411764705882353,0.029850746268656716,0.7146974063400576
hier_clust,5,41,centroid,False,2844,7520,0.3781914893617021,0.993103448275862,0.0,0.004489337822671156,0.3674655047204067,0.11386138613861387,0.16666666666666666,0.0,0.44776119402985076,0.579971181556196
hier_clust,10,15,ward,True,2840,7520,0.3776595744680851,0.9896551724137931,0.0,0.0005611672278338945,0.33623819898329704,0.297029702970297,0.08333333333333333,0.0,0.0,0.6340057636887608
hier_clust,5,41,complete,False,2838,7520,0.3773936170212766,0.3724137931034483,0.0,0.2895622895622896,0.48148148148148145,0.13861386138613863,0.0,0.0,0.14925373134328357,0.771613832853026
hier_clust,4,67,median,False,2836,7520,0.3771276595744681,0.9889655172413793,0.0,0.14927048260381592,0.34713144517066086,0.12376237623762376,0.3333333333333333,0.058823529411764705,0.17164179104477612,0.43515850144092216
hier_clust,4,61,median,False,2835,7520,0.37699468085106386,0.9889655172413793,0.0,0.14927048260381592,0.34713144517066086,0.1188118811881188,0.3333333333333333,0.058823529411764705,0.17164179104477612,0.43515850144092216
hier_clust,4,57,median,False,2832,7520,0.37659574468085105,0.9889655172413793,0.0,0.14927048260381592,0.35003631082062453,0.08415841584158416,0.3333333333333333,0.058823529411764705,0.17164179104477612,0.43515850144092216
hier_clust,4,25,average,False,2832,7520,0.37659574468085105,0.983448275862069,0.0,0.0,0.31735657225853303,0.17326732673267325,0.0,0.0,0.17164179104477612,0.6563400576368876
hier_clust,4,30,average,False,2832,7520,0.37659574468085105,0.983448275862069,0.0,0.0,0.31735657225853303,0.17326732673267325,0.0,0.0,0.17164179104477612,0.6563400576368876
hier_clust,4,27,average,False,2832,7520,0.37659574468085105,0.983448275862069,0.0,0.0,0.31735657225853303,0.17326732673267325,0.0,0.0,0.17164179104477612,0.6563400576368876
hier_clust,4,23,average,False,2831,7520,0.3764627659574468,0.983448275862069,0.0,0.0,0.3159041394335512,0.1782178217821782,0.0,0.0,0.17164179104477612,0.6563400576368876
hier_clust,5,38,complete,False,2831,7520,0.3764627659574468,0.3724137931034483,0.0,0.26992143658810325,0.48148148148148145,0.13861386138613863,0.0,0.0,0.14925373134328357,0.7917867435158501
hier_clust,5,38,centroid,False,2829,7520,0.3761968085106383,0.993103448275862,0.0,0.004489337822671156,0.3674655047204067,0.11386138613861387,0.16666666666666666,0.0,0.3358208955223881,0.579971181556196
hier_clust,5,35,complete,False,2827,7520,0.3759308510638298,0.3724137931034483,0.0,0.26992143658810325,0.4822076978939724,0.11386138613861387,0.0,0.0,0.14925373134328357,0.7917867435158501
hier_clust,5,92,median,False,2826,7520,0.37579787234042555,0.9758620689655172,0.0,0.16666666666666666,0.5853304284676834,0.24257425742574257,0.16666666666666666,0.0,0.07462686567164178,0.17795389048991356
hier_clust,4,52,median,False,2825,7520,0.37566489361702127,0.9889655172413793,0.0,0.1531986531986532,0.3405954974582426,0.08415841584158416,0.3333333333333333,0.058823529411764705,0.17164179104477612,0.43443804034582134
hier_clust,10,3,ward,False,2822,7520,0.3752659574468085,0.9896551724137931,0.0,0.0,0.37037037037037035,0.0,0.0,0.0,0.0,0.6318443804034583
hier_clust,10,9,ward,True,2819,7520,0.37486702127659577,0.9896551724137931,0.0,0.0005611672278338945,0.33769063180827885,0.18316831683168316,0.08333333333333333,0.0,0.0,0.6340057636887608
hier_clust,10,8,ward,True,2819,7520,0.37486702127659577,0.9896551724137931,0.0,0.0005611672278338945,0.33769063180827885,0.18316831683168316,0.08333333333333333,0.0,0.0,0.6340057636887608
hier_clust,10,10,ward,True,2819,7520,0.37486702127659577,0.9896551724137931,0.0,0.0005611672278338945,0.33769063180827885,0.18316831683168316,0.08333333333333333,0.0,0.0,0.6340057636887608
hier_clust,10,12,ward,True,2819,7520,0.37486702127659577,0.9896551724137931,0.0,0.0005611672278338945,0.33769063180827885,0.18316831683168316,0.08333333333333333,0.0,0.0,0.6340057636887608
hier_clust,5,52,average,False,2819,7520,0.37486702127659577,0.9944827586206897,0.0,0.008417508417508417,0.31735657225853303,0.17326732673267325,0.3333333333333333,0.0,0.14925373134328357,0.6239193083573487
hier_clust,10,13,ward,True,2819,7520,0.37486702127659577,0.9896551724137931,0.0,0.0005611672278338945,0.33769063180827885,0.18316831683168316,0.08333333333333333,0.0,0.0,0.6340057636887608
hier_clust,10,14,ward,True,2819,7520,0.37486702127659577,0.9896551724137931,0.0,0.0005611672278338945,0.33769063180827885,0.18316831683168316,0.08333333333333333,0.0,0.0,0.6340057636887608
hier_clust,10,11,ward,True,2819,7520,0.37486702127659577,0.9896551724137931,0.0,0.0005611672278338945,0.33769063180827885,0.18316831683168316,0.08333333333333333,0.0,0.0,0.6340057636887608
hier_clust,4,48,median,False,2818,7520,0.3747340425531915,0.9889655172413793,0.0,0.15432098765432098,0.33405954974582425,0.08415841584158416,0.3333333333333333,0.058823529411764705,0.17164179104477612,0.43443804034582134
hier_clust,3,11,complete,False,2817,7520,0.37460106382978725,0.94,0.0,0.14085297418630752,0.15613652868554828,0.04455445544554455,0.0,0.0,0.0,0.7053314121037464
hier_clust,3,12,complete,False,2817,7520,0.37460106382978725,0.94,0.0,0.14085297418630752,0.15613652868554828,0.04455445544554455,0.0,0.0,0.0,0.7053314121037464
hier_clust,10,100,median,True,2817,7520,0.37460106382978725,0.9868965517241379,0.0008764241893076249,0.008978675645342313,0.2737835875090777,0.35148514851485146,0.3333333333333333,0.08823529411764706,0.03731343283582089,0.6548991354466859
hier_clust,20,17,ward,True,2817,7520,0.37460106382978725,0.9662068965517241,0.0,0.001122334455667789,0.24255628177196806,0.3316831683168317,0.08333333333333333,0.0,0.0,0.729106628242075
hier_clust,20,15,ward,True,2817,7520,0.37460106382978725,0.9662068965517241,0.0,0.001122334455667789,0.24255628177196806,0.3316831683168317,0.08333333333333333,0.0,0.0,0.729106628242075
hier_clust,10,92,median,True,2816,7520,0.37446808510638296,0.9868965517241379,0.0008764241893076249,0.008978675645342313,0.2737835875090777,0.35148514851485146,0.3333333333333333,0.08823529411764706,0.03731343283582089,0.654178674351585
hier_clust,5,48,average,False,2816,7520,0.37446808510638296,0.9944827586206897,0.0,0.007856341189674524,0.3188090050835149,0.17326732673267325,0.0,0.0,0.14925373134328357,0.6239193083573487
hier_clust,20,14,ward,True,2816,7520,0.37446808510638296,0.9662068965517241,0.0,0.001122334455667789,0.24255628177196806,0.3316831683168317,0.08333333333333333,0.0,0.0,0.728386167146974
hier_clust,20,13,ward,True,2815,7520,0.37433510638297873,0.9662068965517241,0.0,0.0005611672278338945,0.24255628177196806,0.3316831683168317,0.08333333333333333,0.0,0.0,0.728386167146974
hier_clust,5,45,average,False,2815,7520,0.37433510638297873,0.9944827586206897,0.0,0.007856341189674524,0.3188090050835149,0.16831683168316833,0.0,0.0,0.14925373134328357,0.6239193083573487
hier_clust,3,10,complete,False,2814,7520,0.37420212765957445,0.94,0.0,0.14085297418630752,0.15758896151053015,0.019801980198019802,0.0,0.0,0.0,0.7053314121037464
hier_clust,10,85,median,True,2813,7520,0.3740691489361702,0.9868965517241379,0.0008764241893076249,0.008978675645342313,0.2657952069716776,0.3910891089108911,0.3333333333333333,0.08823529411764706,0.03731343283582089,0.654178674351585
hier_clust,3,8,complete,False,2813,7520,0.3740691489361702,0.94,0.0,0.0,0.3420479302832244,0.0,0.0,0.0,0.0,0.7053314121037464
hier_clust,3,9,complete,False,2813,7520,0.3740691489361702,0.94,0.0,0.14085297418630752,0.15976761074800291,0.0,0.0,0.0,0.0,0.7053314121037464
hier_clust,10,78,median,True,2807,7520,0.37327127659574466,0.9868965517241379,0.0008764241893076249,0.008978675645342313,0.2636165577342048,0.38613861386138615,0.3333333333333333,0.08823529411764706,0.029850746268656716,0.6534582132564841
hier_clust,20,11,ward,True,2806,7520,0.37313829787234043,0.9662068965517241,0.0,0.0005611672278338945,0.24546114742193173,0.26732673267326734,0.08333333333333333,0.0,0.0,0.728386167146974
hier_clust,20,12,ward,True,2806,7520,0.37313829787234043,0.9662068965517241,0.0,0.0005611672278338945,0.24546114742193173,0.26732673267326734,0.08333333333333333,0.0,0.0,0.728386167146974
hier_clust,2,12,centroid,False,2804,7520,0.3728723404255319,0.9779310344827586,0.0,0.0,0.31227305737109656,0.0,0.0,0.0,0.4253731343283582,0.6476945244956772
hier_clust,10,7,ward,True,2803,7520,0.3727393617021277,0.9896551724137931,0.0,0.0005611672278338945,0.3522149600580973,0.0049504950495049506,0.08333333333333333,0.0,0.0,0.6340057636887608
hier_clust,20,10,ward,True,2792,7520,0.37127659574468086,0.9662068965517241,0.0,0.0005611672278338945,0.27233115468409586,0.01485148514851485,0.08333333333333333,0.0,0.0,0.728386167146974
hier_clust,2,11,centroid,False,2789,7520,0.3708776595744681,0.9779310344827586,0.0,0.0,0.31227305737109656,0.0,0.0,0.0,0.08955223880597014,0.6693083573487032
hier_clust,4,30,centroid,False,2768,7520,0.3680851063829787,0.9958620689655172,0.0,0.025252525252525252,0.3260711692084241,0.10891089108910891,0.0,0.0,0.06716417910447761,0.5756484149855908
hier_clust,4,35,centroid,False,2768,7520,0.3680851063829787,0.9958620689655172,0.0,0.025252525252525252,0.3260711692084241,0.10891089108910891,0.0,0.0,0.06716417910447761,0.5756484149855908
hier_clust,4,32,centroid,False,2768,7520,0.3680851063829787,0.9958620689655172,0.0,0.025252525252525252,0.3260711692084241,0.10891089108910891,0.0,0.0,0.06716417910447761,0.5756484149855908
hier_clust,4,45,median,False,2767,7520,0.36795212765957447,0.9889655172413793,0.0,0.15432098765432098,0.2984749455337691,0.08415841584158416,0.16666666666666666,0.058823529411764705,0.17164179104477612,0.43443804034582134
hier_clust,4,10,complete,False,2766,7520,0.36781914893617024,0.9544827586206897,0.0,0.0,0.2607116920842411,0.0594059405940594,0.0,0.0,0.08208955223880597,0.7204610951008645
hier_clust,4,11,complete,False,2766,7520,0.36781914893617024,0.9544827586206897,0.0,0.0,0.2607116920842411,0.0594059405940594,0.0,0.0,0.08208955223880597,0.7204610951008645
hier_clust,4,12,complete,False,2766,7520,0.36781914893617024,0.9544827586206897,0.0,0.0,0.2607116920842411,0.0594059405940594,0.0,0.0,0.08208955223880597,0.7204610951008645
hier_clust,4,41,median,False,2765,7520,0.36768617021276595,0.9889655172413793,0.0,0.15432098765432098,0.2984749455337691,0.07920792079207921,0.16666666666666666,0.058823529411764705,0.16417910447761194,0.43443804034582134
hier_clust,5,41,average,False,2765,7520,0.36768617021276595,0.9944827586206897,0.0,0.007856341189674524,0.2824981844589688,0.16831683168316833,0.0,0.0,0.14925373134328357,0.6239193083573487
hier_clust,4,27,centroid,False,2763,7520,0.36742021276595743,0.9951724137931034,0.0,0.025252525252525252,0.32316630355846043,0.10891089108910891,0.0,0.0,0.06716417910447761,0.5756484149855908
hier_clust,4,9,complete,False,2763,7520,0.36742021276595743,0.9544827586206897,0.0,0.0,0.25272331154684097,0.09900990099009901,0.0,0.0,0.08208955223880597,0.7204610951008645
hier_clust,2,21,average,False,2762,7520,0.3672872340425532,0.993103448275862,0.0,0.01964085297418631,0.35802469135802467,0.04455445544554455,0.0,0.0,0.27611940298507465,0.5389048991354467
hier_clust,2,20,average,False,2761,7520,0.3671542553191489,0.993103448275862,0.0,0.01964085297418631,0.35802469135802467,0.039603960396039604,0.0,0.0,0.27611940298507465,0.5389048991354467
hier_clust,10,100,complete,True,2761,7520,0.3671542553191489,0.9855172413793103,0.0008764241893076249,0.0409652076318743,0.6702977487291213,0.37623762376237624,0.25,0.058823529411764705,0.04477611940298507,0.1786743515850144
hier_clust,5,38,average,False,2761,7520,0.3671542553191489,0.9944827586206897,0.0,0.007856341189674524,0.28830791575889614,0.10891089108910891,0.0,0.0,0.14925373134328357,0.6239193083573487
hier_clust,2,21,ward,True,2759,7520,0.36688829787234045,0.9551724137931035,0.0,0.37317620650953987,0.4647785039941903,0.32673267326732675,0.0,0.0,0.022388059701492536,0.0
hier_clust,2,23,ward,True,2759,7520,0.36688829787234045,0.9551724137931035,0.0,0.37317620650953987,0.4647785039941903,0.32673267326732675,0.0,0.0,0.022388059701492536,0.0
hier_clust,2,25,ward,True,2759,7520,0.36688829787234045,0.9551724137931035,0.0,0.37317620650953987,0.4647785039941903,0.32673267326732675,0.0,0.0,0.022388059701492536,0.0
hier_clust,4,38,median,False,2759,7520,0.36688829787234045,0.9889655172413793,0.0,0.15488215488215487,0.2970225127087872,0.054455445544554455,0.16666666666666666,0.058823529411764705,0.16417910447761194,0.43443804034582134
hier_clust,4,32,median,False,2759,7520,0.36688829787234045,0.9889655172413793,0.0,0.15488215488215487,0.2970225127087872,0.054455445544554455,0.16666666666666666,0.058823529411764705,0.16417910447761194,0.43443804034582134
hier_clust,4,35,median,False,2759,7520,0.36688829787234045,0.9889655172413793,0.0,0.15488215488215487,0.2970225127087872,0.054455445544554455,0.16666666666666666,0.058823529411764705,0.16417910447761194,0.43443804034582134
hier_clust,2,20,ward,True,2758,7520,0.36675531914893617,0.9551724137931035,0.0,0.372615039281706,0.4647785039941903,0.32673267326732675,0.0,0.0,0.022388059701492536,0.0
hier_clust,2,18,ward,True,2758,7520,0.36675531914893617,0.9551724137931035,0.0,0.372615039281706,0.4647785039941903,0.32673267326732675,0.0,0.0,0.022388059701492536,0.0
hier_clust,2,17,ward,True,2757,7520,0.36662234042553193,0.9551724137931035,0.0,0.37037037037037035,0.4647785039941903,0.3415841584158416,0.0,0.0,0.022388059701492536,0.0
hier_clust,2,10,centroid,False,2757,7520,0.36662234042553193,0.9779310344827586,0.0,0.0,0.26506899055918665,0.0,0.0,0.0,0.08955223880597014,0.6930835734870316
hier_clust,4,30,median,False,2751,7520,0.3658244680851064,0.9889655172413793,0.0,0.15488215488215487,0.29193899782135074,0.054455445544554455,0.16666666666666666,0.058823529411764705,0.16417910447761194,0.43371757925072046
hier_clust,4,27,median,False,2750,7520,0.36569148936170215,0.9889655172413793,0.0,0.15488215488215487,0.29193899782135074,0.04950495049504951,0.16666666666666666,0.058823529411764705,0.16417910447761194,0.43371757925072046
hier_clust,2,15,ward,True,2748,7520,0.36542553191489363,0.9551724137931035,0.0,0.37037037037037035,0.4538852578068264,0.38613861386138615,0.0,0.0,0.0,0.0
hier_clust,2,11,ward,True,2748,7520,0.36542553191489363,0.9551724137931035,0.0,0.37037037037037035,0.4538852578068264,0.38613861386138615,0.0,0.0,0.0,0.0
hier_clust,2,12,ward,True,2748,7520,0.36542553191489363,0.9551724137931035,0.0,0.37037037037037035,0.4538852578068264,0.38613861386138615,0.0,0.0,0.0,0.0
hier_clust,2,13,ward,True,2748,7520,0.36542553191489363,0.9551724137931035,0.0,0.37037037037037035,0.4538852578068264,0.38613861386138615,0.0,0.0,0.0,0.0
hier_clust,2,14,ward,True,2748,7520,0.36542553191489363,0.9551724137931035,0.0,0.37037037037037035,0.4538852578068264,0.38613861386138615,0.0,0.0,0.0,0.0
hier_clust,2,17,average,False,2746,7520,0.3651595744680851,0.993103448275862,0.0,0.0005611672278338945,0.3638344226579521,0.0049504950495049506,0.0,0.0,0.41044776119402987,0.5389048991354467
hier_clust,2,18,average,False,2746,7520,0.3651595744680851,0.993103448275862,0.0,0.0016835016835016834,0.3623819898329702,0.0049504950495049506,0.0,0.0,0.41044776119402987,0.5389048991354467
hier_clust,10,72,median,True,2743,7520,0.36476063829787236,0.9868965517241379,0.0008764241893076249,0.008978675645342313,0.20915032679738563,0.37623762376237624,0.3333333333333333,0.08823529411764706,0.029850746268656716,0.6628242074927954
hier_clust,5,30,complete,False,2741,7520,0.36449468085106385,0.0,0.7861524978089395,0.021885521885521887,0.4829339143064633,0.10396039603960396,0.0,0.0,0.14925373134328357,0.7917867435158501
hier_clust,5,32,complete,False,2741,7520,0.36449468085106385,0.0,0.7861524978089395,0.021885521885521887,0.4829339143064633,0.10396039603960396,0.0,0.0,0.14925373134328357,0.7917867435158501
hier_clust,10,67,median,True,2741,7520,0.36449468085106385,0.9868965517241379,0.0008764241893076249,0.007295173961840628,0.21931735657225854,0.3118811881188119,0.3333333333333333,0.08823529411764706,0.029850746268656716,0.6628242074927954
hier_clust,10,92,complete,True,2736,7520,0.3638297872340426,0.9855172413793103,0.0008764241893076249,0.007856341189674524,0.6949891067538126,0.37623762376237624,0.25,0.058823529411764705,0.04477611940298507,0.1786743515850144
hier_clust,10,85,complete,True,2734,7520,0.36356382978723406,0.9855172413793103,0.0008764241893076249,0.007856341189674524,0.7022512708787219,0.3217821782178218,0.16666666666666666,0.058823529411764705,0.04477611940298507,0.1786743515850144
hier_clust,2,14,average,False,2730,7520,0.363031914893617,0.993103448275862,0.0,0.0005611672278338945,0.3638344226579521,0.0,0.0,0.0,0.0,0.5677233429394812
hier_clust,2,15,average,False,2730,7520,0.363031914893617,0.993103448275862,0.0,0.0005611672278338945,0.3638344226579521,0.0,0.0,0.0,0.0,0.5677233429394812
hier_clust,2,13,average,False,2730,7520,0.363031914893617,0.993103448275862,0.0,0.0005611672278338945,0.3638344226579521,0.0,0.0,0.0,0.0,0.5677233429394812
hier_clust,2,10,average,False,2730,7520,0.363031914893617,0.993103448275862,0.0,0.0,0.3587509077705156,0.0,0.0,0.0,0.05970149253731343,0.5677233429394812
hier_clust,2,12,average,False,2730,7520,0.363031914893617,0.993103448275862,0.0,0.0005611672278338945,0.3638344226579521,0.0,0.0,0.0,0.0,0.5677233429394812
hier_clust,2,8,average,False,2730,7520,0.363031914893617,0.993103448275862,0.0,0.0,0.3587509077705156,0.0,0.0,0.0,0.05970149253731343,0.5677233429394812
hier_clust,2,9,average,False,2730,7520,0.363031914893617,0.993103448275862,0.0,0.0,0.3587509077705156,0.0,0.0,0.0,0.05970149253731343,0.5677233429394812
hier_clust,5,27,complete,False,2730,7520,0.363031914893617,0.0,0.7861524978089395,0.014590347923681257,0.48946986201888165,0.06930693069306931,0.0,0.0,0.14925373134328357,0.7917867435158501
hier_clust,2,11,average,False,2730,7520,0.363031914893617,0.993103448275862,0.0,0.0,0.3587509077705156,0.0,0.0,0.0,0.05970149253731343,0.5677233429394812
hier_clust,5,21,complete,False,2728,7520,0.3627659574468085,0.0,0.0,0.5695847362514029,0.4212055192447349,0.06930693069306931,0.0,0.0,0.14925373134328357,0.7917867435158501
hier_clust,5,20,complete,False,2728,7520,0.3627659574468085,0.0,0.0,0.5695847362514029,0.4212055192447349,0.06930693069306931,0.0,0.0,0.14925373134328357,0.7917867435158501
hier_clust,5,25,complete,False,2728,7520,0.3627659574468085,0.0,0.0,0.5695847362514029,0.4212055192447349,0.06930693069306931,0.0,0.0,0.14925373134328357,0.7917867435158501
hier_clust,5,23,complete,False,2728,7520,0.3627659574468085,0.0,0.0,0.5695847362514029,0.4212055192447349,0.06930693069306931,0.0,0.0,0.14925373134328357,0.7917867435158501
hier_clust,20,92,weighted,True,2721,7520,0.3618351063829787,0.9813793103448276,0.0008764241893076249,0.008417508417508417,0.30718954248366015,0.35148514851485146,0.3333333333333333,0.0,0.04477611940298507,0.5605187319884726
hier_clust,20,85,weighted,True,2721,7520,0.3618351063829787,0.9813793103448276,0.0008764241893076249,0.008417508417508417,0.30718954248366015,0.35148514851485146,0.3333333333333333,0.0,0.04477611940298507,0.5605187319884726
hier_clust,5,18,complete,False,2721,7520,0.3618351063829787,0.0,0.0,0.5549943883277216,0.43500363108206247,0.06930693069306931,0.0,0.0,0.14925373134328357,0.7917867435158501
hier_clust,5,17,complete,False,2718,7520,0.361436170212766,0.0,0.0,0.5549943883277216,0.43137254901960786,0.07920792079207921,0.0,0.0,0.14925373134328357,0.7917867435158501
hier_clust,5,15,complete,False,2716,7520,0.36117021276595745,0.0,0.0,0.5549943883277216,0.429920116194626,0.07920792079207921,0.0,0.0,0.14925373134328357,0.7917867435158501
hier_clust,10,8,complete,False,2714,7520,0.36090425531914894,0.0,0.0,0.7463524130190797,0.24255628177196806,0.15346534653465346,0.0,0.0,0.0,0.734149855907781
hier_clust,10,9,complete,False,2714,7520,0.36090425531914894,0.0,0.0,0.7463524130190797,0.25199709513435004,0.0891089108910891,0.0,0.0,0.0,0.734149855907781
hier_clust,20,41,complete,False,2714,7520,0.36090425531914894,0.9889655172413793,0.0,0.09820426487093153,0.3202614379084967,0.21287128712871287,0.0,0.0,0.0,0.4474063400576369
hier_clust,2,4,ward,False,2706,7520,0.3598404255319149,0.9924137931034482,0.0,0.0,0.2636165577342048,0.0,0.0,0.0,0.0,0.6512968299711815
hier_clust,2,3,ward,False,2706,7520,0.3598404255319149,0.9924137931034482,0.0,0.0,0.2636165577342048,0.0,0.0,0.0,0.0,0.6512968299711815
hier_clust,3,11,weighted,False,2705,7520,0.35970744680851063,0.9924137931034482,0.0,0.0,0.29121278140885987,0.024752475247524754,0.0,0.0,0.06716417910447761,0.6131123919308358
hier_clust,3,12,weighted,False,2705,7520,0.35970744680851063,0.9924137931034482,0.0,0.0,0.29121278140885987,0.024752475247524754,0.0,0.0,0.06716417910447761,0.6131123919308358
hier_clust,3,10,weighted,False,2701,7520,0.3591755319148936,0.9924137931034482,0.0,0.0,0.29193899782135074,0.0,0.0,0.0,0.06716417910447761,0.6131123919308358
hier_clust,20,38,complete,False,2699,7520,0.3589095744680851,0.9889655172413793,0.0,0.08585858585858586,0.3202614379084967,0.21287128712871287,0.0,0.0,0.0,0.45244956772334294
hier_clust,5,13,complete,False,2697,7520,0.3586436170212766,0.0,0.0,0.5549943883277216,0.41466957153231665,0.07920792079207921,0.0,0.0,0.14925373134328357,0.7932276657060519
hier_clust,5,14,complete,False,2697,7520,0.3586436170212766,0.0,0.0,0.5549943883277216,0.41466957153231665,0.07920792079207921,0.0,0.0,0.14925373134328357,0.7932276657060519
hier_clust,20,35,complete,False,2690,7520,0.35771276595744683,0.9889655172413793,0.0,0.020202020202020204,0.40232389251997097,0.18811881188118812,0.0,0.0,0.0,0.45244956772334294
hier_clust,2,6,average,False,2690,7520,0.35771276595744683,0.993103448275862,0.0,0.0,0.3100944081336238,0.0,0.0,0.0,0.05970149253731343,0.5871757925072046
hier_clust,2,7,average,False,2690,7520,0.35771276595744683,0.993103448275862,0.0,0.0,0.3100944081336238,0.0,0.0,0.0,0.05970149253731343,0.5871757925072046
hier_clust,3,13,median,False,2688,7520,0.3574468085106383,0.9924137931034482,0.0,0.026936026936026935,0.2476397966594045,0.0594059405940594,0.0,0.0,0.06716417910447761,0.6044668587896254
hier_clust,3,14,median,False,2688,7520,0.3574468085106383,0.9924137931034482,0.0,0.026936026936026935,0.2476397966594045,0.0594059405940594,0.0,0.0,0.06716417910447761,0.6044668587896254
hier_clust,3,15,median,False,2688,7520,0.3574468085106383,0.9924137931034482,0.0,0.026936026936026935,0.2476397966594045,0.0594059405940594,0.0,0.0,0.06716417910447761,0.6044668587896254
hier_clust,20,32,complete,False,2678,7520,0.3561170212765957,0.9889655172413793,0.0,0.006734006734006734,0.41103848946986205,0.18811881188118812,0.0,0.0,0.0,0.45244956772334294
hier_clust,4,8,complete,False,2675,7520,0.355718085106383,0.9558620689655173,0.0,0.0,0.18736383442265794,0.09900990099009901,0.0,0.0,0.08208955223880597,0.7204610951008645
hier_clust,4,7,complete,False,2675,7520,0.355718085106383,0.9558620689655173,0.0,0.0,0.18736383442265794,0.09900990099009901,0.0,0.0,0.08208955223880597,0.7204610951008645
hier_clust,20,30,complete,False,2669,7520,0.3549202127659574,0.9889655172413793,0.0,0.0,0.4132171387073348,0.18811881188118812,0.0,0.0,0.0,0.45244956772334294
hier_clust,3,12,median,False,2664,7520,0.35425531914893615,0.9924137931034482,0.0,0.001122334455667789,0.2476397966594045,0.0594059405940594,0.0,0.0,0.06716417910447761,0.6203170028818443
hier_clust,3,10,median,False,2662,7520,0.35398936170212764,0.9924137931034482,0.0,0.0,0.24909222948438633,0.04950495049504951,0.0,0.0,0.06716417910447761,0.6203170028818443
hier_clust,3,8,median,False,2662,7520,0.35398936170212764,0.9924137931034482,0.0,0.0,0.24909222948438633,0.04950495049504951,0.0,0.0,0.06716417910447761,0.6203170028818443
hier_clust,3,9,median,False,2662,7520,0.35398936170212764,0.9924137931034482,0.0,0.0,0.24909222948438633,0.04950495049504951,0.0,0.0,0.06716417910447761,0.6203170028818443
hier_clust,3,11,median,False,2662,7520,0.35398936170212764,0.9924137931034482,0.0,0.001122334455667789,0.2476397966594045,0.04950495049504951,0.0,0.0,0.06716417910447761,0.6203170028818443
hier_clust,5,8,ward,True,2661,7520,0.3538563829787234,0.983448275862069,0.0,0.0,0.2113289760348584,0.0049504950495049506,0.0,0.0,0.0,0.6793948126801153
hier_clust,5,7,ward,True,2661,7520,0.3538563829787234,0.983448275862069,0.0,0.0,0.2113289760348584,0.0049504950495049506,0.0,0.0,0.0,0.6793948126801153
hier_clust,5,6,ward,True,2661,7520,0.3538563829787234,0.983448275862069,0.0,0.0,0.2113289760348584,0.0049504950495049506,0.0,0.0,0.0,0.6793948126801153
hier_clust,5,85,median,False,2660,7520,0.3537234042553192,0.9786206896551725,0.0,0.16947250280583614,0.46187363834422657,0.24257425742574257,0.16666666666666666,0.0,0.03731343283582089,0.17795389048991356
hier_clust,5,78,median,False,2659,7520,0.3535904255319149,0.9786206896551725,0.0,0.16947250280583614,0.46187363834422657,0.2376237623762376,0.16666666666666666,0.0,0.03731343283582089,0.17795389048991356
hier_clust,2,14,weighted,False,2658,7520,0.35345744680851066,0.9951724137931034,0.0,0.0,0.32316630355846043,0.0,0.0,0.0,0.11940298507462686,0.5432276657060519
hier_clust,3,6,median,False,2657,7520,0.35332446808510637,0.9924137931034482,0.0,0.0,0.24909222948438633,0.024752475247524754,0.0,0.0,0.06716417910447761,0.6203170028818443
hier_clust,3,7,median,False,2657,7520,0.35332446808510637,0.9924137931034482,0.0,0.0,0.24909222948438633,0.024752475247524754,0.0,0.0,0.06716417910447761,0.6203170028818443
hier_clust,5,12,complete,False,2656,7520,0.35319148936170214,0.0,0.0,0.6296296296296297,0.28830791575889614,0.07920792079207921,0.0,0.0,0.14925373134328357,0.7932276657060519
hier_clust,3,5,median,False,2654,7520,0.3529255319148936,0.9924137931034482,0.0,0.0,0.2534495279593319,0.024752475247524754,0.0,0.0,0.0,0.6203170028818443
hier_clust,5,11,complete,False,2648,7520,0.35212765957446807,0.0,0.0,0.6296296296296297,0.2730573710965868,0.07920792079207921,0.0,0.0,0.2462686567164179,0.7932276657060519
hier_clust,2,7,ward,True,2646,7520,0.35186170212765955,0.9551724137931035,0.0,0.4702581369248036,0.25054466230936817,0.38613861386138615,0.0,0.0,0.0,0.0
hier_clust,2,9,ward,True,2646,7520,0.35186170212765955,0.9551724137931035,0.0,0.4702581369248036,0.25054466230936817,0.38613861386138615,0.0,0.0,0.0,0.0
hier_clust,False,100,weighted,False,2646,7520,0.35186170212765955,0.9937931034482759,0.0,0.02132435465768799,0.2824981844589688,0.3564356435643564,0.5,0.029411764705882353,0.0,0.5036023054755043
hier_clust,2,10,ward,True,2646,7520,0.35186170212765955,0.9551724137931035,0.0,0.4702581369248036,0.25054466230936817,0.38613861386138615,0.0,0.0,0.0,0.0
hier_clust,2,8,ward,True,2646,7520,0.35186170212765955,0.9551724137931035,0.0,0.4702581369248036,0.25054466230936817,0.38613861386138615,0.0,0.0,0.0,0.0
hier_clust,False,92,weighted,False,2643,7520,0.3514627659574468,0.9937931034482759,0.0,0.020202020202020204,0.28177196804647786,0.35148514851485146,0.5,0.029411764705882353,0.0,0.5043227665706052
hier_clust,20,100,weighted,False,2635,7520,0.3503989361702128,0.6937931034482758,0.6266432953549518,0.06341189674523008,0.4262890341321714,0.29207920792079206,0.3333333333333333,0.058823529411764705,0.04477611940298507,0.10302593659942363
hier_clust,5,10,complete,False,2634,7520,0.3502659574468085,0.0,0.0,0.6604938271604939,0.22294843863471314,0.07920792079207921,0.0,0.0,0.2462686567164179,0.7932276657060519
hier_clust,5,9,complete,False,2634,7520,0.3502659574468085,0.0,0.0,0.6604938271604939,0.22294843863471314,0.07920792079207921,0.0,0.0,0.2462686567164179,0.7932276657060519
hier_clust,False,85,weighted,False,2632,7520,0.35,0.9937931034482759,0.0,0.020202020202020204,0.2774146695715323,0.3316831683168317,0.5,0.029411764705882353,0.0,0.5036023054755043
hier_clust,5,8,complete,False,2630,7520,0.3497340425531915,0.0,0.0,0.6604938271604939,0.2251270878721859,0.04455445544554455,0.0,0.0,0.2462686567164179,0.7932276657060519
hier_clust,4,23,centroid,False,2629,7520,0.34960106382978723,0.0,0.0,0.8378226711560045,0.22875816993464052,0.10891089108910891,0.0,0.0,0.0,0.5756484149855908
hier_clust,4,25,centroid,False,2629,7520,0.34960106382978723,0.0,0.0,0.8378226711560045,0.22875816993464052,0.10891089108910891,0.0,0.0,0.0,0.5756484149855908
hier_clust,5,100,complete,True,2628,7520,0.349468085106383,0.993103448275862,0.0008764241893076249,0.03872053872053872,0.27596223674655046,0.32673267326732675,0.16666666666666666,0.0,0.40298507462686567,0.4438040345821326
hier_clust,4,20,centroid,False,2628,7520,0.349468085106383,0.0,0.0,0.8378226711560045,0.22730573710965868,0.11386138613861387,0.0,0.0,0.0,0.5756484149855908
hier_clust,4,18,centroid,False,2628,7520,0.349468085106383,0.0,0.0,0.8378226711560045,0.22730573710965868,0.11386138613861387,0.0,0.0,0.0,0.5756484149855908
hier_clust,4,21,centroid,False,2628,7520,0.349468085106383,0.0,0.0,0.8378226711560045,0.22730573710965868,0.11386138613861387,0.0,0.0,0.0,0.5756484149855908
hier_clust,5,7,complete,False,2627,7520,0.3493351063829787,0.0,0.0,0.6604938271604939,0.22948438634713145,0.0,0.0,0.0,0.2462686567164179,0.7932276657060519
hier_clust,5,72,median,False,2624,7520,0.34893617021276596,0.9786206896551725,0.0,0.17115600448933782,0.4335511982570806,0.2376237623762376,0.16666666666666666,0.0,0.04477611940298507,0.17795389048991356
hier_clust,False,78,weighted,False,2624,7520,0.34893617021276596,0.9937931034482759,0.0,0.020202020202020204,0.2716049382716049,0.3316831683168317,0.5,0.029411764705882353,0.0,0.5036023054755043
hier_clust,4,15,centroid,False,2623,7520,0.3488031914893617,0.0,0.0,0.8378226711560045,0.23021060275962238,0.06930693069306931,0.0,0.0,0.0,0.5756484149855908
hier_clust,4,17,centroid,False,2623,7520,0.3488031914893617,0.0,0.0,0.8378226711560045,0.23021060275962238,0.06930693069306931,0.0,0.0,0.0,0.5756484149855908
hier_clust,False,72,weighted,False,2621,7520,0.3485372340425532,0.9937931034482759,0.0,0.020202020202020204,0.2716049382716049,0.3217821782178218,0.4166666666666667,0.029411764705882353,0.0,0.5036023054755043
hier_clust,False,67,weighted,False,2618,7520,0.3481382978723404,0.9937931034482759,0.0,0.020202020202020204,0.2730573710965868,0.3118811881188119,0.4166666666666667,0.029411764705882353,0.0,0.5014409221902018
hier_clust,False,61,weighted,False,2617,7520,0.3480053191489362,0.9937931034482759,0.0,0.003928170594837262,0.2933914306463326,0.3118811881188119,0.4166666666666667,0.029411764705882353,0.0,0.5014409221902018
hier_clust,5,67,median,False,2616,7520,0.3478723404255319,0.9786206896551725,0.0,0.17115600448933782,0.4357298474945534,0.18316831683168316,0.16666666666666666,0.0,0.04477611940298507,0.17795389048991356
hier_clust,3,14,average,False,2615,7520,0.34773936170212766,0.9944827586206897,0.0,0.013468013468013467,0.20043572984749455,0.11386138613861387,0.0,0.0,0.291044776119403,0.5842939481268011
hier_clust,3,15,average,False,2615,7520,0.34773936170212766,0.9944827586206897,0.0,0.013468013468013467,0.20043572984749455,0.11386138613861387,0.0,0.0,0.291044776119403,0.5842939481268011
hier_clust,5,61,median,False,2614,7520,0.3476063829787234,0.9786206896551725,0.0,0.17115600448933782,0.43427741466957154,0.18316831683168316,0.16666666666666666,0.0,0.04477611940298507,0.17795389048991356
hier_clust,False,57,weighted,False,2614,7520,0.3476063829787234,0.9937931034482759,0.0,0.003367003367003367,0.2926652142338417,0.3069306930693069,0.4166666666666667,0.029411764705882353,0.0,0.5014409221902018
hier_clust,False,52,weighted,False,2612,7520,0.3473404255319149,0.9937931034482759,0.0,0.003367003367003367,0.2926652142338417,0.3069306930693069,0.3333333333333333,0.0,0.0,0.5014409221902018
hier_clust,2,13,weighted,False,2610,7520,0.3470744680851064,0.9951724137931034,0.0,0.0,0.2774146695715323,0.0,0.0,0.0,0.11940298507462686,0.5540345821325648
hier_clust,3,13,average,False,2610,7520,0.3470744680851064,0.9944827586206897,0.0,0.0,0.20043572984749455,0.11386138613861387,0.0,0.0,0.43283582089552236,0.5842939481268011
hier_clust,5,92,complete,True,2608,7520,0.3468085106382979,0.993103448275862,0.0008764241893076249,0.02356902356902357,0.28177196804647786,0.31683168316831684,0.16666666666666666,0.0,0.41044776119402987,0.4438040345821326
hier_clust,3,12,average,False,2607,7520,0.34667553191489364,0.9944827586206897,0.0,0.0,0.20043572984749455,0.11386138613861387,0.0,0.0,0.41044776119402987,0.5842939481268011
hier_clust,5,57,median,False,2607,7520,0.34667553191489364,0.9786206896551725,0.0,0.19135802469135801,0.4059549745824256,0.16336633663366337,0.16666666666666666,0.0,0.04477611940298507,0.17795389048991356
hier_clust,5,52,median,False,2605,7520,0.3464095744680851,0.9786206896551725,0.0,0.19135802469135801,0.4059549745824256,0.15346534653465346,0.16666666666666666,0.0,0.04477611940298507,0.17795389048991356
hier_clust,2,12,weighted,False,2603,7520,0.3461436170212766,0.9951724137931034,0.0,0.0,0.2774146695715323,0.0,0.0,0.0,0.022388059701492536,0.55835734870317
hier_clust,2,11,weighted,False,2603,7520,0.3461436170212766,0.9951724137931034,0.0,0.0,0.2774146695715323,0.0,0.0,0.0,0.022388059701492536,0.55835734870317
hier_clust,2,10,weighted,False,2603,7520,0.3461436170212766,0.9951724137931034,0.0,0.0,0.2774146695715323,0.0,0.0,0.0,0.022388059701492536,0.55835734870317
hier_clust,5,85,complete,True,2602,7520,0.3460106382978723,0.993103448275862,0.0008764241893076249,0.02356902356902357,0.28540305010893247,0.26732673267326734,0.08333333333333333,0.0,0.41044776119402987,0.4438040345821326
hier_clust,5,48,median,False,2595,7520,0.34507978723404253,0.9786206896551725,0.0,0.19304152637485972,0.39651416122004357,0.15841584158415842,0.16666666666666666,0.0,0.04477611940298507,0.17723342939481268
hier_clust,5,45,median,False,2594,7520,0.3449468085106383,0.9786206896551725,0.0,0.19304152637485972,0.39941902687000724,0.13366336633663367,0.16666666666666666,0.0,0.04477611940298507,0.17723342939481268
hier_clust,2,9,weighted,False,2587,7520,0.3440159574468085,0.9951724137931034,0.0,0.0,0.26289034132171385,0.0,0.0,0.0,0.022388059701492536,0.5612391930835735
hier_clust,False,48,weighted,False,2583,7520,0.3434840425531915,0.9937931034482759,0.0,0.003367003367003367,0.2716049382716049,0.3069306930693069,0.3333333333333333,0.0,0.0,0.5014409221902018
hier_clust,False,45,weighted,False,2580,7520,0.34308510638297873,0.9937931034482759,0.0,0.003367003367003367,0.2694262890341322,0.3069306930693069,0.3333333333333333,0.0,0.0,0.5014409221902018
hier_clust,False,41,weighted,False,2574,7520,0.3422872340425532,0.9937931034482759,0.0,0.003367003367003367,0.2701525054466231,0.27722772277227725,0.25,0.0,0.0,0.5014409221902018
hier_clust,False,38,weighted,False,2572,7520,0.34202127659574466,0.9937931034482759,0.0,0.003367003367003367,0.2694262890341322,0.2722772277227723,0.25,0.0,0.0,0.5014409221902018
hier_clust,4,25,weighted,False,2572,7520,0.34202127659574466,0.9937931034482759,0.0,0.04769921436588103,0.3681917211328976,0.11386138613861387,0.0,0.0,0.08955223880597014,0.3631123919308357
hier_clust,False,35,weighted,False,2570,7520,0.34175531914893614,0.9937931034482759,0.0,0.0028058361391694723,0.2672476397966594,0.28217821782178215,0.25,0.0,0.0,0.5014409221902018
hier_clust,5,35,centroid,False,2569,7520,0.3416223404255319,0.0,0.0,0.8237934904601572,0.16412490922294845,0.11386138613861387,0.16666666666666666,0.0,0.3358208955223881,0.579971181556196
hier_clust,3,4,median,False,2569,7520,0.3416223404255319,0.9924137931034482,0.0,0.0,0.17429193899782136,0.024752475247524754,0.0,0.0,0.0,0.6376080691642652
hier_clust,5,32,centroid,False,2567,7520,0.3413563829787234,0.0,0.0,0.8237934904601572,0.16412490922294845,0.11386138613861387,0.0,0.0,0.3358208955223881,0.579971181556196
hier_clust,False,32,weighted,False,2566,7520,0.34122340425531916,0.9937931034482759,0.0,0.0028058361391694723,0.2672476397966594,0.2623762376237624,0.25,0.0,0.0,0.5014409221902018
hier_clust,3,3,median,False,2565,7520,0.3410904255319149,0.9924137931034482,0.0,0.0,0.17501815541031226,0.0,0.0,0.0,0.0,0.6376080691642652
hier_clust,4,23,weighted,False,2564,7520,0.34095744680851064,0.9937931034482759,0.0,0.04769921436588103,0.3681917211328976,0.11386138613861387,0.0,0.0,0.022388059701492536,0.3638328530259366
hier_clust,4,20,weighted,False,2563,7520,0.34082446808510636,0.9937931034482759,0.0,0.04769921436588103,0.3681917211328976,0.10891089108910891,0.0,0.0,0.022388059701492536,0.3638328530259366
hier_clust,4,21,weighted,False,2563,7520,0.34082446808510636,0.9937931034482759,0.0,0.04769921436588103,0.3681917211328976,0.10891089108910891,0.0,0.0,0.022388059701492536,0.3638328530259366
hier_clust,False,27,weighted,False,2561,7520,0.3405585106382979,0.9937931034482759,0.0,0.003367003367003367,0.2672476397966594,0.23267326732673269,0.25,0.0,0.0,0.5014409221902018
hier_clust,False,30,weighted,False,2561,7520,0.3405585106382979,0.9937931034482759,0.0,0.003367003367003367,0.2672476397966594,0.23267326732673269,0.25,0.0,0.0,0.5014409221902018
hier_clust,False,25,weighted,False,2559,7520,0.3402925531914894,0.9937931034482759,0.0,0.003367003367003367,0.2672476397966594,0.22772277227722773,0.16666666666666666,0.0,0.0,0.5014409221902018
hier_clust,False,23,weighted,False,2557,7520,0.34002659574468086,0.9937931034482759,0.0,0.003367003367003367,0.2672476397966594,0.22772277227722773,0.0,0.0,0.0,0.5014409221902018
hier_clust,3,15,centroid,False,2550,7520,0.3390957446808511,0.0,0.0,0.8552188552188552,0.14814814814814814,0.0594059405940594,0.0,0.0,0.014925373134328358,0.5821325648414986
hier_clust,3,13,centroid,False,2549,7520,0.3389627659574468,0.0,0.0,0.8552188552188552,0.14814814814814814,0.054455445544554455,0.0,0.0,0.014925373134328358,0.5821325648414986
hier_clust,3,12,centroid,False,2549,7520,0.3389627659574468,0.0,0.0,0.8552188552188552,0.14814814814814814,0.054455445544554455,0.0,0.0,0.014925373134328358,0.5821325648414986
hier_clust,3,14,centroid,False,2549,7520,0.3389627659574468,0.0,0.0,0.8552188552188552,0.14814814814814814,0.054455445544554455,0.0,0.0,0.014925373134328358,0.5821325648414986
hier_clust,4,15,weighted,False,2547,7520,0.3386968085106383,0.9937931034482759,0.0,0.0,0.41830065359477125,0.10891089108910891,0.0,0.0,0.022388059701492536,0.3638328530259366
hier_clust,4,17,weighted,False,2547,7520,0.3386968085106383,0.9937931034482759,0.0,0.0,0.41830065359477125,0.10891089108910891,0.0,0.0,0.022388059701492536,0.3638328530259366
hier_clust,4,18,weighted,False,2547,7520,0.3386968085106383,0.9937931034482759,0.0,0.0,0.41830065359477125,0.10891089108910891,0.0,0.0,0.022388059701492536,0.3638328530259366
hier_clust,4,14,weighted,False,2545,7520,0.3384308510638298,0.9937931034482759,0.0,0.0,0.41830065359477125,0.09900990099009901,0.0,0.0,0.022388059701492536,0.3638328530259366
hier_clust,4,12,weighted,False,2545,7520,0.3384308510638298,0.9937931034482759,0.0,0.0,0.41830065359477125,0.09900990099009901,0.0,0.0,0.022388059701492536,0.3638328530259366
hier_clust,4,13,weighted,False,2545,7520,0.3384308510638298,0.9937931034482759,0.0,0.0,0.41830065359477125,0.09900990099009901,0.0,0.0,0.022388059701492536,0.3638328530259366
hier_clust,3,11,centroid,False,2545,7520,0.3384308510638298,0.0,0.0,0.8552188552188552,0.14887436456063907,0.0297029702970297,0.0,0.0,0.014925373134328358,0.5821325648414986
hier_clust,4,10,weighted,False,2542,7520,0.338031914893617,0.9937931034482759,0.0,0.0,0.41830065359477125,0.09900990099009901,0.0,0.0,0.0,0.3638328530259366
hier_clust,4,11,weighted,False,2542,7520,0.338031914893617,0.9937931034482759,0.0,0.0,0.41830065359477125,0.09900990099009901,0.0,0.0,0.0,0.3638328530259366
hier_clust,2,12,median,False,2539,7520,0.33763297872340425,0.9944827586206897,0.0,0.02132435465768799,0.40885984023238925,0.0,0.0,0.0,0.12686567164179105,0.3451008645533141
hier_clust,3,10,centroid,False,2537,7520,0.33736702127659574,0.0,0.0,0.8215488215488216,0.14887436456063907,0.0297029702970297,0.0,0.0,0.014925373134328358,0.6195965417867435
hier_clust,3,8,centroid,False,2535,7520,0.3371010638297872,0.0,0.0,0.8215488215488216,0.14887436456063907,0.0297029702970297,0.0,0.0,0.0,0.6195965417867435
hier_clust,3,9,centroid,False,2535,7520,0.3371010638297872,0.0,0.0,0.8215488215488216,0.14887436456063907,0.0297029702970297,0.0,0.0,0.0,0.6195965417867435
hier_clust,2,92,complete,True,2522,7520,0.33537234042553193,0.973103448275862,0.0008764241893076249,0.2615039281705948,0.40885984023238925,0.35148514851485146,0.3333333333333333,0.029411764705882353,0.029850746268656716,0.0007204610951008645
hier_clust,10,7,complete,False,2522,7520,0.33537234042553193,0.0,0.0,0.7901234567901234,0.04647785039941903,0.15346534653465346,0.0,0.0,0.0,0.734149855907781
hier_clust,2,100,complete,True,2522,7520,0.33537234042553193,0.973103448275862,0.0008764241893076249,0.2620650953984287,0.4095860566448802,0.3415841584158416,0.3333333333333333,0.029411764705882353,0.029850746268656716,0.0007204610951008645
hier_clust,2,85,complete,True,2520,7520,0.3351063829787234,0.973103448275862,0.0008764241893076249,0.2615039281705948,0.4059549745824256,0.3613861386138614,0.3333333333333333,0.029411764705882353,0.029850746268656716,0.0007204610951008645
hier_clust,2,78,complete,True,2519,7520,0.33497340425531913,0.973103448275862,0.0008764241893076249,0.2615039281705948,0.4045025417574437,0.36633663366336633,0.3333333333333333,0.029411764705882353,0.029850746268656716,0.0007204610951008645
hier_clust,2,72,complete,True,2518,7520,0.3348404255319149,0.973103448275862,0.0008764241893076249,0.25869809203142535,0.40885984023238925,0.3564356435643564,0.3333333333333333,0.029411764705882353,0.029850746268656716,0.0007204610951008645
hier_clust,2,10,median,False,2515,7520,0.33444148936170215,0.9944827586206897,0.0,0.0,0.40885984023238925,0.0,0.0,0.0,0.12686567164179105,0.35518731988472624
hier_clust,2,11,median,False,2515,7520,0.33444148936170215,0.9944827586206897,0.0,0.0,0.40885984023238925,0.0,0.0,0.0,0.12686567164179105,0.35518731988472624
hier_clust,10,6,complete,False,2511,7520,0.3339095744680851,0.0,0.0,0.7794612794612794,0.04647785039941903,0.15346534653465346,0.0,0.0,0.0,0.7399135446685879
hier_clust,10,5,complete,False,2511,7520,0.3339095744680851,0.0,0.0,0.7794612794612794,0.04647785039941903,0.15346534653465346,0.0,0.0,0.0,0.7399135446685879
hier_clust,2,8,median,False,2508,7520,0.33351063829787236,0.9944827586206897,0.0,0.0,0.40885984023238925,0.0,0.0,0.0,0.029850746268656716,0.3595100864553314
hier_clust,2,9,median,False,2508,7520,0.33351063829787236,0.9944827586206897,0.0,0.0,0.40885984023238925,0.0,0.0,0.0,0.029850746268656716,0.3595100864553314
hier_clust,10,48,weighted,False,2501,7520,0.3325797872340426,0.7875862068965517,0.0,0.07856341189674523,0.4560639070442992,0.16831683168316833,0.0,0.0,0.04477611940298507,0.3969740634005764
hier_clust,2,100,average,True,2491,7520,0.33125,0.9875862068965517,0.0008764241893076249,0.051066217732884396,0.6412490922294843,0.35148514851485146,0.4166666666666667,0.029411764705882353,0.029850746268656716,0.002161383285302594
hier_clust,5,38,median,False,2485,7520,0.3304521276595745,0.9806896551724138,0.0,0.17957351290684623,0.33986928104575165,0.13366336633663367,0.16666666666666666,0.0,0.0,0.17723342939481268
hier_clust,5,41,median,False,2485,7520,0.3304521276595745,0.9806896551724138,0.0,0.19304152637485972,0.3224400871459695,0.13366336633663367,0.16666666666666666,0.0,0.0,0.17723342939481268
hier_clust,5,32,median,False,2483,7520,0.330186170212766,0.9806896551724138,0.0,0.17957351290684623,0.3391430646332607,0.12871287128712872,0.16666666666666666,0.0,0.0,0.17723342939481268
hier_clust,5,35,median,False,2483,7520,0.330186170212766,0.9806896551724138,0.0,0.17957351290684623,0.3391430646332607,0.12871287128712872,0.16666666666666666,0.0,0.0,0.17723342939481268
hier_clust,20,2,ward,False,2482,7520,0.3300531914893617,0.0,0.0,0.8647586980920314,0.0,0.0,0.0,0.0,0.0,0.6779538904899135
hier_clust,5,30,median,False,2482,7520,0.3300531914893617,0.9806896551724138,0.0,0.15488215488215487,0.37037037037037035,0.12871287128712872,0.16666666666666666,0.0,0.0,0.17723342939481268
hier_clust,5,27,median,False,2475,7520,0.3291223404255319,0.9806896551724138,0.0,0.15488215488215487,0.3710965867828613,0.0891089108910891,0.16666666666666666,0.0,0.0,0.17723342939481268
hier_clust,5,25,median,False,2474,7520,0.32898936170212767,0.9806896551724138,0.0,0.15432098765432098,0.3710965867828613,0.0891089108910891,0.16666666666666666,0.0,0.0,0.17723342939481268
hier_clust,3,23,ward,True,2473,7520,0.3288563829787234,0.9806896551724138,0.0,0.12794612794612795,0.5548293391430646,0.29207920792079206,0.0,0.0,0.0,0.0
hier_clust,5,23,median,False,2472,7520,0.32872340425531915,0.9806896551724138,0.0,0.15432098765432098,0.3710965867828613,0.0891089108910891,0.0,0.0,0.0,0.17723342939481268
hier_clust,2,67,complete,True,2465,7520,0.32779255319148937,0.9751724137931035,0.0008764241893076249,0.22839506172839505,0.4103122730573711,0.3564356435643564,0.08333333333333333,0.029411764705882353,0.029850746268656716,0.0
hier_clust,2,92,average,True,2464,7520,0.3276595744680851,0.9875862068965517,0.0008764241893076249,0.017957351290684626,0.664488017429194,0.3564356435643564,0.4166666666666667,0.029411764705882353,0.029850746268656716,0.001440922190201729
hier_clust,4,7,weighted,False,2463,7520,0.32752659574468085,0.9937931034482759,0.0,0.0,0.31953522149600583,0.09900990099009901,0.0,0.0,0.0,0.4048991354466859
hier_clust,4,8,weighted,False,2463,7520,0.32752659574468085,0.9937931034482759,0.0,0.0,0.31953522149600583,0.09900990099009901,0.0,0.0,0.0,0.4048991354466859
hier_clust,4,9,weighted,False,2463,7520,0.32752659574468085,0.9937931034482759,0.0,0.0,0.31953522149600583,0.09900990099009901,0.0,0.0,0.0,0.4048991354466859
hier_clust,2,85,average,True,2462,7520,0.3273936170212766,0.9875862068965517,0.0008764241893076249,0.017957351290684626,0.6623093681917211,0.3613861386138614,0.4166666666666667,0.029411764705882353,0.029850746268656716,0.001440922190201729
hier_clust,4,6,weighted,False,2461,7520,0.32726063829787233,0.9937931034482759,0.0,0.0,0.32098765432098764,0.07920792079207921,0.0,0.0,0.0,0.4048991354466859
hier_clust,5,21,median,False,2458,7520,0.3268617021276596,0.9806896551724138,0.0,0.15881032547699214,0.35584604212055193,0.08415841584158416,0.0,0.0,0.0,0.17723342939481268
hier_clust,5,20,median,False,2458,7520,0.3268617021276596,0.9806896551724138,0.0,0.15881032547699214,0.35584604212055193,0.08415841584158416,0.0,0.0,0.0,0.17723342939481268
hier_clust,5,18,median,False,2457,7520,0.3267287234042553,0.9806896551724138,0.0,0.15881032547699214,0.35584604212055193,0.07920792079207921,0.0,0.0,0.0,0.17723342939481268
hier_clust,10,61,median,True,2451,7520,0.3259308510638298,0.9903448275862069,0.0008764241893076249,0.006172839506172839,0.2222222222222222,0.2376237623762376,0.3333333333333333,0.0,0.029850746268656716,0.4618155619596542
hier_clust,10,57,median,True,2448,7520,0.32553191489361705,0.9903448275862069,0.0008764241893076249,0.006172839506172839,0.2214960058097313,0.22772277227722773,0.3333333333333333,0.0,0.029850746268656716,0.4618155619596542
hier_clust,2,7,complete,False,2447,7520,0.32539893617021276,0.9820689655172414,0.0,0.0,0.6949891067538126,0.0,0.0,0.0,0.0,0.04755043227665706
hier_clust,3,100,complete,True,2446,7520,0.32526595744680853,0.9806896551724138,0.0008764241893076249,0.2239057239057239,0.40159767610748004,0.3118811881188119,0.16666666666666666,0.029411764705882353,0.029850746268656716,0.0007204610951008645
hier_clust,3,92,complete,True,2443,7520,0.3248670212765957,0.9806896551724138,0.0008764241893076249,0.012906846240179574,0.673202614379085,0.3069306930693069,0.16666666666666666,0.0,0.03731343283582089,0.0007204610951008645
hier_clust,3,85,complete,True,2443,7520,0.3248670212765957,0.9806896551724138,0.0008764241893076249,0.012906846240179574,0.6717501815541032,0.31683168316831684,0.16666666666666666,0.0,0.03731343283582089,0.0007204610951008645
hier_clust,2,61,complete,True,2430,7520,0.32313829787234044,0.9751724137931035,0.0008764241893076249,0.004489337822671156,0.6746550472040668,0.3564356435643564,0.08333333333333333,0.029411764705882353,0.029850746268656716,0.0
hier_clust,2,57,complete,True,2426,7520,0.3226063829787234,0.9751724137931035,0.0008764241893076249,0.004489337822671156,0.6753812636165577,0.3316831683168317,0.08333333333333333,0.029411764705882353,0.029850746268656716,0.0
hier_clust,False,100,complete,False,2426,7520,0.3226063829787234,0.9496551724137932,0.0,0.025252525252525252,0.4045025417574437,0.3613861386138614,0.4166666666666667,0.029411764705882353,0.0,0.26512968299711814
hier_clust,10,52,median,True,2425,7520,0.3224734042553192,0.9903448275862069,0.0008764241893076249,0.005611672278338945,0.2251270878721859,0.09900990099009901,0.25,0.0,0.029850746268656716,0.4618155619596542
hier_clust,False,92,complete,False,2425,7520,0.3224734042553192,0.9496551724137932,0.0,0.030303030303030304,0.3972403776325345,0.3613861386138614,0.4166666666666667,0.029411764705882353,0.0,0.26512968299711814
hier_clust,2,52,complete,True,2424,7520,0.3223404255319149,0.9751724137931035,0.0008764241893076249,0.004489337822671156,0.6717501815541032,0.35148514851485146,0.08333333333333333,0.0,0.029850746268656716,0.0
hier_clust,2,48,complete,True,2424,7520,0.3223404255319149,0.9751724137931035,0.0008764241893076249,0.004489337822671156,0.6717501815541032,0.35148514851485146,0.08333333333333333,0.0,0.029850746268656716,0.0
hier_clust,2,45,complete,True,2424,7520,0.3223404255319149,0.9751724137931035,0.0008764241893076249,0.004489337822671156,0.6717501815541032,0.35148514851485146,0.08333333333333333,0.0,0.029850746268656716,0.0
hier_clust,10,48,median,True,2423,7520,0.32220744680851066,0.9903448275862069,0.0008764241893076249,0.007295173961840628,0.22294843863471314,0.09405940594059406,0.16666666666666666,0.0,0.029850746268656716,0.4618155619596542
hier_clust,10,45,median,True,2423,7520,0.32220744680851066,0.9903448275862069,0.0008764241893076249,0.007295173961840628,0.2120551924473493,0.16831683168316833,0.16666666666666666,0.0,0.029850746268656716,0.4618155619596542
hier_clust,2,41,complete,True,2423,7520,0.32220744680851066,0.9751724137931035,0.0008764241893076249,0.003367003367003367,0.6724763979665941,0.35148514851485146,0.08333333333333333,0.0,0.029850746268656716,0.0
hier_clust,2,38,complete,True,2422,7520,0.32207446808510637,0.9751724137931035,0.0008764241893076249,0.003367003367003367,0.6717501815541032,0.35148514851485146,0.08333333333333333,0.0,0.029850746268656716,0.0
hier_clust,10,41,median,True,2419,7520,0.3216755319148936,0.9903448275862069,0.0008764241893076249,0.006172839506172839,0.2222222222222222,0.0891089108910891,0.16666666666666666,0.0,0.029850746268656716,0.4618155619596542
hier_clust,2,4,average,False,2419,7520,0.3216755319148936,0.0,0.0,0.8462401795735129,0.06390704429920116,0.0,0.0,0.0,0.05970149253731343,0.5871757925072046
hier_clust,2,5,average,False,2419,7520,0.3216755319148936,0.0,0.0,0.8462401795735129,0.06390704429920116,0.0,0.0,0.0,0.05970149253731343,0.5871757925072046
hier_clust,3,21,ward,True,2419,7520,0.3216755319148936,0.9806896551724138,0.0,0.0005611672278338945,0.6935366739288308,0.20297029702970298,0.0,0.0,0.0,0.0
hier_clust,3,78,complete,True,2418,7520,0.3215425531914894,0.9827586206896551,0.0008764241893076249,0.008417508417508417,0.6586782861292665,0.3069306930693069,0.16666666666666666,0.0,0.03731343283582089,0.0007204610951008645
hier_clust,3,20,ward,True,2415,7520,0.3211436170212766,0.9806896551724138,0.0,0.0005611672278338945,0.6899055918663762,0.2079207920792079,0.0,0.0,0.0,0.0
hier_clust,3,17,ward,True,2415,7520,0.3211436170212766,0.9806896551724138,0.0,0.0005611672278338945,0.6899055918663762,0.2079207920792079,0.0,0.0,0.0,0.0
hier_clust,3,18,ward,True,2415,7520,0.3211436170212766,0.9806896551724138,0.0,0.0005611672278338945,0.6899055918663762,0.2079207920792079,0.0,0.0,0.0,0.0
hier_clust,3,15,ward,True,2415,7520,0.3211436170212766,0.9806896551724138,0.0,0.0005611672278338945,0.6899055918663762,0.2079207920792079,0.0,0.0,0.0,0.0
hier_clust,3,14,ward,True,2414,7520,0.32101063829787235,0.9806896551724138,0.0,0.0005611672278338945,0.6681190994916485,0.35148514851485146,0.0,0.0,0.0,0.0
hier_clust,3,12,ward,True,2414,7520,0.32101063829787235,0.9806896551724138,0.0,0.0005611672278338945,0.6681190994916485,0.35148514851485146,0.0,0.0,0.0,0.0
hier_clust,3,11,ward,True,2414,7520,0.32101063829787235,0.9806896551724138,0.0,0.0005611672278338945,0.6681190994916485,0.35148514851485146,0.0,0.0,0.0,0.0
hier_clust,3,72,complete,True,2414,7520,0.32101063829787235,0.9827586206896551,0.0008764241893076249,0.005611672278338945,0.6594045025417574,0.3069306930693069,0.16666666666666666,0.0,0.03731343283582089,0.0007204610951008645
hier_clust,3,13,ward,True,2414,7520,0.32101063829787235,0.9806896551724138,0.0,0.0005611672278338945,0.6681190994916485,0.35148514851485146,0.0,0.0,0.0,0.0
hier_clust,10,38,median,True,2413,7520,0.32087765957446807,0.9903448275862069,0.0008764241893076249,0.003367003367003367,0.2222222222222222,0.07920792079207921,0.16666666666666666,0.0,0.029850746268656716,0.46253602305475505
hier_clust,3,67,complete,True,2411,7520,0.32061170212765955,0.9827586206896551,0.0,0.007295173961840628,0.6557734204793029,0.3118811881188119,0.16666666666666666,0.0,0.03731343283582089,0.0
hier_clust,10,45,weighted,False,2410,7520,0.3204787234042553,0.7875862068965517,0.0,0.016835016835016835,0.4524328249818446,0.1782178217821782,0.0,0.0,0.04477611940298507,0.4128242074927954
hier_clust,3,61,complete,True,2408,7520,0.3202127659574468,0.9827586206896551,0.0,0.005611672278338945,0.6594045025417574,0.2871287128712871,0.16666666666666666,0.0,0.03731343283582089,0.0
hier_clust,10,41,weighted,False,2404,7520,0.31968085106382976,0.7875862068965517,0.0,0.016835016835016835,0.4589687726942629,0.13366336633663367,0.0,0.0,0.0,0.4128242074927954
hier_clust,3,2,ward,False,2400,7520,0.3191489361702128,0.0,0.0,0.9001122334455668,0.0,0.0,0.0,0.0,0.0,0.5734870317002881
hier_clust,3,10,ward,True,2394,7520,0.31835106382978723,0.9806896551724138,0.0,0.0005611672278338945,0.6724763979665941,0.22277227722772278,0.0,0.0,0.0,0.0
hier_clust,3,9,ward,True,2394,7520,0.31835106382978723,0.9806896551724138,0.0,0.0005611672278338945,0.6724763979665941,0.22277227722772278,0.0,0.0,0.0,0.0
hier_clust,False,85,complete,False,2394,7520,0.31835106382978723,0.9503448275862069,0.0,0.030303030303030304,0.3747276688453159,0.3564356435643564,0.4166666666666667,0.029411764705882353,0.0,0.26512968299711814
hier_clust,10,38,weighted,False,2392,7520,0.3180851063829787,0.7875862068965517,0.0,0.016835016835016835,0.4589687726942629,0.07425742574257425,0.0,0.0,0.0,0.4128242074927954
hier_clust,5,17,median,False,2379,7520,0.3163563829787234,0.9813793103448276,0.0,0.15881032547699214,0.2984749455337691,0.07920792079207921,0.0,0.0,0.0,0.17723342939481268
hier_clust,False,78,complete,False,2377,7520,0.3160904255319149,0.9503448275862069,0.0,0.020763187429854096,0.3747276688453159,0.3564356435643564,0.4166666666666667,0.029411764705882353,0.0,0.26512968299711814
hier_clust,False,72,complete,False,2375,7520,0.3158244680851064,0.9503448275862069,0.0,0.020763187429854096,0.3747276688453159,0.35148514851485146,0.4166666666666667,0.0,0.0,0.26512968299711814
hier_clust,3,57,complete,True,2375,7520,0.3158244680851064,0.9841379310344828,0.0,0.003367003367003367,0.6368917937545389,0.2871287128712871,0.16666666666666666,0.0,0.03731343283582089,0.0
hier_clust,False,67,complete,False,2374,7520,0.3156914893617021,0.9503448275862069,0.0,0.01964085297418631,0.37254901960784315,0.3712871287128713,0.4166666666666667,0.0,0.0,0.26512968299711814
hier_clust,3,52,complete,True,2372,7520,0.31542553191489364,0.9841379310344828,0.0,0.003367003367003367,0.6376180101670298,0.2722772277227723,0.08333333333333333,0.0,0.03731343283582089,0.0
hier_clust,3,48,complete,True,2370,7520,0.3151595744680851,0.9841379310344828,0.0,0.002244668911335578,0.6376180101670298,0.2722772277227723,0.08333333333333333,0.0,0.03731343283582089,0.0
hier_clust,5,2,ward,False,2369,7520,0.31502659574468084,0.0,0.0,0.8114478114478114,0.0,0.0,0.0,0.0,0.0,0.6649855907780979
hier_clust,False,61,complete,False,2364,7520,0.31436170212765957,0.9503448275862069,0.0,0.01964085297418631,0.36310820624546114,0.38613861386138615,0.4166666666666667,0.0,0.0,0.26512968299711814
hier_clust,20,92,weighted,False,2349,7520,0.31236702127659577,0.9937931034482759,0.0,0.06228956228956229,0.42483660130718953,0.297029702970297,0.08333333333333333,0.058823529411764705,0.04477611940298507,0.10302593659942363
hier_clust,False,57,complete,False,2347,7520,0.31210106382978725,0.9503448275862069,0.0,0.01964085297418631,0.35294117647058826,0.37623762376237624,0.3333333333333333,0.0,0.0,0.26512968299711814
hier_clust,5,15,median,False,2347,7520,0.31210106382978725,0.9820689655172414,0.0,0.15881032547699214,0.27450980392156865,0.07920792079207921,0.0,0.0,0.0,0.17723342939481268
hier_clust,20,85,weighted,False,2347,7520,0.31210106382978725,0.9937931034482759,0.0,0.06172839506172839,0.4277414669571532,0.2722772277227723,0.08333333333333333,0.058823529411764705,0.04477611940298507,0.10302593659942363
hier_clust,10,30,weighted,False,2347,7520,0.31210106382978725,0.7875862068965517,0.0,0.01627384960718294,0.4233841684822077,0.07425742574257425,0.0,0.0,0.0,0.4164265129682997
hier_clust,10,35,weighted,False,2347,7520,0.31210106382978725,0.7875862068965517,0.0,0.01627384960718294,0.4233841684822077,0.07425742574257425,0.0,0.0,0.0,0.4164265129682997
hier_clust,10,32,weighted,False,2347,7520,0.31210106382978725,0.7875862068965517,0.0,0.01627384960718294,0.4233841684822077,0.07425742574257425,0.0,0.0,0.0,0.4164265129682997
hier_clust,10,27,weighted,False,2346,7520,0.31196808510638296,0.7882758620689655,0.0,0.01627384960718294,0.42193173565722586,0.07425742574257425,0.0,0.0,0.0,0.4164265129682997
hier_clust,10,25,weighted,False,2346,7520,0.31196808510638296,0.7882758620689655,0.0,0.01627384960718294,0.4212055192447349,0.07920792079207921,0.0,0.0,0.0,0.4164265129682997
hier_clust,5,14,median,False,2345,7520,0.31183510638297873,0.9820689655172414,0.0,0.15881032547699214,0.2730573710965868,0.07920792079207921,0.0,0.0,0.0,0.17723342939481268
hier_clust,5,13,median,False,2345,7520,0.31183510638297873,0.9820689655172414,0.0,0.15881032547699214,0.2730573710965868,0.07920792079207921,0.0,0.0,0.0,0.17723342939481268
hier_clust,2,2,ward,False,2344,7520,0.31170212765957445,0.993103448275862,0.0,0.0,0.0,0.0,0.0,0.0,0.0,0.6512968299711815
hier_clust,20,78,weighted,False,2343,7520,0.3115691489361702,0.9937931034482759,0.0,0.06172839506172839,0.42701525054466233,0.25742574257425743,0.08333333333333333,0.058823529411764705,0.04477611940298507,0.10302593659942363
hier_clust,20,72,weighted,False,2342,7520,0.311436170212766,0.9937931034482759,0.0,0.0611672278338945,0.42701525054466233,0.25742574257425743,0.08333333333333333,0.058823529411764705,0.04477611940298507,0.10302593659942363
hier_clust,False,52,complete,False,2342,7520,0.311436170212766,0.9503448275862069,0.0,0.019079685746352413,0.35366739288307913,0.35148514851485146,0.3333333333333333,0.0,0.0,0.26512968299711814
hier_clust,5,12,median,False,2339,7520,0.3110372340425532,0.9820689655172414,0.0,0.15881032547699214,0.2737835875090777,0.04455445544554455,0.0,0.0,0.0,0.17723342939481268
hier_clust,5,11,median,False,2339,7520,0.3110372340425532,0.9820689655172414,0.0,0.15881032547699214,0.2730573710965868,0.04950495049504951,0.0,0.0,0.0,0.17723342939481268
hier_clust,5,10,median,False,2339,7520,0.3110372340425532,0.9820689655172414,0.0,0.15881032547699214,0.2730573710965868,0.04950495049504951,0.0,0.0,0.0,0.17723342939481268
hier_clust,5,9,median,False,2339,7520,0.3110372340425532,0.9820689655172414,0.0,0.15881032547699214,0.2730573710965868,0.04950495049504951,0.0,0.0,0.0,0.17723342939481268
hier_clust,False,45,complete,False,2336,7520,0.31063829787234043,0.9503448275862069,0.0,0.002244668911335578,0.3718228031953522,0.35148514851485146,0.25,0.0,0.0,0.26512968299711814
hier_clust,False,48,complete,False,2336,7520,0.31063829787234043,0.9503448275862069,0.0,0.002244668911335578,0.3718228031953522,0.35148514851485146,0.25,0.0,0.0,0.26512968299711814
hier_clust,5,8,median,False,2336,7520,0.31063829787234043,0.9820689655172414,0.0,0.15881032547699214,0.2737835875090777,0.0297029702970297,0.0,0.0,0.0,0.17723342939481268
hier_clust,2,6,complete,False,2332,7520,0.3101063829787234,0.9848275862068966,0.0,0.0,0.6085693536673928,0.0,0.0,0.0,0.0,0.04755043227665706
hier_clust,2,5,complete,False,2332,7520,0.3101063829787234,0.9848275862068966,0.0,0.0,0.6085693536673928,0.0,0.0,0.0,0.0,0.04755043227665706
hier_clust,5,7,median,False,2331,7520,0.30997340425531916,0.9820689655172414,0.0,0.15881032547699214,0.2737835875090777,0.0049504950495049506,0.0,0.0,0.0,0.17723342939481268
hier_clust,5,6,median,False,2331,7520,0.30997340425531916,0.9820689655172414,0.0,0.15881032547699214,0.2737835875090777,0.0049504950495049506,0.0,0.0,0.0,0.17723342939481268
hier_clust,False,41,complete,False,2331,7520,0.30997340425531916,0.9503448275862069,0.0,0.002244668911335578,0.3718228031953522,0.32673267326732675,0.25,0.0,0.0,0.26512968299711814
hier_clust,False,38,complete,False,2328,7520,0.30957446808510636,0.9503448275862069,0.0,0.0016835016835016834,0.37254901960784315,0.31683168316831684,0.16666666666666666,0.0,0.0,0.26512968299711814
hier_clust,False,35,complete,False,2325,7520,0.3091755319148936,0.9503448275862069,0.0,0.0016835016835016834,0.3696441539578795,0.32673267326732675,0.08333333333333333,0.0,0.0,0.26512968299711814
hier_clust,4,100,weighted,True,2322,7520,0.30877659574468086,0.9924137931034482,0.0008764241893076249,0.01627384960718294,0.5642701525054467,0.27722772277227725,0.25,0.029411764705882353,0.04477611940298507,0.007204610951008645
hier_clust,False,32,complete,False,2319,7520,0.3083776595744681,0.9503448275862069,0.0,0.0016835016835016834,0.36528685548293394,0.32673267326732675,0.08333333333333333,0.0,0.0,0.26512968299711814
hier_clust,4,92,weighted,True,2319,7520,0.3083776595744681,0.9924137931034482,0.0008764241893076249,0.015712682379349047,0.5686274509803921,0.27722772277227725,0.16666666666666666,0.0,0.05223880597014925,0.002161383285302594
hier_clust,False,30,complete,False,2319,7520,0.3083776595744681,0.9503448275862069,0.0,0.0016835016835016834,0.36528685548293394,0.32673267326732675,0.08333333333333333,0.0,0.0,0.26512968299711814
hier_clust,4,21,ward,True,2316,7520,0.3079787234042553,0.9924137931034482,0.0,0.003367003367003367,0.6092955700798838,0.15841584158415842,0.0,0.0,0.0,0.0
hier_clust,10,2,ward,False,2315,7520,0.3078457446808511,0.9917241379310345,0.0,0.0,0.0,0.0,0.0,0.0,0.0,0.6318443804034583
hier_clust,4,20,ward,True,2315,7520,0.3078457446808511,0.9924137931034482,0.0,0.003367003367003367,0.6114742193173566,0.13861386138613863,0.0,0.0,0.0,0.0
hier_clust,4,18,ward,True,2314,7520,0.3077127659574468,0.9924137931034482,0.0,0.003367003367003367,0.6129266521423384,0.12376237623762376,0.0,0.0,0.0,0.0
hier_clust,4,85,weighted,True,2309,7520,0.3070478723404255,0.9924137931034482,0.0008764241893076249,0.010662177328843996,0.5686274509803921,0.27722772277227725,0.16666666666666666,0.0,0.05223880597014925,0.001440922190201729
hier_clust,2,7,median,False,2308,7520,0.3069148936170213,0.0,0.0,0.8956228956228957,0.15177923021060277,0.0,0.0,0.0,0.029850746268656716,0.3595100864553314
hier_clust,4,78,weighted,True,2307,7520,0.306781914893617,0.9924137931034482,0.0008764241893076249,0.010662177328843996,0.5686274509803921,0.2722772277227723,0.16666666666666666,0.0,0.05223880597014925,0.0007204610951008645
hier_clust,4,17,ward,True,2307,7520,0.306781914893617,0.9924137931034482,0.0,0.003367003367003367,0.615831517792302,0.06930693069306931,0.0,0.0,0.0,0.0
hier_clust,4,72,weighted,True,2305,7520,0.3065159574468085,0.9924137931034482,0.0008764241893076249,0.010662177328843996,0.5686274509803921,0.2623762376237624,0.16666666666666666,0.0,0.05223880597014925,0.0007204610951008645
hier_clust,2,6,median,False,2304,7520,0.30638297872340425,0.0,0.0,0.8956228956228957,0.15177923021060277,0.0,0.0,0.0,0.0,0.3595100864553314
hier_clust,2,5,median,False,2304,7520,0.30638297872340425,0.0,0.0,0.8956228956228957,0.15177923021060277,0.0,0.0,0.0,0.0,0.3595100864553314
hier_clust,2,4,median,False,2304,7520,0.30638297872340425,0.0,0.0,0.8956228956228957,0.15177923021060277,0.0,0.0,0.0,0.0,0.3595100864553314
hier_clust,4,67,weighted,True,2303,7520,0.30625,0.9924137931034482,0.0008764241893076249,0.010662177328843996,0.5686274509803921,0.2524752475247525,0.16666666666666666,0.0,0.05223880597014925,0.0007204610951008645
hier_clust,4,61,weighted,True,2301,7520,0.3059840425531915,0.9924137931034482,0.0008764241893076249,0.010101010101010102,0.5686274509803921,0.24752475247524752,0.16666666666666666,0.0,0.05223880597014925,0.0007204610951008645
hier_clust,4,57,weighted,True,2300,7520,0.3058510638297872,0.9924137931034482,0.0008764241893076249,0.010101010101010102,0.5657225853304285,0.26732673267326734,0.16666666666666666,0.0,0.04477611940298507,0.0007204610951008645
hier_clust,4,15,ward,True,2299,7520,0.305718085106383,0.9924137931034482,0.0,0.0028058361391694723,0.6180101670297748,0.019801980198019802,0.0,0.0,0.0,0.0
hier_clust,4,14,ward,True,2298,7520,0.3055851063829787,0.9924137931034482,0.0,0.0,0.6209150326797386,0.019801980198019802,0.0,0.0,0.0,0.0
hier_clust,4,13,ward,True,2298,7520,0.3055851063829787,0.9924137931034482,0.0,0.0,0.6209150326797386,0.019801980198019802,0.0,0.0,0.0,0.0
hier_clust,4,52,weighted,True,2297,7520,0.30545212765957447,0.9924137931034482,0.0008764241893076249,0.010101010101010102,0.5657225853304285,0.2524752475247525,0.16666666666666666,0.0,0.04477611940298507,0.0007204610951008645
hier_clust,2,3,median,False,2297,7520,0.30545212765957447,0.0,0.0,0.8956228956228957,0.1466957153231663,0.0,0.0,0.0,0.0,0.3595100864553314
hier_clust,2,2,median,False,2297,7520,0.30545212765957447,0.0,0.0,0.8956228956228957,0.1466957153231663,0.0,0.0,0.0,0.0,0.3595100864553314
hier_clust,4,12,ward,True,2297,7520,0.30545212765957447,0.9924137931034482,0.0,0.0,0.6223674655047204,0.0049504950495049506,0.0,0.0,0.0,0.0
hier_clust,4,11,ward,True,2297,7520,0.30545212765957447,0.9924137931034482,0.0,0.0,0.6223674655047204,0.0049504950495049506,0.0,0.0,0.0,0.0
hier_clust,4,10,ward,True,2297,7520,0.30545212765957447,0.9924137931034482,0.0,0.0,0.6223674655047204,0.0049504950495049506,0.0,0.0,0.0,0.0
hier_clust,4,9,ward,True,2297,7520,0.30545212765957447,0.9924137931034482,0.0,0.0,0.6223674655047204,0.0049504950495049506,0.0,0.0,0.0,0.0
hier_clust,4,8,ward,True,2297,7520,0.30545212765957447,0.9924137931034482,0.0,0.0,0.6223674655047204,0.0049504950495049506,0.0,0.0,0.0,0.0
hier_clust,4,7,ward,True,2297,7520,0.30545212765957447,0.9924137931034482,0.0,0.0,0.6223674655047204,0.0049504950495049506,0.0,0.0,0.0,0.0
hier_clust,4,48,weighted,True,2295,7520,0.30518617021276595,0.9924137931034482,0.0008764241893076249,0.007295173961840628,0.5671750181554103,0.25742574257425743,0.16666666666666666,0.0,0.04477611940298507,0.0007204610951008645
hier_clust,10,23,weighted,False,2292,7520,0.3047872340425532,0.7882758620689655,0.0,0.01627384960718294,0.4008714596949891,0.07920792079207921,0.0,0.0,0.0,0.3976945244956772
hier_clust,10,21,weighted,False,2287,7520,0.30412234042553193,0.7882758620689655,0.0,0.02132435465768799,0.39070442992011617,0.07920792079207921,0.0,0.0,0.0,0.3976945244956772
hier_clust,False,12,ward,True,2284,7520,0.30372340425531913,0.9889655172413793,0.0,0.0005611672278338945,0.5853304284676834,0.2079207920792079,0.08333333333333333,0.0,0.0,0.0
hier_clust,False,9,ward,True,2280,7520,0.30319148936170215,0.9889655172413793,0.0,0.0005611672278338945,0.6107480029048656,0.01485148514851485,0.08333333333333333,0.0,0.0,0.0
hier_clust,False,10,ward,True,2280,7520,0.30319148936170215,0.9889655172413793,0.0,0.0005611672278338945,0.6107480029048656,0.01485148514851485,0.08333333333333333,0.0,0.0,0.0
hier_clust,False,11,ward,True,2280,7520,0.30319148936170215,0.9889655172413793,0.0,0.0005611672278338945,0.6107480029048656,0.01485148514851485,0.08333333333333333,0.0,0.0,0.0
hier_clust,False,8,ward,True,2279,7520,0.30305851063829786,0.9889655172413793,0.0,0.0005611672278338945,0.6114742193173566,0.0049504950495049506,0.08333333333333333,0.0,0.0,0.0
hier_clust,False,6,ward,True,2278,7520,0.30292553191489363,0.9889655172413793,0.0,0.0,0.6114742193173566,0.0049504950495049506,0.08333333333333333,0.0,0.0,0.0
hier_clust,False,7,ward,True,2278,7520,0.30292553191489363,0.9889655172413793,0.0,0.0,0.6114742193173566,0.0049504950495049506,0.08333333333333333,0.0,0.0,0.0
hier_clust,False,4,ward,True,2277,7520,0.30279255319148934,0.9889655172413793,0.0,0.0,0.6114742193173566,0.0049504950495049506,0.0,0.0,0.0,0.0
hier_clust,False,5,ward,True,2277,7520,0.30279255319148934,0.9889655172413793,0.0,0.0,0.6114742193173566,0.0049504950495049506,0.0,0.0,0.0,0.0
hier_clust,False,3,ward,True,2276,7520,0.3026595744680851,0.9889655172413793,0.0,0.0,0.6114742193173566,0.0,0.0,0.0,0.0,0.0
hier_clust,2,100,centroid,True,2268,7520,0.30159574468085104,0.9944827586206897,0.0008764241893076249,0.012906846240179574,0.5199709513435004,0.3564356435643564,0.4166666666666667,0.058823529411764705,0.029850746268656716,0.002161383285302594
hier_clust,2,92,centroid,True,2267,7520,0.3014627659574468,0.9944827586206897,0.0008764241893076249,0.012345679012345678,0.5199709513435004,0.3613861386138614,0.4166666666666667,0.029411764705882353,0.029850746268656716,0.002161383285302594
hier_clust,10,100,average,False,2267,7520,0.3014627659574468,0.000689655172413793,0.0,0.8720538720538721,0.37037037037037035,0.2524752475247525,0.16666666666666666,0.058823529411764705,0.1417910447761194,0.09221902017291066
hier_clust,False,2,ward,False,2267,7520,0.3014627659574468,0.0,0.0,0.8423120089786756,0.0,0.0,0.0,0.0,0.0,0.5518731988472623
hier_clust,10,92,average,False,2265,7520,0.3011968085106383,0.000689655172413793,0.0,0.8720538720538721,0.3696441539578795,0.2524752475247525,0.16666666666666666,0.058823529411764705,0.1417910447761194,0.0914985590778098
hier_clust,2,85,centroid,True,2264,7520,0.30106382978723406,0.9944827586206897,0.0008764241893076249,0.012345679012345678,0.5177923021060276,0.36633663366336633,0.4166666666666667,0.029411764705882353,0.029850746268656716,0.001440922190201729
hier_clust,10,85,average,False,2264,7520,0.30106382978723406,0.000689655172413793,0.0,0.8720538720538721,0.3696441539578795,0.24752475247524752,0.16666666666666666,0.058823529411764705,0.1417910447761194,0.0914985590778098
hier_clust,2,8,centroid,False,2262,7520,0.30079787234042554,0.0,0.0,0.9062850729517397,0.26506899055918665,0.0,0.0,0.0,0.08955223880597014,0.19452449567723343
hier_clust,2,9,centroid,False,2262,7520,0.30079787234042554,0.0,0.0,0.9062850729517397,0.26506899055918665,0.0,0.0,0.0,0.08955223880597014,0.19452449567723343
hier_clust,2,7,centroid,False,2262,7520,0.30079787234042554,0.0,0.0,0.9062850729517397,0.26506899055918665,0.0,0.0,0.0,0.08955223880597014,0.19452449567723343
hier_clust,2,6,centroid,False,2262,7520,0.30079787234042554,0.0,0.0,0.9062850729517397,0.26506899055918665,0.0,0.0,0.0,0.08955223880597014,0.19452449567723343
hier_clust,2,78,centroid,True,2260,7520,0.300531914893617,0.9944827586206897,0.0008764241893076249,0.014029180695847363,0.5163398692810458,0.3564356435643564,0.16666666666666666,0.029411764705882353,0.029850746268656716,0.001440922190201729
hier_clust,2,72,centroid,True,2258,7520,0.3002659574468085,0.9944827586206897,0.0008764241893076249,0.014029180695847363,0.5148874364560639,0.3613861386138614,0.08333333333333333,0.029411764705882353,0.029850746268656716,0.001440922190201729
hier_clust,2,67,centroid,True,2256,7520,0.3,0.9944827586206897,0.0008764241893076249,0.007856341189674524,0.5221496005809731,0.3564356435643564,0.08333333333333333,0.029411764705882353,0.029850746268656716,0.001440922190201729
hier_clust,2,61,centroid,True,2255,7520,0.29986702127659576,0.9944827586206897,0.0008764241893076249,0.007856341189674524,0.5228758169934641,0.3465346534653465,0.08333333333333333,0.029411764705882353,0.029850746268656716,0.001440922190201729
hier_clust,5,38,weighted,False,2253,7520,0.29960106382978724,0.993103448275862,0.0,0.0005611672278338945,0.37400145243282495,0.1188118811881188,0.0,0.0,0.31343283582089554,0.16642651296829972
hier_clust,2,57,centroid,True,2252,7520,0.29946808510638295,0.9944827586206897,0.0008764241893076249,0.007856341189674524,0.5228758169934641,0.33663366336633666,0.08333333333333333,0.029411764705882353,0.029850746268656716,0.0007204610951008645
hier_clust,10,100,weighted,True,2251,7520,0.2993351063829787,0.0,0.0008764241893076249,0.8249158249158249,0.5061728395061729,0.3217821782178218,0.3333333333333333,0.058823529411764705,0.04477611940298507,0.004322766570605188
hier_clust,2,5,centroid,False,2251,7520,0.2993351063829787,0.0,0.0,0.9062850729517397,0.26506899055918665,0.0,0.0,0.0,0.0,0.1952449567723343
hier_clust,2,4,centroid,False,2251,7520,0.2993351063829787,0.0,0.0,0.9062850729517397,0.26506899055918665,0.0,0.0,0.0,0.0,0.1952449567723343
hier_clust,4,2,ward,False,2245,7520,0.29853723404255317,0.0,0.0,0.9074074074074074,0.0,0.0,0.0,0.0,0.0,0.45244956772334294
hier_clust,5,30,weighted,False,2243,7520,0.2982712765957447,0.993103448275862,0.0,0.0005611672278338945,0.3754538852578068,0.10891089108910891,0.0,0.0,0.23880597014925373,0.16642651296829972
hier_clust,5,32,weighted,False,2243,7520,0.2982712765957447,0.993103448275862,0.0,0.0005611672278338945,0.3754538852578068,0.10891089108910891,0.0,0.0,0.23880597014925373,0.16642651296829972
hier_clust,5,35,weighted,False,2243,7520,0.2982712765957447,0.993103448275862,0.0,0.0005611672278338945,0.3754538852578068,0.10891089108910891,0.0,0.0,0.23880597014925373,0.16642651296829972
hier_clust,5,27,weighted,False,2236,7520,0.2973404255319149,0.993103448275862,0.0,0.0005611672278338945,0.3674655047204067,0.12871287128712872,0.0,0.0,0.23880597014925373,0.16642651296829972
hier_clust,5,23,weighted,False,2236,7520,0.2973404255319149,0.993103448275862,0.0,0.0005611672278338945,0.3674655047204067,0.12871287128712872,0.0,0.0,0.23880597014925373,0.16642651296829972
hier_clust,5,25,weighted,False,2236,7520,0.2973404255319149,0.993103448275862,0.0,0.0005611672278338945,0.3674655047204067,0.12871287128712872,0.0,0.0,0.23880597014925373,0.16642651296829972
hier_clust,2,100,weighted,True,2226,7520,0.29601063829787233,0.0,0.0008764241893076249,0.8322109988776656,0.4785766158315178,0.35148514851485146,0.4166666666666667,0.029411764705882353,0.029850746268656716,0.001440922190201729
hier_clust,2,92,weighted,True,2224,7520,0.2957446808510638,0.0,0.0008764241893076249,0.8316498316498316,0.47639796659404504,0.36633663366336633,0.4166666666666667,0.029411764705882353,0.029850746268656716,0.0007204610951008645
hier_clust,5,100,median,True,2223,7520,0.2956117021276596,0.0,0.0008764241893076249,0.878226711560045,0.4190268700072622,0.31683168316831684,0.3333333333333333,0.058823529411764705,0.05223880597014925,0.002161383285302594
hier_clust,2,85,weighted,True,2220,7520,0.29521276595744683,0.0,0.0008764241893076249,0.8316498316498316,0.4785766158315178,0.3316831683168317,0.4166666666666667,0.029411764705882353,0.029850746268656716,0.0007204610951008645
hier_clust,5,92,median,True,2219,7520,0.29507978723404255,0.0,0.0008764241893076249,0.877104377104377,0.4190268700072622,0.3118811881188119,0.3333333333333333,0.058823529411764705,0.05223880597014925,0.001440922190201729
hier_clust,2,72,weighted,True,2217,7520,0.294813829787234,0.0,0.0008764241893076249,0.8310886644219978,0.4793028322440087,0.3217821782178218,0.3333333333333333,0.029411764705882353,0.029850746268656716,0.0007204610951008645
hier_clust,2,78,weighted,True,2217,7520,0.294813829787234,0.0,0.0008764241893076249,0.8310886644219978,0.4793028322440087,0.3217821782178218,0.3333333333333333,0.029411764705882353,0.029850746268656716,0.0007204610951008645
hier_clust,2,67,weighted,True,2213,7520,0.29428191489361705,0.0,0.0008764241893076249,0.8237934904601572,0.48729121278140886,0.32673267326732675,0.08333333333333333,0.029411764705882353,0.029850746268656716,0.0007204610951008645
hier_clust,5,85,median,True,2213,7520,0.29428191489361705,0.0,0.0008764241893076249,0.8765432098765432,0.4190268700072622,0.29207920792079206,0.25,0.058823529411764705,0.05223880597014925,0.001440922190201729
hier_clust,5,78,median,True,2209,7520,0.29375,0.0,0.0008764241893076249,0.8754208754208754,0.41975308641975306,0.2871287128712871,0.16666666666666666,0.029411764705882353,0.05223880597014925,0.001440922190201729
hier_clust,10,78,average,False,2208,7520,0.2936170212765957,0.000689655172413793,0.0,0.8787878787878788,0.3224400871459695,0.24257425742574257,0.16666666666666666,0.058823529411764705,0.1417910447761194,0.09005763688760807
hier_clust,3,100,median,True,2207,7520,0.2934840425531915,0.0,0.0008764241893076249,0.8714927048260381,0.4212055192447349,0.29207920792079206,0.16666666666666666,0.029411764705882353,0.05223880597014925,0.002881844380403458
hier_clust,3,92,median,True,2205,7520,0.293218085106383,0.0,0.0008764241893076249,0.8714927048260381,0.41975308641975306,0.29207920792079206,0.16666666666666666,0.029411764705882353,0.05223880597014925,0.002881844380403458
hier_clust,5,72,median,True,2205,7520,0.293218085106383,0.0,0.0008764241893076249,0.8759820426487093,0.41975308641975306,0.27722772277227725,0.16666666666666666,0.029411764705882353,0.029850746268656716,0.001440922190201729
hier_clust,3,85,median,True,2203,7520,0.29295212765957446,0.0,0.0008764241893076249,0.8714927048260381,0.41830065359477125,0.29207920792079206,0.16666666666666666,0.029411764705882353,0.05223880597014925,0.002881844380403458
hier_clust,20,67,weighted,False,2202,7520,0.2928191489361702,0.0,0.0,0.8507295173961841,0.33405954974582425,0.25742574257425743,0.08333333333333333,0.058823529411764705,0.04477611940298507,0.11887608069164265
hier_clust,20,61,weighted,False,2199,7520,0.2924202127659574,0.0,0.0,0.8507295173961841,0.3355119825708061,0.23267326732673269,0.08333333333333333,0.058823529411764705,0.04477611940298507,0.11887608069164265
hier_clust,10,72,average,False,2194,7520,0.29175531914893615,0.000689655172413793,0.0,0.9046015712682379,0.2730573710965868,0.21782178217821782,0.16666666666666666,0.058823529411764705,0.1417910447761194,0.0994236311239193
hier_clust,3,100,weighted,True,2192,7520,0.29148936170212764,0.9944827586206897,0.0,0.010101010101010102,0.4720406681190995,0.297029702970297,0.16666666666666666,0.029411764705882353,0.05223880597014925,0.008645533141210375
hier_clust,20,57,weighted,False,2192,7520,0.29148936170212764,0.0,0.0,0.8507295173961841,0.33042846768336964,0.23267326732673269,0.08333333333333333,0.058823529411764705,0.04477611940298507,0.11887608069164265
hier_clust,10,92,weighted,True,2191,7520,0.2913563829787234,0.0,0.0008764241893076249,0.8916947250280584,0.3710965867828613,0.3564356435643564,0.3333333333333333,0.058823529411764705,0.04477611940298507,0.004322766570605188
hier_clust,5,67,median,True,2189,7520,0.2910904255319149,0.0,0.0008764241893076249,0.8843995510662177,0.39869281045751637,0.2722772277227723,0.16666666666666666,0.029411764705882353,0.029850746268656716,0.0007204610951008645
hier_clust,3,92,weighted,True,2189,7520,0.2910904255319149,0.9944827586206897,0.0,0.010662177328843996,0.47058823529411764,0.297029702970297,0.16666666666666666,0.029411764705882353,0.05223880597014925,0.007204610951008645
hier_clust,10,85,weighted,True,2186,7520,0.29069148936170214,0.0,0.0008764241893076249,0.888327721661055,0.3754538852578068,0.33663366336633666,0.3333333333333333,0.058823529411764705,0.04477611940298507,0.0036023054755043226
hier_clust,3,85,weighted,True,2186,7520,0.29069148936170214,0.9944827586206897,0.0,0.008978675645342313,0.4698620188816267,0.3069306930693069,0.16666666666666666,0.029411764705882353,0.05223880597014925,0.006484149855907781
hier_clust,3,78,median,True,2186,7520,0.29069148936170214,0.0,0.0008764241893076249,0.877104377104377,0.4037763253449528,0.27722772277227725,0.16666666666666666,0.029411764705882353,0.029850746268656716,0.002161383285302594
hier_clust,2,61,weighted,True,2185,7520,0.29055851063829785,0.0,0.0008764241893076249,0.8490460157126823,0.4357298474945534,0.31683168316831684,0.08333333333333333,0.029411764705882353,0.029850746268656716,0.0007204610951008645
hier_clust,20,52,weighted,False,2185,7520,0.29055851063829785,0.0,0.0,0.8490460157126823,0.33260711692084244,0.20297029702970298,0.0,0.058823529411764705,0.04477611940298507,0.11887608069164265
hier_clust,3,72,median,True,2184,7520,0.2904255319148936,0.0,0.0008764241893076249,0.877104377104377,0.4037763253449528,0.27722772277227725,0.16666666666666666,0.029411764705882353,0.029850746268656716,0.0007204610951008645
hier_clust,2,57,weighted,True,2184,7520,0.2904255319148936,0.0,0.0008764241893076249,0.8479236812570146,0.4357298474945534,0.3217821782178218,0.08333333333333333,0.029411764705882353,0.029850746268656716,0.0007204610951008645
hier_clust,10,67,average,False,2184,7520,0.2904255319148936,0.000689655172413793,0.0,0.8933782267115601,0.280319535221496,0.21782178217821782,0.16666666666666666,0.058823529411764705,0.1417910447761194,0.0994236311239193
hier_clust,3,67,median,True,2182,7520,0.2901595744680851,0.0,0.0008764241893076249,0.877104377104377,0.39578794480755264,0.32673267326732675,0.16666666666666666,0.0,0.029850746268656716,0.0007204610951008645
hier_clust,10,78,weighted,True,2181,7520,0.29002659574468087,0.0,0.0008764241893076249,0.888327721661055,0.3754538852578068,0.3217821782178218,0.3333333333333333,0.0,0.04477611940298507,0.0036023054755043226
hier_clust,3,61,median,True,2181,7520,0.29002659574468087,0.0,0.0008764241893076249,0.877104377104377,0.39651416122004357,0.31683168316831684,0.16666666666666666,0.0,0.029850746268656716,0.0007204610951008645
hier_clust,2,85,median,True,2180,7520,0.2898936170212766,0.0,0.0008764241893076249,0.8877665544332211,0.3754538852578068,0.3415841584158416,0.4166666666666667,0.029411764705882353,0.029850746268656716,0.0007204610951008645
hier_clust,10,72,weighted,True,2180,7520,0.2898936170212766,0.0,0.0008764241893076249,0.888327721661055,0.3754538852578068,0.3217821782178218,0.3333333333333333,0.0,0.04477611940298507,0.002881844380403458
hier_clust,2,52,weighted,True,2180,7520,0.2898936170212766,0.0,0.0008764241893076249,0.8479236812570146,0.429920116194626,0.3415841584158416,0.08333333333333333,0.029411764705882353,0.029850746268656716,0.0007204610951008645
hier_clust,2,48,weighted,True,2180,7520,0.2898936170212766,0.0,0.0008764241893076249,0.8479236812570146,0.429920116194626,0.3415841584158416,0.08333333333333333,0.029411764705882353,0.029850746268656716,0.0007204610951008645
hier_clust,10,61,average,False,2180,7520,0.2898936170212766,0.0,0.0,0.8933782267115601,0.28104575163398693,0.19801980198019803,0.16666666666666666,0.058823529411764705,0.1417910447761194,0.0994236311239193
hier_clust,10,67,weighted,True,2179,7520,0.28976063829787235,0.0,0.0008764241893076249,0.888327721661055,0.3754538852578068,0.3217821782178218,0.25,0.0,0.04477611940298507,0.002881844380403458
hier_clust,2,78,median,True,2178,7520,0.28962765957446807,0.0,0.0008764241893076249,0.8872053872053872,0.3769063180827887,0.3415841584158416,0.16666666666666666,0.029411764705882353,0.029850746268656716,0.0007204610951008645
hier_clust,20,48,weighted,False,2177,7520,0.28949468085106383,0.0,0.0,0.8496071829405163,0.3311546840958606,0.19306930693069307,0.0,0.058823529411764705,0.0,0.11959654178674352
hier_clust,10,57,average,False,2177,7520,0.28949468085106383,0.0,0.0,0.8933782267115601,0.2839506172839506,0.16336633663366337,0.16666666666666666,0.058823529411764705,0.1417910447761194,0.0994236311239193
hier_clust,2,45,weighted,True,2175,7520,0.2892287234042553,0.0,0.0008764241893076249,0.8591470258136925,0.41249092229484385,0.3415841584158416,0.08333333333333333,0.029411764705882353,0.029850746268656716,0.0
hier_clust,10,61,weighted,True,2175,7520,0.2892287234042553,0.0,0.0008764241893076249,0.888327721661055,0.3747276688453159,0.31683168316831684,0.16666666666666666,0.0,0.05223880597014925,0.001440922190201729
hier_clust,20,27,complete,False,2174,7520,0.2890957446808511,0.9924137931034482,0.0,0.0,0.4132171387073348,0.18811881188118812,0.0,0.0,0.0,0.09221902017291066
hier_clust,2,38,weighted,True,2172,7520,0.28882978723404257,0.0,0.0008764241893076249,0.8591470258136925,0.4066811909949165,0.3712871287128713,0.08333333333333333,0.0,0.029850746268656716,0.0
hier_clust,2,41,weighted,True,2172,7520,0.28882978723404257,0.0,0.0008764241893076249,0.8591470258136925,0.4066811909949165,0.3712871287128713,0.08333333333333333,0.0,0.029850746268656716,0.0
hier_clust,2,67,median,True,2172,7520,0.28882978723404257,0.0,0.0008764241893076249,0.8799102132435466,0.38344226579520696,0.33663366336633666,0.08333333333333333,0.029411764705882353,0.029850746268656716,0.0007204610951008645
hier_clust,2,72,median,True,2172,7520,0.28882978723404257,0.0,0.0008764241893076249,0.8799102132435466,0.3848946986201888,0.32673267326732675,0.08333333333333333,0.029411764705882353,0.029850746268656716,0.0007204610951008645
hier_clust,3,57,median,True,2171,7520,0.2886968085106383,0.0,0.0,0.8827160493827161,0.38271604938271603,0.31683168316831684,0.16666666666666666,0.0,0.029850746268656716,0.0007204610951008645
hier_clust,2,35,weighted,True,2171,7520,0.2886968085106383,0.0,0.0008764241893076249,0.8591470258136925,0.4059549745824256,0.3712871287128713,0.08333333333333333,0.0,0.029850746268656716,0.0
hier_clust,2,32,weighted,True,2171,7520,0.2886968085106383,0.0,0.0008764241893076249,0.8591470258136925,0.4059549745824256,0.3712871287128713,0.08333333333333333,0.0,0.029850746268656716,0.0
hier_clust,20,100,average,False,2169,7520,0.28843085106382976,0.0,0.0,0.9433221099887766,0.2962962962962963,0.24257425742574257,0.3333333333333333,0.058823529411764705,0.15671641791044777,0.002881844380403458
hier_clust,20,45,weighted,False,2169,7520,0.28843085106382976,0.0,0.0,0.8496071829405163,0.3282498184458969,0.18316831683168316,0.0,0.0,0.0,0.11959654178674352
hier_clust,2,30,weighted,True,2169,7520,0.28843085106382976,0.0,0.0008764241893076249,0.8591470258136925,0.40522875816993464,0.3712871287128713,0.08333333333333333,0.0,0.022388059701492536,0.0
hier_clust,2,27,weighted,True,2168,7520,0.28829787234042553,0.0,0.0008764241893076249,0.8591470258136925,0.40305010893246185,0.3811881188118812,0.08333333333333333,0.0,0.022388059701492536,0.0
hier_clust,2,23,weighted,True,2167,7520,0.2881648936170213,0.0,0.0008764241893076249,0.8591470258136925,0.40305010893246185,0.3811881188118812,0.0,0.0,0.022388059701492536,0.0
hier_clust,2,25,weighted,True,2167,7520,0.2881648936170213,0.0,0.0008764241893076249,0.8591470258136925,0.40305010893246185,0.3811881188118812,0.0,0.0,0.022388059701492536,0.0
hier_clust,2,61,median,True,2167,7520,0.2881648936170213,0.0,0.0008764241893076249,0.8804713804713805,0.38925199709513436,0.26732673267326734,0.08333333333333333,0.029411764705882353,0.029850746268656716,0.0007204610951008645
hier_clust,20,25,complete,False,2166,7520,0.288031914893617,0.9924137931034482,0.0,0.0,0.4074074074074074,0.18811881188118812,0.0,0.0,0.0,0.09221902017291066
hier_clust,20,23,complete,False,2166,7520,0.288031914893617,0.9924137931034482,0.0,0.0,0.4074074074074074,0.18811881188118812,0.0,0.0,0.0,0.09221902017291066
hier_clust,2,21,weighted,True,2166,7520,0.288031914893617,0.0,0.0,0.8591470258136925,0.40305010893246185,0.3811881188118812,0.0,0.0,0.022388059701492536,0.0
hier_clust,2,20,weighted,True,2166,7520,0.288031914893617,0.0,0.0,0.8591470258136925,0.40305010893246185,0.3811881188118812,0.0,0.0,0.022388059701492536,0.0
hier_clust,20,41,weighted,False,2165,7520,0.2878989361702128,0.0,0.0,0.8496071829405163,0.3253449527959332,0.18316831683168316,0.0,0.0,0.0,0.11959654178674352
hier_clust,5,5,median,False,2165,7520,0.2878989361702128,0.9820689655172414,0.0,0.2037037037037037,0.2737835875090777,0.0049504950495049506,0.0,0.0,0.0,0.0
hier_clust,2,57,median,True,2165,7520,0.2878989361702128,0.0,0.0008764241893076249,0.8804713804713805,0.38707334785766156,0.2722772277227723,0.08333333333333333,0.029411764705882353,0.029850746268656716,0.0007204610951008645
hier_clust,2,52,median,True,2165,7520,0.2878989361702128,0.0,0.0008764241893076249,0.8804713804713805,0.38707334785766156,0.2722772277227723,0.08333333333333333,0.029411764705882353,0.029850746268656716,0.0007204610951008645
hier_clust,2,48,median,True,2164,7520,0.2877659574468085,0.0,0.0008764241893076249,0.8804713804713805,0.3841684822076979,0.2871287128712871,0.08333333333333333,0.029411764705882353,0.029850746268656716,0.0007204610951008645
hier_clust,5,100,average,True,2163,7520,0.28763297872340426,0.0,0.0008764241893076249,0.8653198653198653,0.38925199709513436,0.3465346534653465,0.16666666666666666,0.058823529411764705,0.05223880597014925,0.002161383285302594
hier_clust,3,52,median,True,2163,7520,0.28763297872340426,0.0,0.0,0.8827160493827161,0.38344226579520696,0.2722772277227723,0.16666666666666666,0.0,0.029850746268656716,0.0007204610951008645
hier_clust,20,38,weighted,False,2160,7520,0.2872340425531915,0.0,0.0,0.8496071829405163,0.3224400871459695,0.1782178217821782,0.0,0.0,0.0,0.11959654178674352
hier_clust,3,100,centroid,True,2158,7520,0.286968085106383,0.0,0.0008764241893076249,0.9074074074074074,0.3420479302832244,0.2722772277227723,0.16666666666666666,0.058823529411764705,0.029850746268656716,0.004322766570605188
hier_clust,10,100,median,False,2158,7520,0.286968085106383,0.9910344827586207,0.0,0.10325476992143659,0.32316630355846043,0.22277227722772278,0.4166666666666667,0.058823529411764705,0.2835820895522388,0.001440922190201729
hier_clust,10,57,weighted,True,2157,7520,0.2868351063829787,0.0,0.0008764241893076249,0.8945005611672279,0.3623819898329702,0.25742574257425743,0.16666666666666666,0.0,0.05223880597014925,0.001440922190201729
hier_clust,10,52,weighted,True,2157,7520,0.2868351063829787,0.0,0.0008764241893076249,0.8945005611672279,0.3623819898329702,0.25742574257425743,0.16666666666666666,0.0,0.05223880597014925,0.001440922190201729
hier_clust,10,92,median,False,2156,7520,0.2867021276595745,0.9910344827586207,0.0,0.1015712682379349,0.32461873638344224,0.22277227722772278,0.3333333333333333,0.058823529411764705,0.2835820895522388,0.001440922190201729
hier_clust,20,35,weighted,False,2155,7520,0.2865691489361702,0.0,0.0,0.835016835016835,0.3260711692084241,0.16831683168316833,0.0,0.0,0.0,0.13256484149855907
hier_clust,3,92,centroid,True,2153,7520,0.2863031914893617,0.0,0.0008764241893076249,0.9051627384960719,0.3427741466957153,0.2722772277227723,0.16666666666666666,0.058823529411764705,0.029850746268656716,0.002881844380403458
hier_clust,3,85,centroid,True,2152,7520,0.28617021276595744,0.0,0.0008764241893076249,0.9079685746352413,0.3384168482207698,0.2722772277227723,0.16666666666666666,0.058823529411764705,0.029850746268656716,0.002881844380403458
hier_clust,4,100,complete,True,2151,7520,0.2860372340425532,0.0,0.0008764241893076249,0.9214365881032548,0.3093681917211329,0.3316831683168317,0.16666666666666666,0.0,0.04477611940298507,0.005043227665706052
hier_clust,3,48,median,True,2151,7520,0.2860372340425532,0.0,0.0,0.8804713804713805,0.3696441539578795,0.3316831683168317,0.08333333333333333,0.0,0.029850746268656716,0.0007204610951008645
hier_clust,4,92,complete,True,2150,7520,0.2859042553191489,0.0,0.0008764241893076249,0.9214365881032548,0.30718954248366015,0.3465346534653465,0.08333333333333333,0.0,0.04477611940298507,0.005043227665706052
hier_clust,3,45,median,True,2150,7520,0.2859042553191489,0.0,0.0,0.8804713804713805,0.3616557734204793,0.3811881188118812,0.08333333333333333,0.0,0.029850746268656716,0.0007204610951008645
hier_clust,3,78,centroid,True,2149,7520,0.2857712765957447,0.0,0.0008764241893076249,0.9079685746352413,0.33769063180827885,0.2722772277227723,0.16666666666666666,0.029411764705882353,0.029850746268656716,0.002161383285302594
hier_clust,10,85,median,False,2149,7520,0.2857712765957447,0.9903448275862069,0.0,0.10044893378226712,0.3260711692084241,0.19306930693069307,0.3333333333333333,0.058823529411764705,0.2835820895522388,0.001440922190201729
hier_clust,20,32,weighted,False,2148,7520,0.2856382978723404,0.0,0.0,0.8473625140291807,0.3057371096586783,0.16336633663366337,0.0,0.0,0.0,0.13256484149855907
hier_clust,20,30,weighted,False,2148,7520,0.2856382978723404,0.0,0.0,0.8473625140291807,0.3057371096586783,0.16336633663366337,0.0,0.0,0.0,0.13256484149855907
hier_clust,3,72,centroid,True,2148,7520,0.2856382978723404,0.0,0.0008764241893076249,0.9079685746352413,0.33769063180827885,0.26732673267326734,0.16666666666666666,0.029411764705882353,0.029850746268656716,0.002161383285302594
hier_clust,4,85,complete,True,2148,7520,0.2856382978723404,0.0,0.0008764241893076249,0.9180695847362514,0.3115468409586057,0.3465346534653465,0.08333333333333333,0.0,0.029850746268656716,0.005043227665706052
hier_clust,3,41,median,True,2147,7520,0.2855053191489362,0.0,0.0,0.8804713804713805,0.3609295570079884,0.3712871287128713,0.08333333333333333,0.0,0.029850746268656716,0.0007204610951008645
hier_clust,4,78,complete,True,2147,7520,0.2855053191489362,0.0,0.0008764241893076249,0.9180695847362514,0.3115468409586057,0.3465346534653465,0.08333333333333333,0.0,0.022388059701492536,0.005043227665706052
hier_clust,20,27,weighted,False,2146,7520,0.2853723404255319,0.0,0.0,0.8473625140291807,0.3057371096586783,0.15346534653465346,0.0,0.0,0.0,0.13256484149855907
hier_clust,3,67,centroid,True,2146,7520,0.2853723404255319,0.0,0.0008764241893076249,0.9079685746352413,0.33769063180827885,0.26732673267326734,0.16666666666666666,0.029411764705882353,0.029850746268656716,0.0007204610951008645
hier_clust,5,100,weighted,True,2146,7520,0.2853723404255319,0.9896551724137931,0.0008764241893076249,0.11560044893378227,0.17501815541031226,0.37623762376237624,0.16666666666666666,0.058823529411764705,0.17164179104477612,0.11527377521613832
hier_clust,2,78,average,True,2145,7520,0.28523936170212766,0.0,0.0008764241893076249,0.9017957351290684,0.3347857661583152,0.3217821782178218,0.3333333333333333,0.029411764705882353,0.029850746268656716,0.001440922190201729
hier_clust,4,72,complete,True,2144,7520,0.2851063829787234,0.0,0.0008764241893076249,0.9180695847362514,0.3115468409586057,0.3316831683168317,0.08333333333333333,0.0,0.022388059701492536,0.005043227665706052
hier_clust,20,92,average,False,2144,7520,0.2851063829787234,0.0,0.0,0.9450056116722784,0.27596223674655046,0.24257425742574257,0.16666666666666666,0.058823529411764705,0.17164179104477612,0.002881844380403458
hier_clust,2,67,average,True,2143,7520,0.28497340425531914,0.0,0.0008764241893076249,0.9017957351290684,0.3347857661583152,0.32673267326732675,0.08333333333333333,0.029411764705882353,0.029850746268656716,0.001440922190201729
hier_clust,2,72,average,True,2143,7520,0.28497340425531914,0.0,0.0008764241893076249,0.9017957351290684,0.3355119825708061,0.3217821782178218,0.08333333333333333,0.029411764705882353,0.029850746268656716,0.001440922190201729
hier_clust,4,67,complete,True,2142,7520,0.2848404255319149,0.0,0.0008764241893076249,0.9124579124579124,0.32171387073347857,0.3316831683168317,0.08333333333333333,0.0,0.022388059701492536,0.0007204610951008645
hier_clust,3,61,centroid,True,2142,7520,0.2848404255319149,0.0,0.0008764241893076249,0.9040404040404041,0.3427741466957153,0.2524752475247525,0.16666666666666666,0.0,0.029850746268656716,0.0007204610951008645
hier_clust,5,92,weighted,True,2141,7520,0.2847074468085106,0.9896551724137931,0.0008764241893076249,0.11447811447811448,0.1830065359477124,0.31683168316831684,0.16666666666666666,0.0,0.17164179104477612,0.11527377521613832
hier_clust,4,45,weighted,True,2140,7520,0.2845744680851064,0.9937931034482759,0.0008764241893076249,0.003928170594837262,0.45751633986928103,0.25742574257425743,0.16666666666666666,0.0,0.04477611940298507,0.0007204610951008645
hier_clust,4,41,weighted,True,2139,7520,0.2844414893617021,0.9937931034482759,0.0008764241893076249,0.002244668911335578,0.4589687726942629,0.2623762376237624,0.08333333333333333,0.0,0.04477611940298507,0.0007204610951008645
hier_clust,2,61,average,True,2139,7520,0.2844414893617021,0.0,0.0008764241893076249,0.9017957351290684,0.34132171387073346,0.26732673267326734,0.08333333333333333,0.029411764705882353,0.029850746268656716,0.0007204610951008645
hier_clust,4,61,complete,True,2138,7520,0.2843085106382979,0.0,0.0008764241893076249,0.9124579124579124,0.32098765432098764,0.31683168316831684,0.08333333333333333,0.0,0.022388059701492536,0.0007204610951008645
hier_clust,20,18,complete,False,2138,7520,0.2843085106382979,0.9924137931034482,0.0,0.0,0.38562091503267976,0.1782178217821782,0.0,0.0,0.0,0.09510086455331412
hier_clust,20,17,complete,False,2138,7520,0.2843085106382979,0.9924137931034482,0.0,0.0,0.38271604938271603,0.19801980198019803,0.0,0.0,0.0,0.09510086455331412
hier_clust,20,21,complete,False,2138,7520,0.2843085106382979,0.9924137931034482,0.0,0.0,0.38562091503267976,0.1782178217821782,0.0,0.0,0.0,0.09510086455331412
hier_clust,20,20,complete,False,2138,7520,0.2843085106382979,0.9924137931034482,0.0,0.0,0.38562091503267976,0.1782178217821782,0.0,0.0,0.0,0.09510086455331412
hier_clust,2,57,average,True,2136,7520,0.28404255319148936,0.0,0.0008764241893076249,0.9017957351290684,0.3420479302832244,0.24752475247524752,0.08333333333333333,0.029411764705882353,0.029850746268656716,0.0007204610951008645
hier_clust,2,52,average,True,2135,7520,0.2839095744680851,0.0,0.0008764241893076249,0.9017957351290684,0.3420479302832244,0.24257425742574257,0.08333333333333333,0.029411764705882353,0.029850746268656716,0.0007204610951008645
hier_clust,2,48,average,True,2134,7520,0.28377659574468084,0.0,0.0,0.9017957351290684,0.3391430646332607,0.2623762376237624,0.08333333333333333,0.029411764705882353,0.029850746268656716,0.0007204610951008645
hier_clust,2,45,average,True,2133,7520,0.2836436170212766,0.0,0.0,0.9017957351290684,0.3391430646332607,0.2623762376237624,0.08333333333333333,0.029411764705882353,0.029850746268656716,0.0
hier_clust,4,57,complete,True,2132,7520,0.2835106382978723,0.0,0.0008764241893076249,0.9141414141414141,0.3159041394335512,0.3069306930693069,0.08333333333333333,0.0,0.022388059701492536,0.0007204610951008645
hier_clust,2,41,average,True,2132,7520,0.2835106382978723,0.0,0.0,0.9017957351290684,0.3391430646332607,0.2623762376237624,0.08333333333333333,0.0,0.029850746268656716,0.0
hier_clust,2,35,complete,True,2131,7520,0.2833776595744681,0.0,0.0008764241893076249,0.9147025813692481,0.307915758896151,0.35148514851485146,0.08333333333333333,0.0,0.029850746268656716,0.0
hier_clust,2,38,average,True,2130,7520,0.28324468085106386,0.0,0.0,0.9029180695847363,0.33623819898329704,0.2623762376237624,0.08333333333333333,0.0,0.029850746268656716,0.0
hier_clust,2,35,average,True,2130,7520,0.28324468085106386,0.0,0.0,0.9029180695847363,0.33623819898329704,0.2623762376237624,0.08333333333333333,0.0,0.029850746268656716,0.0
hier_clust,20,25,weighted,False,2129,7520,0.28311170212765957,0.0,0.0,0.8496071829405163,0.29048656499636893,0.15346534653465346,0.0,0.0,0.0,0.13256484149855907
hier_clust,20,23,weighted,False,2129,7520,0.28311170212765957,0.0,0.0,0.8496071829405163,0.29048656499636893,0.15346534653465346,0.0,0.0,0.0,0.13256484149855907
hier_clust,4,52,complete,True,2129,7520,0.28311170212765957,0.0,0.0008764241893076249,0.9141414141414141,0.3159041394335512,0.297029702970297,0.08333333333333333,0.0,0.022388059701492536,0.0
hier_clust,5,85,weighted,True,2129,7520,0.28311170212765957,0.9896551724137931,0.0008764241893076249,0.11616161616161616,0.29920116194626,0.31683168316831684,0.16666666666666666,0.0,0.05223880597014925,0.0007204610951008645
hier_clust,2,32,complete,True,2129,7520,0.28311170212765957,0.0,0.0008764241893076249,0.9147025813692481,0.30718954248366015,0.35148514851485146,0.08333333333333333,0.0,0.022388059701492536,0.0
hier_clust,False,27,complete,False,2128,7520,0.28297872340425534,0.0,0.0,0.8748597081930415,0.36528685548293394,0.3217821782178218,0.08333333333333333,0.0,0.0,0.0
hier_clust,2,32,average,True,2128,7520,0.28297872340425534,0.0,0.0,0.9029180695847363,0.33623819898329704,0.2524752475247525,0.08333333333333333,0.0,0.029850746268656716,0.0
hier_clust,4,48,complete,True,2128,7520,0.28297872340425534,0.0,0.0008764241893076249,0.9141414141414141,0.3151779230210603,0.297029702970297,0.08333333333333333,0.0,0.022388059701492536,0.0
hier_clust,2,30,average,True,2126,7520,0.2827127659574468,0.0,0.0,0.9029180695847363,0.3355119825708061,0.2524752475247525,0.08333333333333333,0.0,0.022388059701492536,0.0
hier_clust,4,25,median,False,2123,7520,0.282313829787234,0.9958620689655172,0.0,0.10886644219977554,0.29193899782135074,0.04950495049504951,0.16666666666666666,0.058823529411764705,0.16417910447761194,0.03386167146974063
hier_clust,4,21,average,False,2123,7520,0.282313829787234,0.0,0.0,0.9141414141414141,0.3159041394335512,0.1782178217821782,0.0,0.0,0.17164179104477612,0.0
hier_clust,3,78,weighted,True,2122,7520,0.2821808510638298,0.0,0.0,0.925364758698092,0.27959331880900506,0.37623762376237624,0.16666666666666666,0.029411764705882353,0.05223880597014925,0.001440922190201729
hier_clust,False,25,complete,False,2122,7520,0.2821808510638298,0.0,0.0,0.8748597081930415,0.3638344226579521,0.30198019801980197,0.08333333333333333,0.0,0.0,0.0
hier_clust,4,20,average,False,2122,7520,0.2821808510638298,0.0,0.0,0.9141414141414141,0.31735657225853303,0.16336633663366337,0.0,0.0,0.17164179104477612,0.0
hier_clust,2,18,weighted,True,2122,7520,0.2821808510638298,0.0,0.0,0.8681257014590348,0.3616557734204793,0.36633663366336633,0.0,0.0,0.022388059701492536,0.0
hier_clust,5,78,complete,True,2121,7520,0.28204787234042555,0.0,0.0008764241893076249,0.9062850729517397,0.2875816993464052,0.25742574257425743,0.08333333333333333,0.0,0.41044776119402987,0.0007204610951008645
hier_clust,4,100,average,True,2120,7520,0.28191489361702127,0.0,0.0008764241893076249,0.9534231200897868,0.24473493100944083,0.29207920792079206,0.16666666666666666,0.058823529411764705,0.05223880597014925,0.009365994236311239
hier_clust,5,72,complete,True,2120,7520,0.28191489361702127,0.0,0.0008764241893076249,0.9062850729517397,0.2824981844589688,0.2871287128712871,0.08333333333333333,0.0,0.41044776119402987,0.0007204610951008645
hier_clust,4,38,weighted,True,2120,7520,0.28191489361702127,0.9937931034482759,0.0008764241893076249,0.002244668911335578,0.46332607116920843,0.15346534653465346,0.08333333333333333,0.0,0.022388059701492536,0.0007204610951008645
hier_clust,False,23,complete,False,2120,7520,0.28191489361702127,0.0,0.0,0.8742985409652076,0.3638344226579521,0.297029702970297,0.08333333333333333,0.0,0.0,0.0
hier_clust,False,21,complete,False,2120,7520,0.28191489361702127,0.0,0.0,0.8742985409652076,0.3638344226579521,0.297029702970297,0.08333333333333333,0.0,0.0,0.0
hier_clust,False,20,complete,False,2120,7520,0.28191489361702127,0.0,0.0,0.8742985409652076,0.3638344226579521,0.297029702970297,0.08333333333333333,0.0,0.0,0.0
hier_clust,False,17,complete,False,2120,7520,0.28191489361702127,0.0,0.0,0.8742985409652076,0.3638344226579521,0.297029702970297,0.08333333333333333,0.0,0.0,0.0
hier_clust,False,18,complete,False,2120,7520,0.28191489361702127,0.0,0.0,0.8742985409652076,0.3638344226579521,0.297029702970297,0.08333333333333333,0.0,0.0,0.0
hier_clust,2,15,weighted,True,2120,7520,0.28191489361702127,0.0,0.0,0.8681257014590348,0.3616557734204793,0.3564356435643564,0.0,0.0,0.022388059701492536,0.0
hier_clust,2,17,weighted,True,2120,7520,0.28191489361702127,0.0,0.0,0.8681257014590348,0.3616557734204793,0.3564356435643564,0.0,0.0,0.022388059701492536,0.0
hier_clust,4,23,median,False,2119,7520,0.28178191489361704,0.9958620689655172,0.0,0.10886644219977554,0.29193899782135074,0.0297029702970297,0.16666666666666666,0.058823529411764705,0.16417910447761194,0.03386167146974063
hier_clust,3,72,weighted,True,2119,7520,0.28178191489361704,0.0,0.0,0.925364758698092,0.27959331880900506,0.3712871287128713,0.16666666666666666,0.0,0.05223880597014925,0.0007204610951008645
hier_clust,4,21,median,False,2118,7520,0.28164893617021275,0.9958620689655172,0.0,0.10830527497194165,0.29193899782135074,0.0297029702970297,0.16666666666666666,0.058823529411764705,0.16417910447761194,0.03386167146974063
hier_clust,20,21,weighted,False,2118,7520,0.28164893617021275,0.0,0.0,0.8698092031425365,0.25635439360929557,0.15346534653465346,0.0,0.0,0.0,0.13256484149855907
hier_clust,5,67,complete,True,2118,7520,0.28164893617021275,0.0,0.0008764241893076249,0.9046015712682379,0.28322440087145967,0.2871287128712871,0.08333333333333333,0.0,0.41044776119402987,0.0007204610951008645
hier_clust,False,15,complete,False,2117,7520,0.2815159574468085,0.0,0.0,0.8742985409652076,0.3623819898329702,0.297029702970297,0.0,0.0,0.0,0.0
hier_clust,4,18,average,False,2117,7520,0.2815159574468085,0.0,0.0,0.9141414141414141,0.32098765432098764,0.11386138613861387,0.0,0.0,0.17164179104477612,0.0
hier_clust,False,14,complete,False,2117,7520,0.2815159574468085,0.0,0.0,0.8742985409652076,0.3623819898329702,0.297029702970297,0.0,0.0,0.0,0.0
hier_clust,False,13,complete,False,2117,7520,0.2815159574468085,0.0,0.0,0.8742985409652076,0.3623819898329702,0.297029702970297,0.0,0.0,0.0,0.0
hier_clust,4,92,average,True,2117,7520,0.2815159574468085,0.0,0.0008764241893076249,0.9534231200897868,0.2440087145969499,0.297029702970297,0.16666666666666666,0.029411764705882353,0.05223880597014925,0.00792507204610951
hier_clust,10,52,average,False,2117,7520,0.2815159574468085,0.0,0.0,0.9090909090909091,0.2214960058097313,0.15346534653465346,0.16666666666666666,0.058823529411764705,0.1417910447761194,0.0994236311239193
hier_clust,4,17,average,False,2117,7520,0.2815159574468085,0.0,0.0,0.9141414141414141,0.32098765432098764,0.11386138613861387,0.0,0.0,0.17164179104477612,0.0
hier_clust,4,15,average,False,2116,7520,0.28138297872340423,0.0,0.0,0.9141414141414141,0.32098765432098764,0.10891089108910891,0.0,0.0,0.17164179104477612,0.0
hier_clust,4,14,average,False,2116,7520,0.28138297872340423,0.0,0.0,0.9141414141414141,0.32098765432098764,0.10891089108910891,0.0,0.0,0.17164179104477612,0.0
hier_clust,4,85,average,True,2116,7520,0.28138297872340423,0.0,0.0008764241893076249,0.9489337822671156,0.24909222948438633,0.297029702970297,0.16666666666666666,0.029411764705882353,0.05223880597014925,0.00792507204610951
hier_clust,3,67,weighted,True,2116,7520,0.28138297872340423,0.0,0.0,0.9242424242424242,0.2824981844589688,0.3465346534653465,0.16666666666666666,0.0,0.05223880597014925,0.0007204610951008645
hier_clust,False,10,complete,False,2114,7520,0.28111702127659577,0.0,0.0,0.8742985409652076,0.3623819898329702,0.28217821782178215,0.0,0.0,0.0,0.0
hier_clust,4,13,average,False,2114,7520,0.28111702127659577,0.0,0.0,0.9141414141414141,0.32098765432098764,0.09900990099009901,0.0,0.0,0.17164179104477612,0.0
hier_clust,4,35,weighted,True,2114,7520,0.28111702127659577,0.9937931034482759,0.0008764241893076249,0.002244668911335578,0.46768336964415397,0.09900990099009901,0.08333333333333333,0.0,0.022388059701492536,0.0
hier_clust,4,12,average,False,2114,7520,0.28111702127659577,0.0,0.0,0.9141414141414141,0.32098765432098764,0.09900990099009901,0.0,0.0,0.17164179104477612,0.0
hier_clust,4,11,average,False,2114,7520,0.28111702127659577,0.0,0.0,0.9141414141414141,0.32098765432098764,0.09900990099009901,0.0,0.0,0.17164179104477612,0.0
hier_clust,False,11,complete,False,2114,7520,0.28111702127659577,0.0,0.0,0.8742985409652076,0.3623819898329702,0.28217821782178215,0.0,0.0,0.0,0.0
hier_clust,4,10,average,False,2114,7520,0.28111702127659577,0.0,0.0,0.9141414141414141,0.32098765432098764,0.09900990099009901,0.0,0.0,0.17164179104477612,0.0
hier_clust,False,12,complete,False,2114,7520,0.28111702127659577,0.0,0.0,0.8742985409652076,0.3623819898329702,0.28217821782178215,0.0,0.0,0.0,0.0
hier_clust,3,61,weighted,True,2113,7520,0.2809840425531915,0.0,0.0,0.9242424242424242,0.2824981844589688,0.3465346534653465,0.16666666666666666,0.0,0.029850746268656716,0.0007204610951008645
hier_clust,10,48,average,False,2113,7520,0.2809840425531915,0.0,0.0,0.9090909090909091,0.214960058097313,0.1782178217821782,0.16666666666666666,0.058823529411764705,0.1417910447761194,0.0994236311239193
hier_clust,3,100,average,True,2112,7520,0.28085106382978725,0.0,0.0008764241893076249,0.9528619528619529,0.24691358024691357,0.27722772277227725,0.16666666666666666,0.058823529411764705,0.029850746268656716,0.006484149855907781
hier_clust,4,78,average,True,2111,7520,0.28071808510638296,0.0,0.0008764241893076249,0.9489337822671156,0.24909222948438633,0.3217821782178218,0.16666666666666666,0.0,0.05223880597014925,0.001440922190201729
hier_clust,20,20,weighted,False,2111,7520,0.28071808510638296,0.0,0.0,0.8698092031425365,0.2512708787218591,0.15346534653465346,0.0,0.0,0.0,0.13256484149855907
hier_clust,5,21,weighted,False,2110,7520,0.28058510638297873,0.0,0.0,0.867003367003367,0.3681917211328976,0.12871287128712872,0.0,0.0,0.23880597014925373,0.0
hier_clust,5,20,weighted,False,2110,7520,0.28058510638297873,0.0,0.0,0.867003367003367,0.3681917211328976,0.12871287128712872,0.0,0.0,0.23880597014925373,0.0
hier_clust,3,92,average,True,2110,7520,0.28058510638297873,0.0,0.0008764241893076249,0.9528619528619529,0.24546114742193173,0.28217821782178215,0.16666666666666666,0.029411764705882353,0.029850746268656716,0.006484149855907781
hier_clust,5,57,complete,True,2110,7520,0.28058510638297873,0.0,0.0008764241893076249,0.9012345679012346,0.3166303558460421,0.29207920792079206,0.08333333333333333,0.0,0.04477611940298507,0.0007204610951008645
hier_clust,5,61,complete,True,2110,7520,0.28058510638297873,0.0,0.0008764241893076249,0.9012345679012346,0.3166303558460421,0.29207920792079206,0.08333333333333333,0.0,0.04477611940298507,0.0007204610951008645
hier_clust,4,72,average,True,2110,7520,0.28058510638297873,0.0,0.0008764241893076249,0.9489337822671156,0.24691358024691357,0.33663366336633666,0.16666666666666666,0.0,0.05223880597014925,0.0007204610951008645
hier_clust,20,18,weighted,False,2108,7520,0.2803191489361702,0.0,0.0,0.8698092031425365,0.25199709513435004,0.13366336633663367,0.0,0.0,0.0,0.13256484149855907
hier_clust,4,32,weighted,True,2108,7520,0.2803191489361702,0.9937931034482759,0.0008764241893076249,0.002244668911335578,0.46695715323166304,0.07920792079207921,0.08333333333333333,0.0,0.014925373134328358,0.0
hier_clust,False,9,complete,False,2107,7520,0.280186170212766,0.0,0.0,0.8742985409652076,0.3718228031953522,0.18316831683168316,0.0,0.0,0.0,0.0
hier_clust,False,8,complete,False,2107,7520,0.280186170212766,0.0,0.0,0.8742985409652076,0.3718228031953522,0.18316831683168316,0.0,0.0,0.0,0.0
hier_clust,False,7,complete,False,2107,7520,0.280186170212766,0.0,0.0,0.8742985409652076,0.3718228031953522,0.18316831683168316,0.0,0.0,0.0,0.0
hier_clust,5,18,weighted,False,2107,7520,0.280186170212766,0.0,0.0,0.867003367003367,0.3769063180827887,0.054455445544554455,0.0,0.0,0.23880597014925373,0.0
hier_clust,3,85,average,True,2107,7520,0.280186170212766,0.0,0.0008764241893076249,0.9511784511784511,0.24546114742193173,0.28217821782178215,0.16666666666666666,0.029411764705882353,0.029850746268656716,0.006484149855907781
hier_clust,4,67,average,True,2107,7520,0.280186170212766,0.0,0.0008764241893076249,0.9489337822671156,0.24473493100944083,0.33663366336633666,0.16666666666666666,0.0,0.05223880597014925,0.0007204610951008645
hier_clust,5,17,weighted,False,2107,7520,0.280186170212766,0.0,0.0,0.867003367003367,0.37618010167029775,0.0594059405940594,0.0,0.0,0.23880597014925373,0.0
hier_clust,5,14,weighted,False,2106,7520,0.2800531914893617,0.0,0.0,0.867003367003367,0.3769063180827887,0.04950495049504951,0.0,0.0,0.23880597014925373,0.0
hier_clust,5,15,weighted,False,2106,7520,0.2800531914893617,0.0,0.0,0.867003367003367,0.3769063180827887,0.04950495049504951,0.0,0.0,0.23880597014925373,0.0
hier_clust,5,52,complete,True,2105,7520,0.27992021276595747,0.0,0.0008764241893076249,0.8877665544332211,0.33260711692084244,0.27722772277227725,0.08333333333333333,0.0,0.04477611940298507,0.0007204610951008645
hier_clust,2,8,weighted,False,2103,7520,0.27965425531914895,0.0,0.0,0.909652076318743,0.26289034132171385,0.0,0.0,0.0,0.022388059701492536,0.08429394812680115
hier_clust,2,7,weighted,False,2103,7520,0.27965425531914895,0.0,0.0,0.909652076318743,0.26289034132171385,0.0,0.0,0.0,0.022388059701492536,0.08429394812680115
hier_clust,3,78,average,True,2103,7520,0.27965425531914895,0.0,0.0008764241893076249,0.9545454545454546,0.24328249818445896,0.28217821782178215,0.16666666666666666,0.029411764705882353,0.029850746268656716,0.001440922190201729
hier_clust,5,78,weighted,True,2103,7520,0.27965425531914895,0.9896551724137931,0.0008764241893076249,0.11616161616161616,0.2788671023965142,0.32673267326732675,0.16666666666666666,0.0,0.05223880597014925,0.0007204610951008645
hier_clust,4,61,average,True,2103,7520,0.27965425531914895,0.0,0.0008764241893076249,0.9472502805836139,0.24546114742193173,0.3316831683168317,0.08333333333333333,0.0,0.05223880597014925,0.0007204610951008645
hier_clust,False,6,complete,False,2102,7520,0.27952127659574466,0.0,0.0,0.8742985409652076,0.36310820624546114,0.21782178217821782,0.0,0.0,0.0,0.0
hier_clust,False,5,complete,False,2102,7520,0.27952127659574466,0.0,0.0,0.8742985409652076,0.36310820624546114,0.21782178217821782,0.0,0.0,0.0,0.0
hier_clust,3,72,average,True,2102,7520,0.27952127659574466,0.0,0.0008764241893076249,0.9545454545454546,0.24328249818445896,0.28217821782178215,0.16666666666666666,0.029411764705882353,0.029850746268656716,0.0007204610951008645
hier_clust,5,72,weighted,True,2101,7520,0.27938829787234043,0.9896551724137931,0.0008764241893076249,0.11503928170594838,0.28104575163398693,0.3118811881188119,0.16666666666666666,0.0,0.05223880597014925,0.0007204610951008645
hier_clust,4,92,median,True,2101,7520,0.27938829787234043,0.0,0.0008764241893076249,0.9584736251402918,0.23021060275962238,0.30198019801980197,0.25,0.058823529411764705,0.04477611940298507,0.002161383285302594
hier_clust,4,100,median,True,2101,7520,0.27938829787234043,0.0,0.0008764241893076249,0.9612794612794613,0.22657952069716775,0.30198019801980197,0.25,0.058823529411764705,0.04477611940298507,0.002161383285302594
hier_clust,5,67,weighted,True,2100,7520,0.27925531914893614,0.9896551724137931,0.0008764241893076249,0.11503928170594838,0.28104575163398693,0.3118811881188119,0.16666666666666666,0.0,0.04477611940298507,0.0007204610951008645
hier_clust,2,6,weighted,False,2100,7520,0.27925531914893614,0.0,0.0,0.909652076318743,0.26289034132171385,0.0,0.0,0.0,0.0,0.08429394812680115
hier_clust,2,5,weighted,False,2100,7520,0.27925531914893614,0.0,0.0,0.909652076318743,0.26289034132171385,0.0,0.0,0.0,0.0,0.08429394812680115
hier_clust,20,100,complete,True,2099,7520,0.2791223404255319,0.0,0.0008764241893076249,0.888327721661055,0.3202614379084967,0.29207920792079206,0.3333333333333333,0.058823529411764705,0.04477611940298507,0.002161383285302594
hier_clust,4,85,median,True,2098,7520,0.2789893617021277,0.0,0.0008764241893076249,0.957351290684624,0.23238925199709515,0.2871287128712871,0.25,0.029411764705882353,0.04477611940298507,0.002161383285302594
hier_clust,4,20,median,False,2098,7520,0.2789893617021277,0.0,0.0,0.9074074074074074,0.29193899782135074,0.0297029702970297,0.16666666666666666,0.058823529411764705,0.16417910447761194,0.03386167146974063
hier_clust,3,67,average,True,2098,7520,0.2789893617021277,0.0,0.0008764241893076249,0.9545454545454546,0.2345679012345679,0.32673267326732675,0.16666666666666666,0.0,0.029850746268656716,0.0007204610951008645
hier_clust,5,92,average,True,2098,7520,0.2789893617021277,0.0,0.0008764241893076249,0.9102132435465768,0.27523602033405953,0.4158415841584158,0.16666666666666666,0.029411764705882353,0.05223880597014925,0.001440922190201729
hier_clust,4,78,median,True,2095,7520,0.2785904255319149,0.0,0.0008764241893076249,0.957351290684624,0.23238925199709515,0.2871287128712871,0.16666666666666666,0.0,0.04477611940298507,0.001440922190201729
hier_clust,3,61,average,True,2095,7520,0.2785904255319149,0.0,0.0008764241893076249,0.9483726150392817,0.24909222948438633,0.26732673267326734,0.16666666666666666,0.0,0.029850746268656716,0.0007204610951008645
hier_clust,3,57,weighted,True,2094,7520,0.27845744680851064,0.0,0.0,0.936026936026936,0.2534495279593319,0.3465346534653465,0.16666666666666666,0.0,0.029850746268656716,0.0007204610951008645
hier_clust,3,57,average,True,2093,7520,0.27832446808510636,0.0,0.0008764241893076249,0.9478114478114478,0.24909222948438633,0.2623762376237624,0.16666666666666666,0.0,0.029850746268656716,0.0007204610951008645
hier_clust,20,85,average,False,2092,7520,0.2781914893617021,0.0,0.0,0.9601571268237935,0.22004357298474944,0.24257425742574257,0.16666666666666666,0.058823529411764705,0.17164179104477612,0.001440922190201729
hier_clust,20,92,complete,True,2092,7520,0.2781914893617021,0.0,0.0008764241893076249,0.8888888888888888,0.31445170660856936,0.30198019801980197,0.3333333333333333,0.0,0.04477611940298507,0.002161383285302594
hier_clust,4,72,median,True,2091,7520,0.2780585106382979,0.0,0.0008764241893076249,0.9478114478114478,0.24618736383442266,0.2722772277227723,0.16666666666666666,0.0,0.029850746268656716,0.0007204610951008645
hier_clust,5,61,weighted,True,2091,7520,0.2780585106382979,0.9896551724137931,0.0008764241893076249,0.1111111111111111,0.28322440087145967,0.2871287128712871,0.16666666666666666,0.0,0.04477611940298507,0.0007204610951008645
hier_clust,5,100,centroid,True,2091,7520,0.2780585106382979,0.0,0.0008764241893076249,0.9270482603815937,0.2534495279593319,0.3712871287128713,0.25,0.058823529411764705,0.05223880597014925,0.001440922190201729
hier_clust,3,52,weighted,True,2090,7520,0.2779255319148936,0.0,0.0,0.9354657687991021,0.25054466230936817,0.3564356435643564,0.08333333333333333,0.0,0.029850746268656716,0.0007204610951008645
hier_clust,5,57,weighted,True,2090,7520,0.2779255319148936,0.9896551724137931,0.0008764241893076249,0.1111111111111111,0.28322440087145967,0.2871287128712871,0.08333333333333333,0.0,0.04477611940298507,0.0007204610951008645
hier_clust,2,27,complete,True,2089,7520,0.2777925531914894,0.0,0.0008764241893076249,0.930976430976431,0.2541757443718228,0.3712871287128713,0.08333333333333333,0.0,0.022388059701492536,0.0
hier_clust,2,30,complete,True,2089,7520,0.2777925531914894,0.0,0.0008764241893076249,0.930976430976431,0.2570806100217865,0.35148514851485146,0.08333333333333333,0.0,0.022388059701492536,0.0
hier_clust,2,23,complete,True,2088,7520,0.2776595744680851,0.0,0.0,0.930976430976431,0.2549019607843137,0.3712871287128713,0.0,0.0,0.022388059701492536,0.0
hier_clust,2,25,complete,True,2088,7520,0.2776595744680851,0.0,0.0,0.930976430976431,0.2549019607843137,0.3712871287128713,0.0,0.0,0.022388059701492536,0.0
hier_clust,3,48,weighted,True,2086,7520,0.2773936170212766,0.0,0.0,0.9354657687991021,0.24981844589687727,0.3415841584158416,0.08333333333333333,0.0,0.029850746268656716,0.0007204610951008645
hier_clust,10,20,weighted,False,2085,7520,0.27726063829787234,0.0,0.0,0.8591470258136925,0.39070442992011617,0.07920792079207921,0.0,0.0,0.0,0.0
hier_clust,20,85,complete,True,2085,7520,0.27726063829787234,0.0,0.0008764241893076249,0.8888888888888888,0.3129992737835875,0.28217821782178215,0.3333333333333333,0.0,0.04477611940298507,0.001440922190201729
hier_clust,2,20,complete,True,2085,7520,0.27726063829787234,0.0,0.0,0.930976430976431,0.2549019607843137,0.3564356435643564,0.0,0.0,0.022388059701492536,0.0
hier_clust,2,21,complete,True,2085,7520,0.27726063829787234,0.0,0.0,0.930976430976431,0.2549019607843137,0.3564356435643564,0.0,0.0,0.022388059701492536,0.0
hier_clust,3,45,weighted,True,2085,7520,0.27726063829787234,0.0,0.0,0.9354657687991021,0.24981844589687727,0.3415841584158416,0.08333333333333333,0.0,0.029850746268656716,0.0
hier_clust,10,18,weighted,False,2084,7520,0.2771276595744681,0.0,0.0,0.8585858585858586,0.39070442992011617,0.07920792079207921,0.0,0.0,0.0,0.0
hier_clust,10,17,weighted,False,2084,7520,0.2771276595744681,0.0,0.0,0.8585858585858586,0.39070442992011617,0.07920792079207921,0.0,0.0,0.0,0.0
hier_clust,3,41,weighted,True,2083,7520,0.2769946808510638,0.0,0.0,0.9343434343434344,0.25054466230936817,0.33663366336633666,0.08333333333333333,0.0,0.029850746268656716,0.0
hier_clust,10,15,weighted,False,2083,7520,0.2769946808510638,0.0,0.0,0.8585858585858586,0.38852578068264343,0.0891089108910891,0.0,0.0,0.0,0.0
hier_clust,5,13,weighted,False,2083,7520,0.2769946808510638,0.0,0.0,0.867003367003367,0.38344226579520696,0.04950495049504951,0.0,0.0,0.0,0.0
hier_clust,5,27,average,False,2082,7520,0.2768617021276596,0.0,0.0,0.9152637485970819,0.28903413217138707,0.09405940594059406,0.0,0.0,0.2537313432835821,0.0
hier_clust,5,30,average,False,2082,7520,0.2768617021276596,0.0,0.0,0.9152637485970819,0.28903413217138707,0.09405940594059406,0.0,0.0,0.2537313432835821,0.0
hier_clust,2,17,complete,True,2082,7520,0.2768617021276596,0.0,0.0,0.930976430976431,0.2549019607843137,0.3465346534653465,0.0,0.0,0.014925373134328358,0.0
hier_clust,2,18,complete,True,2082,7520,0.2768617021276596,0.0,0.0,0.930976430976431,0.2549019607843137,0.3465346534653465,0.0,0.0,0.014925373134328358,0.0
hier_clust,5,35,average,False,2082,7520,0.2768617021276596,0.0,0.0,0.9231200897867564,0.28903413217138707,0.09405940594059406,0.0,0.0,0.14925373134328357,0.0
hier_clust,5,32,average,False,2082,7520,0.2768617021276596,0.0,0.0,0.9152637485970819,0.28903413217138707,0.09405940594059406,0.0,0.0,0.2537313432835821,0.0
hier_clust,10,14,weighted,False,2081,7520,0.2767287234042553,0.0,0.0,0.8585858585858586,0.3863471314451707,0.09405940594059406,0.0,0.0,0.0,0.0
hier_clust,4,5,weighted,False,2081,7520,0.2767287234042553,0.0,0.0,0.9107744107744108,0.32098765432098764,0.07920792079207921,0.0,0.0,0.0,0.0
hier_clust,2,6,ward,True,2080,7520,0.2765957446808511,0.0,0.0,0.9298540965207632,0.25054466230936817,0.38613861386138615,0.0,0.0,0.0,0.0
hier_clust,4,18,median,False,2080,7520,0.2765957446808511,0.0,0.0,0.909652076318743,0.27596223674655046,0.0297029702970297,0.16666666666666666,0.058823529411764705,0.16417910447761194,0.03386167146974063
hier_clust,5,52,weighted,True,2080,7520,0.2765957446808511,0.9896551724137931,0.0008764241893076249,0.1111111111111111,0.27596223674655046,0.2871287128712871,0.08333333333333333,0.0,0.04477611940298507,0.0007204610951008645
hier_clust,2,15,complete,True,2080,7520,0.2765957446808511,0.0,0.0,0.9371492704826038,0.24473493100944083,0.3465346534653465,0.0,0.0,0.022388059701492536,0.0
hier_clust,5,23,average,False,2080,7520,0.2765957446808511,0.0,0.0,0.9152637485970819,0.28903413217138707,0.08415841584158416,0.0,0.0,0.2537313432835821,0.0
hier_clust,5,25,average,False,2080,7520,0.2765957446808511,0.0,0.0,0.9152637485970819,0.28903413217138707,0.08415841584158416,0.0,0.0,0.2537313432835821,0.0
hier_clust,5,92,centroid,True,2080,7520,0.2765957446808511,0.0,0.0008764241893076249,0.9377104377104377,0.23311546840958605,0.36633663366336633,0.25,0.029411764705882353,0.05223880597014925,0.001440922190201729
hier_clust,2,5,ward,True,2079,7520,0.2764627659574468,0.0,0.0,0.9298540965207632,0.25054466230936817,0.3811881188118812,0.0,0.0,0.0,0.0
hier_clust,20,17,weighted,False,2079,7520,0.2764627659574468,0.0,0.0,0.8709315375982043,0.22948438634713145,0.13366336633663367,0.0,0.0,0.0,0.13256484149855907
hier_clust,5,21,average,False,2079,7520,0.2764627659574468,0.0,0.0,0.9152637485970819,0.289760348583878,0.08415841584158416,0.0,0.0,0.23880597014925373,0.0
hier_clust,5,12,weighted,False,2079,7520,0.2764627659574468,0.0,0.0,0.867003367003367,0.3769063180827887,0.07425742574257425,0.0,0.0,0.0,0.0
hier_clust,5,20,average,False,2078,7520,0.27632978723404256,0.0,0.0,0.9152637485970819,0.289760348583878,0.07920792079207921,0.0,0.0,0.23880597014925373,0.0
hier_clust,5,18,average,False,2078,7520,0.27632978723404256,0.0,0.0,0.9152637485970819,0.289760348583878,0.07920792079207921,0.0,0.0,0.23880597014925373,0.0
hier_clust,5,17,average,False,2078,7520,0.27632978723404256,0.0,0.0,0.9152637485970819,0.289760348583878,0.07920792079207921,0.0,0.0,0.23880597014925373,0.0
hier_clust,5,11,weighted,False,2078,7520,0.27632978723404256,0.0,0.0,0.867003367003367,0.3769063180827887,0.06930693069306931,0.0,0.0,0.0,0.0
hier_clust,5,48,weighted,True,2076,7520,0.27606382978723404,0.9896551724137931,0.0008764241893076249,0.1122334455667789,0.2737835875090777,0.2722772277227723,0.08333333333333333,0.0,0.04477611940298507,0.0007204610951008645
hier_clust,10,78,complete,True,2076,7520,0.27606382978723404,0.0,0.0008764241893076249,0.898989898989899,0.28685548293391433,0.3217821782178218,0.16666666666666666,0.058823529411764705,0.04477611940298507,0.002161383285302594
hier_clust,2,14,complete,True,2075,7520,0.2759308510638298,0.0,0.0,0.9371492704826038,0.2512708787218591,0.27722772277227725,0.0,0.0,0.022388059701492536,0.0
hier_clust,10,72,complete,True,2075,7520,0.2759308510638298,0.0,0.0008764241893076249,0.8978675645342312,0.28540305010893247,0.33663366336633666,0.16666666666666666,0.058823529411764705,0.04477611940298507,0.002161383285302594
hier_clust,2,11,complete,True,2074,7520,0.2757978723404255,0.0,0.0,0.9349046015712682,0.2512708787218591,0.29207920792079206,0.0,0.0,0.022388059701492536,0.0
hier_clust,2,13,complete,True,2074,7520,0.2757978723404255,0.0,0.0,0.9349046015712682,0.2512708787218591,0.29207920792079206,0.0,0.0,0.022388059701492536,0.0
hier_clust,3,52,average,True,2074,7520,0.2757978723404255,0.0,0.0008764241893076249,0.9545454545454546,0.22657952069716775,0.2623762376237624,0.16666666666666666,0.0,0.029850746268656716,0.0007204610951008645
hier_clust,2,12,complete,True,2074,7520,0.2757978723404255,0.0,0.0,0.9349046015712682,0.2512708787218591,0.29207920792079206,0.0,0.0,0.022388059701492536,0.0
hier_clust,20,78,average,False,2074,7520,0.2757978723404255,0.0,0.0,0.9601571268237935,0.20915032679738563,0.22772277227722773,0.16666666666666666,0.058823529411764705,0.17164179104477612,0.001440922190201729
hier_clust,3,48,average,True,2073,7520,0.2756648936170213,0.0,0.0008764241893076249,0.9545454545454546,0.22585330428467684,0.2623762376237624,0.16666666666666666,0.0,0.029850746268656716,0.0007204610951008645
hier_clust,5,15,average,False,2073,7520,0.2756648936170213,0.0,0.0,0.9152637485970819,0.289760348583878,0.054455445544554455,0.0,0.0,0.23880597014925373,0.0
hier_clust,2,10,complete,True,2073,7520,0.2756648936170213,0.0,0.0,0.9343434343434344,0.2512708787218591,0.29207920792079206,0.0,0.0,0.022388059701492536,0.0
hier_clust,4,4,weighted,False,2073,7520,0.2756648936170213,0.0,0.0,0.9107744107744108,0.32679738562091504,0.0,0.0,0.0,0.0,0.0
hier_clust,4,3,weighted,False,2073,7520,0.2756648936170213,0.0,0.0,0.9107744107744108,0.32679738562091504,0.0,0.0,0.0,0.0,0.0
hier_clust,5,14,average,False,2073,7520,0.2756648936170213,0.0,0.0,0.9152637485970819,0.289760348583878,0.054455445544554455,0.0,0.0,0.23880597014925373,0.0
hier_clust,4,2,weighted,False,2073,7520,0.2756648936170213,0.0,0.0,0.9107744107744108,0.32679738562091504,0.0,0.0,0.0,0.0,0.0
hier_clust,4,17,median,False,2072,7520,0.275531914893617,0.0,0.0,0.909652076318743,0.2701525054466231,0.0297029702970297,0.16666666666666666,0.058823529411764705,0.16417910447761194,0.03386167146974063
hier_clust,2,48,centroid,True,2071,7520,0.27539893617021277,0.0,0.0008764241893076249,0.952300785634119,0.21641249092229484,0.33663366336633666,0.08333333333333333,0.029411764705882353,0.029850746268656716,0.0007204610951008645
hier_clust,2,52,centroid,True,2071,7520,0.27539893617021277,0.0,0.0008764241893076249,0.952300785634119,0.21641249092229484,0.33663366336633666,0.08333333333333333,0.029411764705882353,0.029850746268656716,0.0007204610951008645
hier_clust,3,45,average,True,2071,7520,0.27539893617021277,0.0,0.0008764241893076249,0.9545454545454546,0.2251270878721859,0.2623762376237624,0.16666666666666666,0.0,0.029850746268656716,0.0
hier_clust,4,100,centroid,True,2071,7520,0.27539893617021277,0.0,0.0008764241893076249,0.9567901234567902,0.19753086419753085,0.35148514851485146,0.25,0.058823529411764705,0.04477611940298507,0.00792507204610951
hier_clust,2,45,centroid,True,2070,7520,0.2752659574468085,0.0,0.0008764241893076249,0.952300785634119,0.21641249092229484,0.3316831683168317,0.08333333333333333,0.029411764705882353,0.029850746268656716,0.0007204610951008645
hier_clust,10,12,weighted,False,2070,7520,0.2752659574468085,0.0,0.0,0.8641975308641975,0.3710965867828613,0.09405940594059406,0.0,0.0,0.0,0.0
hier_clust,4,15,median,False,2070,7520,0.2752659574468085,0.0,0.0,0.909652076318743,0.2701525054466231,0.019801980198019802,0.16666666666666666,0.058823529411764705,0.16417910447761194,0.03386167146974063
hier_clust,4,14,median,False,2070,7520,0.2752659574468085,0.0,0.0,0.909652076318743,0.2701525054466231,0.019801980198019802,0.16666666666666666,0.058823529411764705,0.16417910447761194,0.03386167146974063
hier_clust,10,13,weighted,False,2070,7520,0.2752659574468085,0.0,0.0,0.8641975308641975,0.3710965867828613,0.09405940594059406,0.0,0.0,0.0,0.0
hier_clust,10,11,weighted,False,2070,7520,0.2752659574468085,0.0,0.0,0.8641975308641975,0.3710965867828613,0.09405940594059406,0.0,0.0,0.0,0.0
hier_clust,10,10,weighted,False,2069,7520,0.27513297872340425,0.0,0.0,0.8641975308641975,0.3732752360203341,0.07425742574257425,0.0,0.0,0.0,0.0
hier_clust,4,12,median,False,2069,7520,0.27513297872340425,0.0,0.0,0.909652076318743,0.2701525054466231,0.01485148514851485,0.16666666666666666,0.058823529411764705,0.16417910447761194,0.03386167146974063
hier_clust,4,13,median,False,2069,7520,0.27513297872340425,0.0,0.0,0.909652076318743,0.2701525054466231,0.01485148514851485,0.16666666666666666,0.058823529411764705,0.16417910447761194,0.03386167146974063
hier_clust,3,41,average,True,2069,7520,0.27513297872340425,0.0,0.0008764241893076249,0.9545454545454546,0.22585330428467684,0.24752475247524752,0.16666666666666666,0.0,0.029850746268656716,0.0
hier_clust,2,45,median,True,2069,7520,0.27513297872340425,0.0,0.0008764241893076249,0.9175084175084175,0.2679738562091503,0.2871287128712871,0.08333333333333333,0.029411764705882353,0.029850746268656716,0.0
hier_clust,2,41,centroid,True,2068,7520,0.275,0.0,0.0008764241893076249,0.9511784511784511,0.21278140885984023,0.35148514851485146,0.08333333333333333,0.0,0.05223880597014925,0.0
hier_clust,3,45,complete,True,2067,7520,0.27486702127659574,0.0,0.0,0.9551066217732884,0.22076978939724037,0.2722772277227723,0.08333333333333333,0.0,0.03731343283582089,0.0
hier_clust,2,41,median,True,2067,7520,0.27486702127659574,0.0,0.0008764241893076249,0.9158249158249159,0.270878721859114,0.2722772277227723,0.08333333333333333,0.029411764705882353,0.029850746268656716,0.0
hier_clust,2,38,centroid,True,2067,7520,0.27486702127659574,0.0,0.0,0.9511784511784511,0.21278140885984023,0.35148514851485146,0.08333333333333333,0.0,0.05223880597014925,0.0
hier_clust,20,15,weighted,False,2067,7520,0.27486702127659574,0.0,0.0,0.8720538720538721,0.21931735657225854,0.13366336633663367,0.0,0.0,0.0,0.13256484149855907
hier_clust,3,41,complete,True,2066,7520,0.2747340425531915,0.0,0.0,0.9551066217732884,0.2214960058097313,0.2623762376237624,0.08333333333333333,0.0,0.03731343283582089,0.0
hier_clust,2,35,centroid,True,2066,7520,0.2747340425531915,0.0,0.0,0.9483726150392817,0.21278140885984023,0.3712871287128713,0.08333333333333333,0.0,0.05223880597014925,0.0
hier_clust,10,6,weighted,False,2065,7520,0.2746010638297872,0.0,0.0,0.8641975308641975,0.37254901960784315,0.0594059405940594,0.0,0.0,0.0,0.0
hier_clust,10,7,weighted,False,2065,7520,0.2746010638297872,0.0,0.0,0.8641975308641975,0.37254901960784315,0.0594059405940594,0.0,0.0,0.0,0.0
hier_clust,10,8,weighted,False,2065,7520,0.2746010638297872,0.0,0.0,0.8641975308641975,0.37254901960784315,0.0594059405940594,0.0,0.0,0.0,0.0
hier_clust,10,9,weighted,False,2065,7520,0.2746010638297872,0.0,0.0,0.8641975308641975,0.37400145243282495,0.04950495049504951,0.0,0.0,0.0,0.0
hier_clust,4,9,median,False,2064,7520,0.274468085106383,0.0,0.0,0.909652076318743,0.2701525054466231,0.0,0.16666666666666666,0.0,0.16417910447761194,0.03386167146974063
hier_clust,4,7,median,False,2064,7520,0.274468085106383,0.0,0.0,0.909652076318743,0.2701525054466231,0.0,0.16666666666666666,0.0,0.16417910447761194,0.03386167146974063
hier_clust,4,11,median,False,2064,7520,0.274468085106383,0.0,0.0,0.909652076318743,0.2701525054466231,0.0,0.16666666666666666,0.0,0.16417910447761194,0.03386167146974063
hier_clust,4,10,median,False,2064,7520,0.274468085106383,0.0,0.0,0.909652076318743,0.2701525054466231,0.0,0.16666666666666666,0.0,0.16417910447761194,0.03386167146974063
hier_clust,10,5,weighted,False,2064,7520,0.274468085106383,0.0,0.0,0.8641975308641975,0.37254901960784315,0.054455445544554455,0.0,0.0,0.0,0.0
hier_clust,4,8,median,False,2064,7520,0.274468085106383,0.0,0.0,0.909652076318743,0.2701525054466231,0.0,0.16666666666666666,0.0,0.16417910447761194,0.03386167146974063
hier_clust,3,30,complete,True,2064,7520,0.274468085106383,0.0,0.0,0.9539842873176206,0.2178649237472767,0.2871287128712871,0.08333333333333333,0.0,0.03731343283582089,0.0
hier_clust,3,32,complete,True,2064,7520,0.274468085106383,0.0,0.0,0.9545454545454546,0.21713870733478577,0.2871287128712871,0.08333333333333333,0.0,0.03731343283582089,0.0
hier_clust,3,35,complete,True,2064,7520,0.274468085106383,0.0,0.0,0.9545454545454546,0.21713870733478577,0.2871287128712871,0.08333333333333333,0.0,0.03731343283582089,0.0
hier_clust,3,38,complete,True,2064,7520,0.274468085106383,0.0,0.0,0.9545454545454546,0.21713870733478577,0.2871287128712871,0.08333333333333333,0.0,0.03731343283582089,0.0
hier_clust,2,38,median,True,2063,7520,0.2743351063829787,0.0,0.0008764241893076249,0.9158249158249159,0.2672476397966594,0.28217821782178215,0.08333333333333333,0.0,0.029850746268656716,0.0
hier_clust,3,27,complete,True,2063,7520,0.2743351063829787,0.0,0.0,0.9556677890011224,0.214960058097313,0.2871287128712871,0.08333333333333333,0.0,0.03731343283582089,0.0
hier_clust,10,4,weighted,False,2063,7520,0.2743351063829787,0.0,0.0,0.8641975308641975,0.3747276688453159,0.034653465346534656,0.0,0.0,0.0,0.0
hier_clust,2,32,centroid,True,2063,7520,0.2743351063829787,0.0,0.0,0.9483726150392817,0.2120551924473493,0.3613861386138614,0.08333333333333333,0.0,0.05223880597014925,0.0
hier_clust,2,30,centroid,True,2063,7520,0.2743351063829787,0.0,0.0,0.9483726150392817,0.2120551924473493,0.3613861386138614,0.08333333333333333,0.0,0.05223880597014925,0.0
hier_clust,3,25,complete,True,2061,7520,0.27406914893617024,0.0,0.0,0.9556677890011224,0.214960058097313,0.2871287128712871,0.08333333333333333,0.0,0.022388059701492536,0.0
hier_clust,2,27,centroid,True,2060,7520,0.27393617021276595,0.0,0.0,0.9483726150392817,0.2113289760348584,0.36633663366336633,0.08333333333333333,0.0,0.029850746268656716,0.0
hier_clust,2,35,median,True,2060,7520,0.27393617021276595,0.0,0.0008764241893076249,0.9158249158249159,0.2716049382716049,0.2376237623762376,0.08333333333333333,0.0,0.029850746268656716,0.0
hier_clust,2,23,centroid,True,2059,7520,0.2738031914893617,0.0,0.0,0.9472502805836139,0.21278140885984023,0.36633663366336633,0.08333333333333333,0.0,0.022388059701492536,0.0
hier_clust,2,21,centroid,True,2059,7520,0.2738031914893617,0.0,0.0,0.9472502805836139,0.21278140885984023,0.36633663366336633,0.08333333333333333,0.0,0.022388059701492536,0.0
hier_clust,2,25,centroid,True,2059,7520,0.2738031914893617,0.0,0.0,0.9483726150392817,0.2113289760348584,0.36633663366336633,0.08333333333333333,0.0,0.022388059701492536,0.0
hier_clust,2,4,ward,True,2059,7520,0.2738031914893617,0.0,0.0,0.9298540965207632,0.2766884531590414,0.10396039603960396,0.0,0.0,0.0,0.0
hier_clust,2,20,centroid,True,2059,7520,0.2738031914893617,0.0,0.0,0.9472502805836139,0.21278140885984023,0.36633663366336633,0.08333333333333333,0.0,0.022388059701492536,0.0
hier_clust,10,67,complete,True,2057,7520,0.2735372340425532,0.0,0.0008764241893076249,0.9483726150392817,0.2113289760348584,0.31683168316831684,0.16666666666666666,0.0,0.04477611940298507,0.002161383285302594
hier_clust,2,32,median,True,2057,7520,0.2735372340425532,0.0,0.0008764241893076249,0.9158249158249159,0.27596223674655046,0.19306930693069307,0.08333333333333333,0.0,0.029850746268656716,0.0
hier_clust,10,3,weighted,False,2057,7520,0.2735372340425532,0.0,0.0,0.8647586980920314,0.3747276688453159,0.0,0.0,0.0,0.0,0.0
hier_clust,10,45,average,False,2056,7520,0.2734042553191489,0.0,0.0,0.9214365881032548,0.16702977487291212,0.16831683168316833,0.16666666666666666,0.058823529411764705,0.022388059701492536,0.10302593659942363
hier_clust,3,8,ward,True,2055,7520,0.2732712765957447,0.0,0.0,0.9180695847362514,0.2716049382716049,0.22277227722772278,0.0,0.0,0.0,0.0
hier_clust,2,30,median,True,2055,7520,0.2732712765957447,0.0,0.0008764241893076249,0.9158249158249159,0.27450980392156865,0.19801980198019803,0.08333333333333333,0.0,0.022388059701492536,0.0
hier_clust,10,41,average,False,2055,7520,0.2732712765957447,0.0,0.0,0.920314253647587,0.16848220769789396,0.16336633663366337,0.16666666666666666,0.058823529411764705,0.022388059701492536,0.10302593659942363
hier_clust,10,38,average,False,2055,7520,0.2732712765957447,0.0,0.0,0.9197530864197531,0.16848220769789396,0.16831683168316833,0.16666666666666666,0.058823529411764705,0.022388059701492536,0.10302593659942363
hier_clust,3,7,ward,True,2055,7520,0.2732712765957447,0.0,0.0,0.9180695847362514,0.2716049382716049,0.22277227722772278,0.0,0.0,0.0,0.0
hier_clust,20,78,complete,True,2055,7520,0.2732712765957447,0.0,0.0008764241893076249,0.9349046015712682,0.23384168482207698,0.2722772277227723,0.25,0.0,0.04477611940298507,0.001440922190201729
hier_clust,10,61,complete,True,2055,7520,0.2732712765957447,0.0,0.0008764241893076249,0.9472502805836139,0.2113289760348584,0.3118811881188119,0.16666666666666666,0.0,0.05223880597014925,0.002161383285302594
hier_clust,10,100,centroid,False,2054,7520,0.27313829787234045,0.000689655172413793,0.0,0.9405162738496072,0.18445896877269427,0.22772277227722773,0.4166666666666667,0.058823529411764705,0.48507462686567165,0.0036023054755043226
hier_clust,4,92,centroid,True,2054,7520,0.27313829787234045,0.0,0.0008764241893076249,0.9713804713804713,0.16848220769789396,0.3316831683168317,0.25,0.058823529411764705,0.05223880597014925,0.00792507204610951
hier_clust,10,35,average,False,2054,7520,0.27313829787234045,0.0,0.0,0.9191919191919192,0.16848220769789396,0.16831683168316833,0.16666666666666666,0.058823529411764705,0.022388059701492536,0.10302593659942363
hier_clust,2,27,median,True,2052,7520,0.27287234042553193,0.0,0.0008764241893076249,0.9158249158249159,0.2737835875090777,0.18811881188118812,0.08333333333333333,0.0,0.022388059701492536,0.0
hier_clust,10,92,centroid,False,2052,7520,0.27287234042553193,0.000689655172413793,0.0,0.9405162738496072,0.18663761801016704,0.20297029702970298,0.4166666666666667,0.058823529411764705,0.48507462686567165,0.0036023054755043226
hier_clust,20,72,complete,True,2052,7520,0.27287234042553193,0.0,0.0008764241893076249,0.9337822671156004,0.22948438634713145,0.3069306930693069,0.25,0.0,0.029850746268656716,0.001440922190201729
hier_clust,2,3,ward,True,2051,7520,0.27273936170212765,0.0,0.0,0.9298540965207632,0.2861292665214234,0.0,0.0,0.0,0.0,0.0
hier_clust,2,2,ward,True,2051,7520,0.27273936170212765,0.0,0.0,0.9298540965207632,0.2861292665214234,0.0,0.0,0.0,0.0,0.0
hier_clust,4,85,centroid,True,2051,7520,0.27273936170212765,0.0,0.0008764241893076249,0.9713804713804713,0.16775599128540306,0.33663366336633666,0.16666666666666666,0.029411764705882353,0.05223880597014925,0.007204610951008645
hier_clust,5,45,weighted,True,2050,7520,0.2726063829787234,0.9896551724137931,0.0008764241893076249,0.11167227833894501,0.2549019607843137,0.27722772277227725,0.08333333333333333,0.0,0.04477611940298507,0.0007204610951008645
hier_clust,10,6,ward,True,2049,7520,0.27247340425531913,0.0,0.0,0.8765432098765432,0.3522149600580973,0.0049504950495049506,0.08333333333333333,0.0,0.0,0.0
hier_clust,3,23,complete,True,2048,7520,0.2723404255319149,0.0,0.0,0.9556677890011224,0.21931735657225854,0.19306930693069307,0.08333333333333333,0.0,0.022388059701492536,0.0
hier_clust,10,5,ward,True,2048,7520,0.2723404255319149,0.0,0.0,0.8765432098765432,0.3522149600580973,0.0049504950495049506,0.0,0.0,0.0,0.0
hier_clust,10,85,centroid,False,2047,7520,0.2722074468085106,0.000689655172413793,0.0,0.9405162738496072,0.18155410312273057,0.22277227722772278,0.25,0.058823529411764705,0.48507462686567165,0.0036023054755043226
hier_clust,3,18,complete,True,2047,7520,0.2722074468085106,0.0,0.0,0.9562289562289562,0.2178649237472767,0.19306930693069307,0.08333333333333333,0.0,0.022388059701492536,0.0
hier_clust,3,20,complete,True,2047,7520,0.2722074468085106,0.0,0.0,0.9562289562289562,0.2178649237472767,0.19306930693069307,0.08333333333333333,0.0,0.022388059701492536,0.0
hier_clust,3,4,ward,True,2047,7520,0.2722074468085106,0.0,0.0,0.9180695847362514,0.2933914306463326,0.034653465346534656,0.0,0.0,0.0,0.0
hier_clust,3,5,ward,True,2047,7520,0.2722074468085106,0.0,0.0,0.9180695847362514,0.2933914306463326,0.034653465346534656,0.0,0.0,0.0,0.0
hier_clust,3,6,ward,True,2047,7520,0.2722074468085106,0.0,0.0,0.9180695847362514,0.2933914306463326,0.034653465346534656,0.0,0.0,0.0,0.0
hier_clust,10,4,ward,True,2047,7520,0.2722074468085106,0.0,0.0,0.8765432098765432,0.3522149600580973,0.0,0.0,0.0,0.0,0.0
hier_clust,20,14,weighted,False,2047,7520,0.2722074468085106,0.0,0.0,0.8490460157126823,0.21931735657225854,0.13366336633663367,0.0,0.0,0.0,0.14769452449567724
hier_clust,3,21,complete,True,2047,7520,0.2722074468085106,0.0,0.0,0.9562289562289562,0.2178649237472767,0.19306930693069307,0.08333333333333333,0.0,0.022388059701492536,0.0
hier_clust,20,15,complete,False,2046,7520,0.2720744680851064,0.0,0.0,0.82996632996633,0.38271604938271603,0.19801980198019803,0.0,0.0,0.0,0.0
hier_clust,10,3,ward,True,2046,7520,0.2720744680851064,0.0,0.0,0.8759820426487093,0.3522149600580973,0.0,0.0,0.0,0.0,0.0
hier_clust,10,2,ward,True,2046,7520,0.2720744680851064,0.0,0.0,0.8759820426487093,0.3522149600580973,0.0,0.0,0.0,0.0,0.0
hier_clust,3,3,ward,True,2046,7520,0.2720744680851064,0.0,0.0,0.9175084175084175,0.2933914306463326,0.034653465346534656,0.0,0.0,0.0,0.0
hier_clust,10,57,complete,True,2046,7520,0.2720744680851064,0.0,0.0008764241893076249,0.9528619528619529,0.19970951343500362,0.30198019801980197,0.16666666666666666,0.0,0.05223880597014925,0.001440922190201729
hier_clust,4,78,centroid,True,2046,7520,0.2720744680851064,0.0,0.0008764241893076249,0.9713804713804713,0.16702977487291212,0.3613861386138614,0.16666666666666666,0.0,0.05223880597014925,0.001440922190201729
hier_clust,10,52,complete,True,2045,7520,0.27194148936170215,0.0,0.0008764241893076249,0.952300785634119,0.19970951343500362,0.30198019801980197,0.16666666666666666,0.0,0.05223880597014925,0.001440922190201729
hier_clust,20,13,weighted,False,2045,7520,0.27194148936170215,0.0,0.0,0.8490460157126823,0.21931735657225854,0.12376237623762376,0.0,0.0,0.0,0.14769452449567724
hier_clust,20,14,complete,False,2045,7520,0.27194148936170215,0.0,0.0,0.82996632996633,0.38344226579520696,0.18811881188118812,0.0,0.0,0.0,0.0
hier_clust,3,17,complete,True,2045,7520,0.27194148936170215,0.0,0.0,0.9562289562289562,0.21423384168482207,0.2079207920792079,0.08333333333333333,0.0,0.022388059701492536,0.0
hier_clust,3,2,ward,True,2044,7520,0.27180851063829786,0.0,0.0,0.9175084175084175,0.2970225127087872,0.0,0.0,0.0,0.0,0.0
hier_clust,4,72,centroid,True,2044,7520,0.27180851063829786,0.0,0.0008764241893076249,0.9708193041526375,0.16775599128540306,0.3564356435643564,0.16666666666666666,0.0,0.05223880597014925,0.0007204610951008645
hier_clust,10,48,complete,True,2043,7520,0.27167553191489363,0.0,0.0008764241893076249,0.952300785634119,0.19970951343500362,0.297029702970297,0.16666666666666666,0.0,0.05223880597014925,0.0007204610951008645
hier_clust,10,32,average,False,2043,7520,0.27167553191489363,0.0,0.0,0.9242424242424242,0.15468409586056645,0.17326732673267325,0.16666666666666666,0.0,0.022388059701492536,0.10302593659942363
hier_clust,5,41,weighted,True,2042,7520,0.27154255319148934,0.9896551724137931,0.0008764241893076249,0.1127946127946128,0.2570806100217865,0.22772277227722773,0.08333333333333333,0.0,0.022388059701492536,0.0007204610951008645
hier_clust,10,45,complete,True,2042,7520,0.27154255319148934,0.0,0.0008764241893076249,0.952300785634119,0.19970951343500362,0.29207920792079206,0.16666666666666666,0.0,0.05223880597014925,0.0007204610951008645
hier_clust,10,78,median,False,2041,7520,0.2714095744680851,0.0,0.0,0.9259259259259259,0.22585330428467684,0.18316831683168316,0.16666666666666666,0.058823529411764705,0.2835820895522388,0.0007204610951008645
hier_clust,5,38,weighted,True,2041,7520,0.2714095744680851,0.9896551724137931,0.0008764241893076249,0.1127946127946128,0.25635439360929557,0.22772277227722773,0.08333333333333333,0.0,0.022388059701492536,0.0007204610951008645
hier_clust,20,12,weighted,False,2040,7520,0.2712765957446808,0.0,0.0,0.8490460157126823,0.2214960058097313,0.08415841584158416,0.0,0.0,0.0,0.14769452449567724
hier_clust,4,67,centroid,True,2039,7520,0.2711436170212766,0.0,0.0008764241893076249,0.9708193041526375,0.1655773420479303,0.3465346534653465,0.16666666666666666,0.0,0.05223880597014925,0.0007204610951008645
hier_clust,20,13,complete,False,2037,7520,0.2708776595744681,0.0,0.0,0.82996632996633,0.3841684822076979,0.14356435643564355,0.0,0.0,0.0,0.0
hier_clust,3,11,average,False,2036,7520,0.27074468085106385,0.0,0.0,0.9438832772166106,0.20043572984749455,0.11386138613861387,0.0,0.0,0.41044776119402987,0.0
hier_clust,4,61,centroid,True,2036,7520,0.27074468085106385,0.0,0.0008764241893076249,0.9657687991021324,0.17066085693536673,0.3465346534653465,0.08333333333333333,0.0,0.05223880597014925,0.0007204610951008645
hier_clust,4,57,centroid,True,2035,7520,0.27061170212765956,0.0,0.0008764241893076249,0.9657687991021324,0.17066085693536673,0.3415841584158416,0.08333333333333333,0.0,0.05223880597014925,0.0007204610951008645
hier_clust,10,72,median,False,2035,7520,0.27061170212765956,0.0,0.0,0.9421997755331089,0.22585330428467684,0.1782178217821782,0.16666666666666666,0.058823529411764705,0.029850746268656716,0.0007204610951008645
hier_clust,3,9,average,False,2034,7520,0.27047872340425533,0.0,0.0,0.9438832772166106,0.20261437908496732,0.0891089108910891,0.0,0.0,0.41044776119402987,0.0
hier_clust,10,41,complete,True,2034,7520,0.27047872340425533,0.0,0.0008764241893076249,0.9551066217732884,0.19026870007262164,0.2871287128712871,0.25,0.0,0.05223880597014925,0.0007204610951008645
hier_clust,3,10,average,False,2034,7520,0.27047872340425533,0.0,0.0,0.9438832772166106,0.20261437908496732,0.0891089108910891,0.0,0.0,0.41044776119402987,0.0
hier_clust,10,67,median,False,2033,7520,0.27034574468085104,0.0,0.0,0.941638608305275,0.22440087145969498,0.18316831683168316,0.16666666666666666,0.058823529411764705,0.029850746268656716,0.0007204610951008645
hier_clust,10,61,median,False,2033,7520,0.27034574468085104,0.0,0.0,0.941638608305275,0.22440087145969498,0.18316831683168316,0.16666666666666666,0.058823529411764705,0.029850746268656716,0.0007204610951008645
hier_clust,3,7,average,False,2032,7520,0.2702127659574468,0.0,0.0,0.9438832772166106,0.20261437908496732,0.07920792079207921,0.0,0.0,0.41044776119402987,0.0
hier_clust,10,78,centroid,False,2032,7520,0.2702127659574468,0.000689655172413793,0.0,0.9315375982042648,0.18155410312273057,0.21782178217821782,0.16666666666666666,0.058823529411764705,0.5074626865671642,0.0036023054755043226
hier_clust,10,38,complete,True,2032,7520,0.2702127659574468,0.0,0.0008764241893076249,0.9551066217732884,0.19026870007262164,0.27722772277227725,0.25,0.0,0.05223880597014925,0.0007204610951008645
hier_clust,20,78,weighted,True,2032,7520,0.2702127659574468,0.0,0.0008764241893076249,0.8636363636363636,0.29920116194626,0.33663366336633666,0.3333333333333333,0.0,0.04477611940298507,0.001440922190201729
hier_clust,5,85,centroid,True,2032,7520,0.2702127659574468,0.0,0.0008764241893076249,0.9702581369248036,0.15904139433551198,0.35148514851485146,0.16666666666666666,0.029411764705882353,0.05223880597014925,0.001440922190201729
hier_clust,3,8,average,False,2032,7520,0.2702127659574468,0.0,0.0,0.9438832772166106,0.20261437908496732,0.07920792079207921,0.0,0.0,0.41044776119402987,0.0
hier_clust,4,52,centroid,True,2031,7520,0.2700797872340426,0.0,0.0008764241893076249,0.9657687991021324,0.16775599128540306,0.3415841584158416,0.08333333333333333,0.0,0.05223880597014925,0.0007204610951008645
hier_clust,10,57,median,False,2031,7520,0.2700797872340426,0.0,0.0,0.9337822671156004,0.23384168482207698,0.18316831683168316,0.16666666666666666,0.058823529411764705,0.029850746268656716,0.0
hier_clust,20,9,ward,True,2030,7520,0.2699468085106383,0.0,0.0,0.9264870931537598,0.27233115468409586,0.01485148514851485,0.08333333333333333,0.0,0.0,0.0
hier_clust,20,12,complete,False,2030,7520,0.2699468085106383,0.0,0.0,0.82996632996633,0.39070442992011617,0.06435643564356436,0.0,0.0,0.0,0.0
hier_clust,10,35,complete,True,2030,7520,0.2699468085106383,0.0,0.0,0.9551066217732884,0.19026870007262164,0.27722772277227725,0.25,0.0,0.05223880597014925,0.0
hier_clust,10,32,complete,True,2030,7520,0.2699468085106383,0.0,0.0,0.9551066217732884,0.19026870007262164,0.27722772277227725,0.25,0.0,0.05223880597014925,0.0
hier_clust,20,72,weighted,True,2030,7520,0.2699468085106383,0.0,0.0008764241893076249,0.8636363636363636,0.2970225127087872,0.3415841584158416,0.3333333333333333,0.0,0.04477611940298507,0.001440922190201729
hier_clust,20,7,ward,True,2029,7520,0.26981382978723406,0.0,0.0,0.9264870931537598,0.2730573710965868,0.0049504950495049506,0.08333333333333333,0.0,0.0,0.0
hier_clust,20,8,ward,True,2029,7520,0.26981382978723406,0.0,0.0,0.9264870931537598,0.2730573710965868,0.0049504950495049506,0.08333333333333333,0.0,0.0,0.0
hier_clust,20,11,weighted,False,2029,7520,0.26981382978723406,0.0,0.0,0.8490460157126823,0.22294843863471314,0.019801980198019802,0.0,0.0,0.0,0.14769452449567724
hier_clust,20,10,weighted,False,2029,7520,0.26981382978723406,0.0,0.0,0.8490460157126823,0.22294843863471314,0.019801980198019802,0.0,0.0,0.0,0.14769452449567724
hier_clust,4,14,centroid,False,2029,7520,0.26981382978723406,0.0,0.0,0.9528619528619529,0.23021060275962238,0.06930693069306931,0.0,0.0,0.0,0.0
hier_clust,5,78,centroid,True,2028,7520,0.2696808510638298,0.0,0.0008764241893076249,0.9702581369248036,0.15541031227305738,0.3613861386138614,0.16666666666666666,0.0,0.05223880597014925,0.001440922190201729
hier_clust,20,6,ward,True,2028,7520,0.2696808510638298,0.0,0.0,0.9259259259259259,0.2730573710965868,0.0049504950495049506,0.08333333333333333,0.0,0.0,0.0
hier_clust,10,52,median,False,2028,7520,0.2696808510638298,0.0,0.0,0.9337822671156004,0.23384168482207698,0.17326732673267325,0.08333333333333333,0.058823529411764705,0.029850746268656716,0.0
hier_clust,10,72,centroid,False,2028,7520,0.2696808510638298,0.0,0.0,0.9298540965207632,0.1822803195352215,0.21782178217821782,0.16666666666666666,0.058823529411764705,0.5074626865671642,0.002881844380403458
hier_clust,3,5,average,False,2027,7520,0.26954787234042554,0.0,0.0,0.9438832772166106,0.21060275962236746,0.0,0.0,0.0,0.41044776119402987,0.0
hier_clust,20,4,ward,True,2027,7520,0.26954787234042554,0.0,0.0,0.9259259259259259,0.2730573710965868,0.0049504950495049506,0.0,0.0,0.0,0.0
hier_clust,20,9,weighted,False,2027,7520,0.26954787234042554,0.0,0.0,0.8490460157126823,0.2214960058097313,0.019801980198019802,0.0,0.0,0.0,0.14769452449567724
hier_clust,3,6,average,False,2027,7520,0.26954787234042554,0.0,0.0,0.9438832772166106,0.21060275962236746,0.0,0.0,0.0,0.41044776119402987,0.0
hier_clust,3,9,weighted,False,2027,7520,0.26954787234042554,0.0,0.0,0.8653198653198653,0.29193899782135074,0.0,0.0,0.0,0.06716417910447761,0.053314121037463975
hier_clust,4,48,centroid,True,2027,7520,0.26954787234042554,0.0,0.0008764241893076249,0.9646464646464646,0.16702977487291212,0.3564356435643564,0.08333333333333333,0.0,0.022388059701492536,0.0007204610951008645
hier_clust,20,5,ward,True,2027,7520,0.26954787234042554,0.0,0.0,0.9259259259259259,0.2730573710965868,0.0049504950495049506,0.0,0.0,0.0,0.0
hier_clust,20,3,ward,True,2026,7520,0.26941489361702126,0.0,0.0,0.9259259259259259,0.2730573710965868,0.0,0.0,0.0,0.0,0.0
hier_clust,10,67,centroid,False,2026,7520,0.26941489361702126,0.0,0.0,0.9298540965207632,0.18082788671023964,0.21782178217821782,0.16666666666666666,0.058823529411764705,0.5074626865671642,0.002881844380403458
hier_clust,5,48,complete,True,2026,7520,0.26941489361702126,0.0,0.0008764241893076249,0.9320987654320988,0.2185911401597676,0.27722772277227725,0.08333333333333333,0.0,0.04477611940298507,0.0
hier_clust,20,2,ward,True,2026,7520,0.26941489361702126,0.0,0.0,0.9259259259259259,0.2730573710965868,0.0,0.0,0.0,0.0,0.0
hier_clust,10,61,centroid,False,2025,7520,0.269281914893617,0.0,0.0,0.9298540965207632,0.18155410312273057,0.21782178217821782,0.16666666666666666,0.058823529411764705,0.5074626865671642,0.001440922190201729
hier_clust,20,8,weighted,False,2025,7520,0.269281914893617,0.0,0.0,0.8490460157126823,0.2214960058097313,0.009900990099009901,0.0,0.0,0.0,0.14769452449567724
hier_clust,5,45,complete,True,2024,7520,0.2691489361702128,0.0,0.0008764241893076249,0.9320987654320988,0.2178649237472767,0.2722772277227723,0.08333333333333333,0.0,0.04477611940298507,0.0
hier_clust,20,67,weighted,True,2023,7520,0.2690159574468085,0.0,0.0008764241893076249,0.8636363636363636,0.29484386347131447,0.3217821782178218,0.3333333333333333,0.0,0.04477611940298507,0.001440922190201729
hier_clust,4,45,complete,True,2022,7520,0.2688829787234043,0.0,0.0008764241893076249,0.9584736251402918,0.18010167029774873,0.30198019801980197,0.08333333333333333,0.0,0.022388059701492536,0.0
hier_clust,20,67,average,False,2022,7520,0.2688829787234043,0.0,0.0,0.9607182940516273,0.18809005083514888,0.22772277227722773,0.08333333333333333,0.058823529411764705,0.0,0.001440922190201729
hier_clust,20,72,average,False,2022,7520,0.2688829787234043,0.0,0.0,0.9612794612794613,0.18736383442265794,0.22772277227722773,0.08333333333333333,0.058823529411764705,0.0,0.001440922190201729
hier_clust,5,41,complete,True,2022,7520,0.2688829787234043,0.0,0.0008764241893076249,0.9320987654320988,0.2178649237472767,0.27722772277227725,0.08333333333333333,0.0,0.022388059701492536,0.0
hier_clust,4,41,complete,True,2021,7520,0.26875,0.0,0.0008764241893076249,0.9584736251402918,0.18010167029774873,0.30198019801980197,0.08333333333333333,0.0,0.014925373134328358,0.0
hier_clust,5,72,centroid,True,2021,7520,0.26875,0.0,0.0008764241893076249,0.9696969696969697,0.16702977487291212,0.2524752475247525,0.16666666666666666,0.0,0.05223880597014925,0.001440922190201729
hier_clust,20,6,complete,False,2020,7520,0.26861702127659576,0.0,0.0,0.8507295173961841,0.35657225853304286,0.06435643564356436,0.0,0.0,0.0,0.0
hier_clust,5,10,weighted,False,2020,7520,0.26861702127659576,0.0,0.0,0.8838383838383839,0.3129992737835875,0.06930693069306931,0.0,0.0,0.0,0.0
hier_clust,20,11,complete,False,2020,7520,0.26861702127659576,0.0,0.0,0.8507295173961841,0.35657225853304286,0.06435643564356436,0.0,0.0,0.0,0.0
hier_clust,20,7,complete,False,2020,7520,0.26861702127659576,0.0,0.0,0.8507295173961841,0.35657225853304286,0.06435643564356436,0.0,0.0,0.0,0.0
hier_clust,20,8,complete,False,2020,7520,0.26861702127659576,0.0,0.0,0.8507295173961841,0.35657225853304286,0.06435643564356436,0.0,0.0,0.0,0.0
hier_clust,20,10,complete,False,2020,7520,0.26861702127659576,0.0,0.0,0.8507295173961841,0.35657225853304286,0.06435643564356436,0.0,0.0,0.0,0.0
hier_clust,5,67,centroid,True,2020,7520,0.26861702127659576,0.0,0.0008764241893076249,0.9696969696969697,0.16630355846042122,0.2524752475247525,0.16666666666666666,0.0,0.05223880597014925,0.001440922190201729
hier_clust,False,21,weighted,False,2020,7520,0.26861702127659576,0.0,0.0,0.9012345679012346,0.2672476397966594,0.22772277227722773,0.0,0.0,0.0,0.0
hier_clust,5,38,complete,True,2020,7520,0.26861702127659576,0.0,0.0008764241893076249,0.9427609427609428,0.2018881626724764,0.28217821782178215,0.08333333333333333,0.0,0.022388059701492536,0.0
hier_clust,20,9,complete,False,2020,7520,0.26861702127659576,0.0,0.0,0.8507295173961841,0.35657225853304286,0.06435643564356436,0.0,0.0,0.0,0.0
hier_clust,5,61,centroid,True,2019,7520,0.26848404255319147,0.0,0.0008764241893076249,0.9696969696969697,0.16630355846042122,0.24752475247524752,0.16666666666666666,0.0,0.05223880597014925,0.001440922190201729
hier_clust,3,7,weighted,False,2019,7520,0.26848404255319147,0.0,0.0,0.8653198653198653,0.29193899782135074,0.0,0.0,0.0,0.0,0.05403458213256484
hier_clust,5,5,complete,False,2019,7520,0.26848404255319147,0.0,0.0,0.9371492704826038,0.22948438634713145,0.0,0.0,0.0,0.2462686567164179,0.0
hier_clust,5,9,weighted,False,2019,7520,0.26848404255319147,0.0,0.0,0.8838383838383839,0.31953522149600583,0.019801980198019802,0.0,0.0,0.0,0.0
hier_clust,5,35,complete,True,2019,7520,0.26848404255319147,0.0,0.0,0.9427609427609428,0.2018881626724764,0.28217821782178215,0.08333333333333333,0.0,0.022388059701492536,0.0
hier_clust,4,38,complete,True,2019,7520,0.26848404255319147,0.0,0.0008764241893076249,0.9567901234567902,0.1830065359477124,0.2871287128712871,0.08333333333333333,0.0,0.014925373134328358,0.0
hier_clust,20,67,complete,True,2019,7520,0.26848404255319147,0.0,0.0008764241893076249,0.9607182940516273,0.17356572258533043,0.2871287128712871,0.25,0.0,0.029850746268656716,0.001440922190201729
hier_clust,3,8,weighted,False,2019,7520,0.26848404255319147,0.0,0.0,0.8653198653198653,0.29193899782135074,0.0,0.0,0.0,0.0,0.05403458213256484
hier_clust,5,7,weighted,False,2019,7520,0.26848404255319147,0.0,0.0,0.8838383838383839,0.31953522149600583,0.019801980198019802,0.0,0.0,0.0,0.0
hier_clust,5,6,complete,False,2019,7520,0.26848404255319147,0.0,0.0,0.9371492704826038,0.22948438634713145,0.0,0.0,0.0,0.2462686567164179,0.0
hier_clust,5,8,weighted,False,2019,7520,0.26848404255319147,0.0,0.0,0.8838383838383839,0.31953522149600583,0.019801980198019802,0.0,0.0,0.0,0.0
hier_clust,20,61,average,False,2018,7520,0.26835106382978724,0.0,0.0,0.9607182940516273,0.18809005083514888,0.21782178217821782,0.0,0.058823529411764705,0.0,0.0007204610951008645
hier_clust,5,6,weighted,False,2018,7520,0.26835106382978724,0.0,0.0,0.8838383838383839,0.3159041394335512,0.039603960396039604,0.0,0.0,0.0,0.0
hier_clust,5,5,weighted,False,2018,7520,0.26835106382978724,0.0,0.0,0.8838383838383839,0.3159041394335512,0.039603960396039604,0.0,0.0,0.0,0.0
hier_clust,4,13,centroid,False,2018,7520,0.26835106382978724,0.0,0.0,0.957351290684624,0.21641249092229484,0.06930693069306931,0.0,0.0,0.0,0.0
hier_clust,10,48,median,False,2018,7520,0.26835106382978724,0.0,0.0,0.9354657687991021,0.23093681917211328,0.14356435643564355,0.08333333333333333,0.058823529411764705,0.007462686567164179,0.0
hier_clust,False,20,weighted,False,2018,7520,0.26835106382978724,0.0,0.0,0.9012345679012346,0.2657952069716776,0.22772277227722773,0.0,0.0,0.0,0.0
hier_clust,5,32,complete,True,2017,7520,0.26821808510638295,0.0,0.0,0.9427609427609428,0.2018881626724764,0.2722772277227723,0.08333333333333333,0.0,0.022388059701492536,0.0
hier_clust,4,12,centroid,False,2017,7520,0.26821808510638295,0.0,0.0,0.957351290684624,0.21641249092229484,0.06435643564356436,0.0,0.0,0.0,0.0
hier_clust,5,3,complete,False,2015,7520,0.2679521276595745,0.0,0.0,0.9534231200897868,0.22948438634713145,0.0,0.0,0.0,0.0,0.0
hier_clust,5,4,complete,False,2015,7520,0.2679521276595745,0.0,0.0,0.9534231200897868,0.22948438634713145,0.0,0.0,0.0,0.0,0.0
hier_clust,4,11,centroid,False,2014,7520,0.2678191489361702,0.0,0.0,0.957351290684624,0.21641249092229484,0.04950495049504951,0.0,0.0,0.0,0.0
hier_clust,4,10,centroid,False,2014,7520,0.2678191489361702,0.0,0.0,0.957351290684624,0.21641249092229484,0.04950495049504951,0.0,0.0,0.0,0.0
hier_clust,4,7,centroid,False,2012,7520,0.2675531914893617,0.0,0.0,0.957351290684624,0.20769789397240376,0.09900990099009901,0.0,0.0,0.0,0.0
hier_clust,4,8,centroid,False,2012,7520,0.2675531914893617,0.0,0.0,0.957351290684624,0.20769789397240376,0.09900990099009901,0.0,0.0,0.0,0.0
hier_clust,4,9,centroid,False,2012,7520,0.2675531914893617,0.0,0.0,0.957351290684624,0.20769789397240376,0.09900990099009901,0.0,0.0,0.0,0.0
hier_clust,4,6,centroid,False,2011,7520,0.26742021276595745,0.0,0.0,0.957351290684624,0.20769789397240376,0.09405940594059406,0.0,0.0,0.0,0.0
hier_clust,10,35,median,True,2011,7520,0.26742021276595745,0.0,0.0008764241893076249,0.9427609427609428,0.2222222222222222,0.07920792079207921,0.16666666666666666,0.0,0.029850746268656716,0.001440922190201729
hier_clust,10,32,median,True,2011,7520,0.26742021276595745,0.0,0.0008764241893076249,0.9427609427609428,0.2222222222222222,0.07425742574257425,0.25,0.0,0.029850746268656716,0.001440922190201729
hier_clust,10,45,median,False,2010,7520,0.26728723404255317,0.0,0.0,0.9320987654320988,0.23093681917211328,0.13366336633663367,0.08333333333333333,0.058823529411764705,0.007462686567164179,0.0
hier_clust,5,27,centroid,False,2009,7520,0.26715425531914894,0.0,0.0,0.9624017957351291,0.16412490922294845,0.11386138613861387,0.0,0.0,0.3358208955223881,0.0
hier_clust,10,30,median,True,2009,7520,0.26715425531914894,0.0,0.0,0.9427609427609428,0.2222222222222222,0.06930693069306931,0.25,0.0,0.029850746268656716,0.001440922190201729
hier_clust,5,30,centroid,False,2009,7520,0.26715425531914894,0.0,0.0,0.9624017957351291,0.16412490922294845,0.11386138613861387,0.0,0.0,0.3358208955223881,0.0
hier_clust,10,27,median,True,2008,7520,0.2670212765957447,0.0,0.0,0.9427609427609428,0.2222222222222222,0.06930693069306931,0.25,0.0,0.029850746268656716,0.0007204610951008645
hier_clust,3,4,weighted,False,2008,7520,0.2670212765957447,0.0,0.0,0.8653198653198653,0.2839506172839506,0.0,0.0,0.0,0.0,0.05403458213256484
hier_clust,False,15,weighted,False,2008,7520,0.2670212765957447,0.0,0.0,0.9012345679012346,0.2665214233841685,0.17326732673267325,0.0,0.0,0.0,0.0
hier_clust,False,17,weighted,False,2008,7520,0.2670212765957447,0.0,0.0,0.9012345679012346,0.2665214233841685,0.17326732673267325,0.0,0.0,0.0,0.0
hier_clust,False,18,weighted,False,2008,7520,0.2670212765957447,0.0,0.0,0.9012345679012346,0.2665214233841685,0.17326732673267325,0.0,0.0,0.0,0.0
hier_clust,4,5,centroid,False,2008,7520,0.2670212765957447,0.0,0.0,0.957351290684624,0.21641249092229484,0.019801980198019802,0.0,0.0,0.0,0.0
hier_clust,20,61,weighted,True,2008,7520,0.2670212765957447,0.0,0.0008764241893076249,0.8636363636363636,0.30718954248366015,0.16831683168316833,0.25,0.0,0.04477611940298507,0.001440922190201729
hier_clust,3,5,weighted,False,2008,7520,0.2670212765957447,0.0,0.0,0.8653198653198653,0.2839506172839506,0.0,0.0,0.0,0.0,0.05403458213256484
hier_clust,3,6,weighted,False,2008,7520,0.2670212765957447,0.0,0.0,0.8653198653198653,0.2839506172839506,0.0,0.0,0.0,0.0,0.05403458213256484
hier_clust,5,25,centroid,False,2008,7520,0.2670212765957447,0.0,0.0,0.9624017957351291,0.16412490922294845,0.10891089108910891,0.0,0.0,0.3358208955223881,0.0
hier_clust,10,25,median,True,2007,7520,0.2668882978723404,0.0,0.0,0.9427609427609428,0.2214960058097313,0.06930693069306931,0.25,0.0,0.029850746268656716,0.0007204610951008645
hier_clust,False,14,weighted,False,2007,7520,0.2668882978723404,0.0,0.0,0.9012345679012346,0.2679738562091503,0.15841584158415842,0.0,0.0,0.0,0.0
hier_clust,False,13,weighted,False,2006,7520,0.2667553191489362,0.0,0.0,0.9012345679012346,0.2679738562091503,0.15346534653465346,0.0,0.0,0.0,0.0
hier_clust,False,12,weighted,False,2006,7520,0.2667553191489362,0.0,0.0,0.9012345679012346,0.2679738562091503,0.15346534653465346,0.0,0.0,0.0,0.0
hier_clust,False,11,weighted,False,2006,7520,0.2667553191489362,0.0,0.0,0.9012345679012346,0.2679738562091503,0.15346534653465346,0.0,0.0,0.0,0.0
hier_clust,5,61,median,True,2005,7520,0.2666223404255319,0.0,0.0008764241893076249,0.9382716049382716,0.19753086419753085,0.2722772277227723,0.08333333333333333,0.0,0.022388059701492536,0.0007204610951008645
hier_clust,20,57,weighted,True,2004,7520,0.26648936170212767,0.0,0.0008764241893076249,0.8630751964085297,0.3159041394335512,0.10396039603960396,0.25,0.0,0.029850746268656716,0.001440922190201729
hier_clust,5,23,centroid,False,2004,7520,0.26648936170212767,0.0,0.0,0.9624017957351291,0.15976761074800291,0.1188118811881188,0.0,0.0,0.3358208955223881,0.0
hier_clust,2,3,centroid,False,2004,7520,0.26648936170212767,0.0,0.0,0.9635241301907969,0.011619462599854757,0.0,0.0,0.0,0.0,0.1952449567723343
hier_clust,False,10,weighted,False,2004,7520,0.26648936170212767,0.0,0.0,0.9012345679012346,0.2679738562091503,0.14356435643564355,0.0,0.0,0.0,0.0
hier_clust,False,9,weighted,False,2004,7520,0.26648936170212767,0.0,0.0,0.9012345679012346,0.2679738562091503,0.14356435643564355,0.0,0.0,0.0,0.0
hier_clust,5,21,centroid,False,2003,7520,0.2663563829787234,0.0,0.0,0.9624017957351291,0.15976761074800291,0.11386138613861387,0.0,0.0,0.3358208955223881,0.0
hier_clust,5,17,centroid,False,2003,7520,0.2663563829787234,0.0,0.0,0.9584736251402918,0.16485112563543936,0.11386138613861387,0.0,0.0,0.3358208955223881,0.0
hier_clust,5,18,centroid,False,2003,7520,0.2663563829787234,0.0,0.0,0.9624017957351291,0.15976761074800291,0.11386138613861387,0.0,0.0,0.3358208955223881,0.0
hier_clust,5,20,centroid,False,2003,7520,0.2663563829787234,0.0,0.0,0.9624017957351291,0.15976761074800291,0.11386138613861387,0.0,0.0,0.3358208955223881,0.0
hier_clust,20,52,weighted,True,2002,7520,0.26622340425531915,0.0,0.0008764241893076249,0.8630751964085297,0.3159041394335512,0.09405940594059406,0.25,0.0,0.029850746268656716,0.001440922190201729
hier_clust,10,41,median,False,2002,7520,0.26622340425531915,0.0,0.0,0.9382716049382716,0.21713870733478577,0.13366336633663367,0.08333333333333333,0.058823529411764705,0.007462686567164179,0.0
hier_clust,10,38,median,False,2002,7520,0.26622340425531915,0.0,0.0,0.9382716049382716,0.21713870733478577,0.13366336633663367,0.08333333333333333,0.058823529411764705,0.007462686567164179,0.0
hier_clust,20,48,weighted,True,2000,7520,0.26595744680851063,0.0,0.0008764241893076249,0.8613916947250281,0.31735657225853303,0.09405940594059406,0.25,0.0,0.029850746268656716,0.0007204610951008645
hier_clust,False,8,weighted,False,1999,7520,0.2658244680851064,0.0,0.0,0.9012345679012346,0.2643427741466957,0.14356435643564355,0.0,0.0,0.0,0.0
hier_clust,20,45,weighted,True,1999,7520,0.2658244680851064,0.0,0.0008764241893076249,0.8613916947250281,0.3166303558460421,0.09405940594059406,0.25,0.0,0.029850746268656716,0.0007204610951008645
hier_clust,False,7,weighted,False,1999,7520,0.2658244680851064,0.0,0.0,0.9012345679012346,0.2643427741466957,0.14356435643564355,0.0,0.0,0.0,0.0
hier_clust,False,6,weighted,False,1999,7520,0.2658244680851064,0.0,0.0,0.9012345679012346,0.2643427741466957,0.14356435643564355,0.0,0.0,0.0,0.0
hier_clust,20,57,average,False,1996,7520,0.2654255319148936,0.0,0.0,0.9624017957351291,0.16993464052287582,0.21782178217821782,0.0,0.058823529411764705,0.0,0.0007204610951008645
hier_clust,10,35,median,False,1995,7520,0.26529255319148937,0.0,0.0,0.9382716049382716,0.214960058097313,0.11386138613861387,0.08333333333333333,0.058823529411764705,0.007462686567164179,0.0
hier_clust,10,27,median,False,1995,7520,0.26529255319148937,0.0,0.0,0.9382716049382716,0.214960058097313,0.11386138613861387,0.08333333333333333,0.058823529411764705,0.007462686567164179,0.0
hier_clust,10,30,median,False,1995,7520,0.26529255319148937,0.0,0.0,0.9382716049382716,0.214960058097313,0.11386138613861387,0.08333333333333333,0.058823529411764705,0.007462686567164179,0.0
hier_clust,10,32,median,False,1995,7520,0.26529255319148937,0.0,0.0,0.9382716049382716,0.214960058097313,0.11386138613861387,0.08333333333333333,0.058823529411764705,0.007462686567164179,0.0
hier_clust,4,6,complete,False,1994,7520,0.2651595744680851,0.0,0.0,0.9567901234567902,0.18736383442265794,0.09900990099009901,0.0,0.0,0.08208955223880597,0.0
hier_clust,4,5,complete,False,1992,7520,0.2648936170212766,0.0,0.0,0.9567901234567902,0.18373275236020334,0.11386138613861387,0.0,0.0,0.08208955223880597,0.0
hier_clust,20,100,median,False,1992,7520,0.2648936170212766,0.000689655172413793,0.0,0.9304152637485971,0.20116194625998549,0.2376237623762376,0.3333333333333333,0.058823529411764705,0.0,0.001440922190201729
hier_clust,10,100,average,True,1992,7520,0.2648936170212766,0.0,0.0008764241893076249,0.9826038159371493,0.10602759622367465,0.37623762376237624,0.3333333333333333,0.058823529411764705,0.05223880597014925,0.0036023054755043226
hier_clust,10,100,centroid,True,1990,7520,0.2646276595744681,0.0,0.0008764241893076249,0.9803591470258137,0.11837327523602033,0.297029702970297,0.3333333333333333,0.08823529411764706,0.05223880597014925,0.0036023054755043226
hier_clust,4,30,weighted,True,1989,7520,0.2644946808510638,0.0,0.0008764241893076249,0.813692480359147,0.3769063180827887,0.07920792079207921,0.08333333333333333,0.0,0.014925373134328358,0.0
hier_clust,5,15,centroid,False,1989,7520,0.2644946808510638,0.0,0.0,0.9584736251402918,0.14596949891067537,0.09900990099009901,0.0,0.0,0.44776119402985076,0.0
hier_clust,10,25,median,False,1989,7520,0.2644946808510638,0.0,0.0,0.9511784511784511,0.19389978213507625,0.11386138613861387,0.08333333333333333,0.058823529411764705,0.007462686567164179,0.0
hier_clust,5,14,centroid,False,1988,7520,0.2643617021276596,0.0,0.0,0.9584736251402918,0.14596949891067537,0.09405940594059406,0.0,0.0,0.44776119402985076,0.0
hier_clust,10,23,median,False,1988,7520,0.2643617021276596,0.0,0.0,0.9511784511784511,0.19172113289760348,0.12871287128712872,0.08333333333333333,0.058823529411764705,0.0,0.0
hier_clust,5,4,ward,True,1988,7520,0.2643617021276596,0.0,0.0,0.9517396184062851,0.2113289760348584,0.0049504950495049506,0.0,0.0,0.0,0.0
hier_clust,5,5,ward,True,1988,7520,0.2643617021276596,0.0,0.0,0.9517396184062851,0.2113289760348584,0.0049504950495049506,0.0,0.0,0.0,0.0
hier_clust,5,13,centroid,False,1987,7520,0.2642287234042553,0.0,0.0,0.9584736251402918,0.14596949891067537,0.0891089108910891,0.0,0.0,0.44776119402985076,0.0
hier_clust,5,3,ward,True,1987,7520,0.2642287234042553,0.0,0.0,0.9517396184062851,0.2113289760348584,0.0,0.0,0.0,0.0,0.0
hier_clust,5,2,ward,True,1987,7520,0.2642287234042553,0.0,0.0,0.9517396184062851,0.2113289760348584,0.0,0.0,0.0,0.0,0.0
hier_clust,5,12,centroid,False,1986,7520,0.26409574468085106,0.0,0.0,0.9579124579124579,0.14596949891067537,0.0891089108910891,0.0,0.0,0.44776119402985076,0.0
hier_clust,4,4,complete,False,1986,7520,0.26409574468085106,0.0,0.0,0.9595959595959596,0.18373275236020334,0.11386138613861387,0.0,0.0,0.0,0.0
hier_clust,10,92,average,True,1986,7520,0.26409574468085106,0.0,0.0008764241893076249,0.9809203142536476,0.1111111111111111,0.3415841584158416,0.3333333333333333,0.058823529411764705,0.04477611940298507,0.002161383285302594
hier_clust,20,100,centroid,False,1986,7520,0.26409574468085106,0.000689655172413793,0.0,0.9921436588103255,0.10530137981118373,0.27722772277227725,0.3333333333333333,0.058823529411764705,0.022388059701492536,0.005043227665706052
hier_clust,4,27,weighted,True,1985,7520,0.26396276595744683,0.0,0.0,0.813692480359147,0.3660130718954248,0.13861386138613863,0.08333333333333333,0.0,0.014925373134328358,0.0
hier_clust,20,41,weighted,True,1985,7520,0.26396276595744683,0.0,0.0008764241893076249,0.8664421997755332,0.3006535947712418,0.0891089108910891,0.25,0.0,0.029850746268656716,0.0007204610951008645
hier_clust,4,25,weighted,True,1984,7520,0.26382978723404255,0.0,0.0,0.8131313131313131,0.36673928830791575,0.13366336633663367,0.08333333333333333,0.0,0.014925373134328358,0.0
hier_clust,4,5,ward,True,1983,7520,0.2636968085106383,0.0,0.0,0.9601571268237935,0.19680464778503995,0.0049504950495049506,0.0,0.0,0.0,0.0
hier_clust,4,6,ward,True,1983,7520,0.2636968085106383,0.0,0.0,0.9601571268237935,0.19680464778503995,0.0049504950495049506,0.0,0.0,0.0,0.0
hier_clust,4,4,ward,True,1983,7520,0.2636968085106383,0.0,0.0,0.9601571268237935,0.19680464778503995,0.0049504950495049506,0.0,0.0,0.0,0.0
hier_clust,3,7,complete,False,1983,7520,0.2636968085106383,0.993103448275862,0.0,0.0,0.3420479302832244,0.0,0.0,0.0,0.0,0.05187319884726225
hier_clust,10,85,average,True,1983,7520,0.2636968085106383,0.0,0.0008764241893076249,0.9809203142536476,0.10167029774872913,0.3910891089108911,0.3333333333333333,0.058823529411764705,0.04477611940298507,0.002161383285302594
hier_clust,4,3,complete,False,1982,7520,0.263563829787234,0.0,0.0,0.9595959595959596,0.19753086419753085,0.0,0.0,0.0,0.0,0.0
hier_clust,4,2,ward,True,1982,7520,0.263563829787234,0.0,0.0,0.9601571268237935,0.19680464778503995,0.0,0.0,0.0,0.0,0.0
hier_clust,4,23,weighted,True,1982,7520,0.263563829787234,0.0,0.0,0.8153759820426487,0.3623819898329702,0.13366336633663367,0.08333333333333333,0.0,0.014925373134328358,0.0
hier_clust,20,38,weighted,True,1982,7520,0.263563829787234,0.0,0.0008764241893076249,0.8664421997755332,0.3006535947712418,0.07425742574257425,0.25,0.0,0.029850746268656716,0.0007204610951008645
hier_clust,4,2,complete,False,1982,7520,0.263563829787234,0.0,0.0,0.9595959595959596,0.19753086419753085,0.0,0.0,0.0,0.0,0.0
hier_clust,4,3,ward,True,1982,7520,0.263563829787234,0.0,0.0,0.9601571268237935,0.19680464778503995,0.0,0.0,0.0,0.0,0.0
hier_clust,4,21,weighted,True,1981,7520,0.2634308510638298,0.0,0.0,0.8148148148148148,0.3616557734204793,0.1188118811881188,0.08333333333333333,0.0,0.04477611940298507,0.0
hier_clust,4,20,weighted,True,1981,7520,0.2634308510638298,0.0,0.0,0.8148148148148148,0.3616557734204793,0.1188118811881188,0.08333333333333333,0.0,0.04477611940298507,0.0
hier_clust,10,78,average,True,1981,7520,0.2634308510638298,0.0,0.0008764241893076249,0.9797979797979798,0.09949164851125636,0.40594059405940597,0.3333333333333333,0.058823529411764705,0.04477611940298507,0.002161383285302594
hier_clust,4,18,weighted,True,1980,7520,0.2632978723404255,0.0,0.0,0.8142536475869809,0.3616557734204793,0.1188118811881188,0.08333333333333333,0.0,0.04477611940298507,0.0
hier_clust,4,17,weighted,True,1980,7520,0.2632978723404255,0.0,0.0,0.8142536475869809,0.3609295570079884,0.12376237623762376,0.08333333333333333,0.0,0.04477611940298507,0.0
hier_clust,20,35,weighted,True,1980,7520,0.2632978723404255,0.0,0.0,0.8658810325476992,0.3006535947712418,0.07425742574257425,0.25,0.0,0.029850746268656716,0.0007204610951008645
hier_clust,10,92,centroid,True,1979,7520,0.2631648936170213,0.0,0.0008764241893076249,0.9859708193041526,0.10457516339869281,0.297029702970297,0.3333333333333333,0.058823529411764705,0.05223880597014925,0.002881844380403458
hier_clust,20,5,complete,False,1978,7520,0.26303191489361705,0.0,0.0,0.9298540965207632,0.22367465504720407,0.06435643564356436,0.0,0.0,0.0,0.0
hier_clust,10,85,centroid,True,1976,7520,0.26276595744680853,0.0,0.0008764241893076249,0.9859708193041526,0.10457516339869281,0.29207920792079206,0.3333333333333333,0.0,0.05223880597014925,0.002881844380403458
hier_clust,5,85,average,True,1974,7520,0.2625,0.0,0.0008764241893076249,0.9842873176206509,0.09005083514887437,0.4158415841584158,0.16666666666666666,0.0,0.05223880597014925,0.001440922190201729
hier_clust,5,4,median,False,1974,7520,0.2625,0.0,0.0,0.8956228956228957,0.2737835875090777,0.0049504950495049506,0.0,0.0,0.0,0.0
hier_clust,10,78,centroid,True,1974,7520,0.2625,0.0,0.0008764241893076249,0.9859708193041526,0.10457516339869281,0.2871287128712871,0.3333333333333333,0.0,0.05223880597014925,0.002161383285302594
hier_clust,5,3,median,False,1974,7520,0.2625,0.0,0.0,0.8956228956228957,0.2737835875090777,0.0049504950495049506,0.0,0.0,0.0,0.0
hier_clust,20,4,complete,False,1974,7520,0.2625,0.0,0.0,0.9298540965207632,0.23021060275962238,0.0,0.0,0.0,0.0,0.0
hier_clust,20,92,centroid,False,1972,7520,0.2622340425531915,0.000689655172413793,0.0,0.9938271604938271,0.09876543209876543,0.24752475247524752,0.3333333333333333,0.058823529411764705,0.022388059701492536,0.0036023054755043226
hier_clust,False,5,weighted,False,1972,7520,0.2622340425531915,0.0,0.0,0.9017957351290684,0.2643427741466957,0.0049504950495049506,0.0,0.0,0.0,0.0
hier_clust,4,9,average,False,1971,7520,0.2621010638297872,0.0,0.0,0.9595959595959596,0.15831517792302105,0.09900990099009901,0.0,0.0,0.17164179104477612,0.0
hier_clust,False,4,weighted,False,1971,7520,0.2621010638297872,0.0,0.0,0.9017957351290684,0.2636165577342048,0.0049504950495049506,0.0,0.0,0.0,0.0
hier_clust,3,57,centroid,True,1970,7520,0.261968085106383,0.0,0.0008764241893076249,0.9809203142536476,0.11837327523602033,0.2524752475247525,0.16666666666666666,0.0,0.029850746268656716,0.0007204610951008645
hier_clust,10,30,average,False,1970,7520,0.261968085106383,0.0,0.0,0.9640852974186308,0.15541031227305738,0.17326732673267325,0.0,0.0,0.022388059701492536,0.0
hier_clust,20,85,centroid,False,1970,7520,0.261968085106383,0.0,0.0,0.9938271604938271,0.09949164851125636,0.24752475247524752,0.3333333333333333,0.058823529411764705,0.022388059701492536,0.002161383285302594
hier_clust,3,3,weighted,False,1969,7520,0.26183510638297874,0.0,0.0,0.8653198653198653,0.3100944081336238,0.0,0.0,0.0,0.0,0.0
hier_clust,3,2,median,False,1969,7520,0.26183510638297874,0.0,0.0,0.9696969696969697,0.17501815541031226,0.0,0.0,0.0,0.0,0.0
hier_clust,4,8,average,False,1969,7520,0.26183510638297874,0.0,0.0,0.9595959595959596,0.15976761074800291,0.07920792079207921,0.0,0.0,0.17164179104477612,0.0
hier_clust,5,78,average,True,1967,7520,0.2615691489361702,0.0,0.0008764241893076249,0.9842873176206509,0.08061002178649238,0.44554455445544555,0.16666666666666666,0.0,0.05223880597014925,0.001440922190201729
hier_clust,20,61,complete,True,1966,7520,0.26143617021276594,0.0,0.0008764241893076249,0.9696969696969697,0.12563543936092955,0.27722772277227725,0.25,0.0,0.029850746268656716,0.0007204610951008645
hier_clust,3,52,centroid,True,1966,7520,0.26143617021276594,0.0,0.0008764241893076249,0.9775533108866442,0.11982570806100218,0.2524752475247525,0.16666666666666666,0.0,0.029850746268656716,0.0007204610951008645
hier_clust,5,72,average,True,1965,7520,0.2613031914893617,0.0,0.0008764241893076249,0.9842873176206509,0.07770515613652869,0.4603960396039604,0.16666666666666666,0.0,0.05223880597014925,0.0007204610951008645
hier_clust,3,45,centroid,True,1965,7520,0.2613031914893617,0.0,0.0008764241893076249,0.9775533108866442,0.11619462599854757,0.2722772277227723,0.16666666666666666,0.0,0.029850746268656716,0.0007204610951008645
hier_clust,3,48,centroid,True,1965,7520,0.2613031914893617,0.0,0.0008764241893076249,0.9775533108866442,0.11619462599854757,0.2722772277227723,0.16666666666666666,0.0,0.029850746268656716,0.0007204610951008645
hier_clust,4,7,average,False,1965,7520,0.2613031914893617,0.0,0.0,0.9595959595959596,0.14960058097313,0.12871287128712872,0.0,0.0,0.17164179104477612,0.0
hier_clust,3,6,complete,False,1964,7520,0.2611702127659574,0.9937931034482759,0.0,0.0,0.32752360203340597,0.0,0.0,0.0,0.0,0.05187319884726225
hier_clust,4,15,weighted,True,1963,7520,0.2610372340425532,0.0,0.0,0.8148148148148148,0.3609295570079884,0.034653465346534656,0.08333333333333333,0.0,0.04477611940298507,0.0
hier_clust,10,72,centroid,True,1963,7520,0.2610372340425532,0.0,0.0008764241893076249,0.9859708193041526,0.07625272331154684,0.4306930693069307,0.3333333333333333,0.0,0.04477611940298507,0.002161383285302594
hier_clust,20,52,average,False,1962,7520,0.26090425531914896,0.0,0.0,0.9769921436588104,0.13144517066085692,0.18316831683168316,0.0,0.058823529411764705,0.0,0.0007204610951008645
hier_clust,20,78,centroid,False,1962,7520,0.26090425531914896,0.0,0.0,0.9938271604938271,0.09658678286129267,0.24752475247524752,0.16666666666666666,0.058823529411764705,0.022388059701492536,0.0007204610951008645
hier_clust,4,14,weighted,True,1961,7520,0.26077127659574467,0.0,0.0,0.8148148148148148,0.35947712418300654,0.034653465346534656,0.08333333333333333,0.0,0.04477611940298507,0.0
hier_clust,20,57,complete,True,1960,7520,0.26063829787234044,0.0,0.0008764241893076249,0.9696969696969697,0.12563543936092955,0.24752475247524752,0.25,0.0,0.029850746268656716,0.0007204610951008645
hier_clust,10,67,centroid,True,1958,7520,0.2603723404255319,0.0,0.0008764241893076249,0.9859708193041526,0.0718954248366013,0.43564356435643564,0.3333333333333333,0.0,0.04477611940298507,0.002161383285302594
hier_clust,4,13,weighted,True,1958,7520,0.2603723404255319,0.0,0.0,0.8153759820426487,0.35947712418300654,0.034653465346534656,0.08333333333333333,0.0,0.014925373134328358,0.0
hier_clust,5,67,average,True,1958,7520,0.2603723404255319,0.0,0.0008764241893076249,0.9842873176206509,0.0813362381989833,0.40594059405940597,0.16666666666666666,0.0,0.04477611940298507,0.0007204610951008645
hier_clust,False,100,complete,True,1957,7520,0.26023936170212764,0.0,0.0008764241893076249,0.9792368125701459,0.11183732752360204,0.22277227722772278,0.3333333333333333,0.0,0.04477611940298507,0.001440922190201729
hier_clust,5,30,complete,True,1957,7520,0.26023936170212764,0.0,0.0,0.9809203142536476,0.10893246187363835,0.2722772277227723,0.08333333333333333,0.0,0.022388059701492536,0.0
hier_clust,4,12,weighted,True,1957,7520,0.26023936170212764,0.0,0.0,0.8153759820426487,0.3609295570079884,0.019801980198019802,0.08333333333333333,0.0,0.014925373134328358,0.0
hier_clust,4,11,weighted,True,1956,7520,0.2601063829787234,0.0,0.0,0.8153759820426487,0.3623819898329702,0.0049504950495049506,0.08333333333333333,0.0,0.014925373134328358,0.0
hier_clust,4,10,weighted,True,1955,7520,0.2599734042553192,0.0,0.0,0.8153759820426487,0.3623819898329702,0.0049504950495049506,0.0,0.0,0.014925373134328358,0.0
hier_clust,5,35,weighted,True,1954,7520,0.2598404255319149,0.0,0.0008764241893076249,0.9764309764309764,0.13580246913580246,0.10396039603960396,0.08333333333333333,0.0,0.022388059701492536,0.0007204610951008645
hier_clust,False,92,complete,True,1953,7520,0.25970744680851066,0.0,0.0008764241893076249,0.9792368125701459,0.1111111111111111,0.21782178217821782,0.3333333333333333,0.0,0.029850746268656716,0.001440922190201729
hier_clust,20,72,centroid,False,1953,7520,0.25970744680851066,0.0,0.0,0.9943883277216611,0.09876543209876543,0.18316831683168316,0.16666666666666666,0.058823529411764705,0.022388059701492536,0.0007204610951008645
hier_clust,5,32,weighted,True,1953,7520,0.25970744680851066,0.0,0.0008764241893076249,0.9764309764309764,0.13507625272331156,0.10891089108910891,0.08333333333333333,0.0,0.022388059701492536,0.0
hier_clust,20,67,centroid,False,1953,7520,0.25970744680851066,0.0,0.0,0.9943883277216611,0.09876543209876543,0.18316831683168316,0.16666666666666666,0.058823529411764705,0.022388059701492536,0.0007204610951008645
hier_clust,4,9,weighted,True,1953,7520,0.25970744680851066,0.0,0.0,0.8153759820426487,0.3623819898329702,0.0049504950495049506,0.0,0.0,0.0,0.0
hier_clust,5,61,average,True,1953,7520,0.25970744680851066,0.0,0.0008764241893076249,0.9842873176206509,0.09368191721132897,0.297029702970297,0.16666666666666666,0.0,0.04477611940298507,0.0007204610951008645
hier_clust,5,30,weighted,True,1953,7520,0.25970744680851066,0.0,0.0,0.9764309764309764,0.13580246913580246,0.10891089108910891,0.08333333333333333,0.0,0.022388059701492536,0.0
hier_clust,4,6,median,False,1952,7520,0.25957446808510637,0.0,0.0,0.9635241301907969,0.13507625272331156,0.0,0.16666666666666666,0.0,0.0,0.03386167146974063
hier_clust,4,5,median,False,1952,7520,0.25957446808510637,0.0,0.0,0.9635241301907969,0.13507625272331156,0.0,0.16666666666666666,0.0,0.0,0.03386167146974063
hier_clust,4,4,median,False,1951,7520,0.25944148936170214,0.0,0.0,0.9635241301907969,0.13580246913580246,0.0,0.0,0.0,0.0,0.03386167146974063
hier_clust,4,3,median,False,1951,7520,0.25944148936170214,0.0,0.0,0.9635241301907969,0.13580246913580246,0.0,0.0,0.0,0.0,0.03386167146974063
hier_clust,20,100,average,True,1951,7520,0.25944148936170214,0.0,0.0008764241893076249,0.9949494949494949,0.05591866376180102,0.41089108910891087,0.3333333333333333,0.058823529411764705,0.05223880597014925,0.002881844380403458
hier_clust,20,61,centroid,False,1950,7520,0.25930851063829785,0.0,0.0,0.9943883277216611,0.09803921568627451,0.17326732673267325,0.16666666666666666,0.058823529411764705,0.022388059701492536,0.0007204610951008645
hier_clust,20,52,complete,True,1950,7520,0.25930851063829785,0.0,0.0008764241893076249,0.9696969696969697,0.11764705882352941,0.2524752475247525,0.25,0.0,0.029850746268656716,0.0007204610951008645
hier_clust,20,48,complete,True,1949,7520,0.2591755319148936,0.0,0.0008764241893076249,0.9696969696969697,0.11692084241103849,0.2524752475247525,0.25,0.0,0.029850746268656716,0.0007204610951008645
hier_clust,False,85,complete,True,1949,7520,0.2591755319148936,0.0,0.0008764241893076249,0.9797979797979798,0.11038489469862019,0.19801980198019803,0.3333333333333333,0.0,0.029850746268656716,0.001440922190201729
hier_clust,20,45,average,False,1949,7520,0.2591755319148936,0.0,0.0,0.9781144781144782,0.1205519244734931,0.18316831683168316,0.0,0.058823529411764705,0.0,0.0007204610951008645
hier_clust,20,48,average,False,1949,7520,0.2591755319148936,0.0,0.0,0.9781144781144782,0.1205519244734931,0.18316831683168316,0.0,0.058823529411764705,0.0,0.0007204610951008645
hier_clust,20,85,median,False,1949,7520,0.2591755319148936,0.0,0.0,0.9472502805836139,0.1532316630355846,0.21287128712871287,0.3333333333333333,0.058823529411764705,0.0,0.0007204610951008645
hier_clust,20,92,median,False,1949,7520,0.2591755319148936,0.000689655172413793,0.0,0.9472502805836139,0.15250544662309368,0.21287128712871287,0.3333333333333333,0.058823529411764705,0.0,0.0007204610951008645
hier_clust,20,41,average,False,1947,7520,0.2589095744680851,0.0,0.0,0.9803591470258137,0.11619462599854757,0.18316831683168316,0.0,0.058823529411764705,0.0,0.0007204610951008645
hier_clust,5,27,weighted,True,1947,7520,0.2589095744680851,0.0,0.0,0.9764309764309764,0.13507625272331156,0.08415841584158416,0.08333333333333333,0.0,0.022388059701492536,0.0
hier_clust,20,38,average,False,1947,7520,0.2589095744680851,0.0,0.0,0.9803591470258137,0.11619462599854757,0.18316831683168316,0.0,0.058823529411764705,0.0,0.0007204610951008645
hier_clust,20,57,centroid,False,1947,7520,0.2589095744680851,0.0,0.0,0.9943883277216611,0.09731299927378359,0.16831683168316833,0.16666666666666666,0.058823529411764705,0.022388059701492536,0.0
hier_clust,5,57,average,True,1946,7520,0.25877659574468087,0.0,0.0008764241893076249,0.989337822671156,0.08278867102396514,0.29207920792079206,0.16666666666666666,0.0,0.04477611940298507,0.0007204610951008645
hier_clust,False,78,complete,True,1946,7520,0.25877659574468087,0.0,0.0008764241893076249,0.9775533108866442,0.11183732752360204,0.19306930693069307,0.3333333333333333,0.0,0.029850746268656716,0.001440922190201729
hier_clust,20,78,median,False,1945,7520,0.2586436170212766,0.0,0.0,0.9472502805836139,0.1532316630355846,0.21287128712871287,0.16666666666666666,0.0,0.0,0.0007204610951008645
hier_clust,20,72,median,False,1945,7520,0.2586436170212766,0.0,0.0,0.9472502805836139,0.1532316630355846,0.21287128712871287,0.16666666666666666,0.0,0.0,0.0007204610951008645
hier_clust,2,27,average,True,1944,7520,0.25851063829787235,0.0,0.0,0.9887766554433222,0.0944081336238199,0.2376237623762376,0.08333333333333333,0.0,0.022388059701492536,0.0
hier_clust,5,52,average,True,1943,7520,0.25837765957446807,0.0,0.0008764241893076249,0.989337822671156,0.07988380537400146,0.30198019801980197,0.08333333333333333,0.0,0.04477611940298507,0.0007204610951008645
hier_clust,2,25,average,True,1943,7520,0.25837765957446807,0.0,0.0,0.9887766554433222,0.09368191721132897,0.2376237623762376,0.08333333333333333,0.0,0.022388059701492536,0.0
hier_clust,2,23,average,True,1943,7520,0.25837765957446807,0.0,0.0,0.9887766554433222,0.09368191721132897,0.2376237623762376,0.08333333333333333,0.0,0.022388059701492536,0.0
hier_clust,2,21,average,True,1943,7520,0.25837765957446807,0.0,0.0,0.9887766554433222,0.09295570079883805,0.24257425742574257,0.08333333333333333,0.0,0.022388059701492536,0.0
hier_clust,20,67,median,False,1943,7520,0.25837765957446807,0.0,0.0,0.9472502805836139,0.1532316630355846,0.20297029702970298,0.16666666666666666,0.0,0.0,0.0007204610951008645
hier_clust,2,20,average,True,1942,7520,0.25824468085106383,0.0,0.0,0.9887766554433222,0.09077705156136529,0.2524752475247525,0.08333333333333333,0.0,0.022388059701492536,0.0
hier_clust,5,48,average,True,1942,7520,0.25824468085106383,0.0,0.0008764241893076249,0.989337822671156,0.07988380537400146,0.297029702970297,0.08333333333333333,0.0,0.04477611940298507,0.0007204610951008645
hier_clust,10,48,weighted,True,1942,7520,0.25824468085106383,0.0,0.0008764241893076249,0.9809203142536476,0.09586056644880174,0.24752475247524752,0.16666666666666666,0.0,0.05223880597014925,0.001440922190201729
hier_clust,2,17,average,True,1941,7520,0.25811170212765955,0.0,0.0,0.9887766554433222,0.09077705156136529,0.24752475247524752,0.08333333333333333,0.0,0.022388059701492536,0.0
hier_clust,20,45,complete,True,1941,7520,0.25811170212765955,0.0,0.0008764241893076249,0.9685746352413019,0.11982570806100218,0.20297029702970298,0.25,0.0,0.029850746268656716,0.0007204610951008645
hier_clust,2,18,average,True,1941,7520,0.25811170212765955,0.0,0.0,0.9887766554433222,0.09077705156136529,0.24752475247524752,0.08333333333333333,0.0,0.022388059701492536,0.0
hier_clust,5,45,average,True,1940,7520,0.2579787234042553,0.0,0.0008764241893076249,0.9887766554433222,0.07988380537400146,0.29207920792079206,0.08333333333333333,0.0,0.04477611940298507,0.0007204610951008645
hier_clust,20,61,median,False,1940,7520,0.2579787234042553,0.0,0.0,0.9472502805836139,0.1532316630355846,0.18811881188118812,0.16666666666666666,0.0,0.0,0.0007204610951008645
hier_clust,5,41,average,True,1939,7520,0.2578457446808511,0.0,0.0008764241893076249,0.9887766554433222,0.0784313725490196,0.297029702970297,0.08333333333333333,0.0,0.04477611940298507,0.0007204610951008645
hier_clust,20,100,median,True,1939,7520,0.2578457446808511,0.0,0.0008764241893076249,0.9753086419753086,0.09658678286129267,0.25742574257425743,0.3333333333333333,0.0,0.05223880597014925,0.002881844380403458
hier_clust,3,41,centroid,True,1939,7520,0.2578457446808511,0.0,0.0008764241893076249,0.9876543209876543,0.08569353667392883,0.2623762376237624,0.16666666666666666,0.0,0.029850746268656716,0.0007204610951008645
hier_clust,10,57,centroid,False,1938,7520,0.2577127659574468,0.0,0.0,0.9511784511784511,0.09295570079883805,0.2079207920792079,0.16666666666666666,0.058823529411764705,0.5074626865671642,0.0007204610951008645
hier_clust,4,35,complete,True,1937,7520,0.25757978723404257,0.0,0.0008764241893076249,0.9702581369248036,0.11183732752360204,0.24752475247524752,0.08333333333333333,0.0,0.014925373134328358,0.0
hier_clust,4,57,average,True,1937,7520,0.25757978723404257,0.0,0.0008764241893076249,0.978675645342312,0.08278867102396514,0.3415841584158416,0.08333333333333333,0.0,0.05223880597014925,0.0007204610951008645
hier_clust,3,38,centroid,True,1937,7520,0.25757978723404257,0.0,0.0008764241893076249,0.9876543209876543,0.08496732026143791,0.2623762376237624,0.16666666666666666,0.0,0.029850746268656716,0.0
hier_clust,20,41,complete,True,1936,7520,0.2574468085106383,0.0,0.0008764241893076249,0.968013468013468,0.11546840958605664,0.21287128712871287,0.25,0.0,0.029850746268656716,0.0007204610951008645
hier_clust,4,52,average,True,1935,7520,0.25731382978723405,0.0,0.0008764241893076249,0.978675645342312,0.08496732026143791,0.3217821782178218,0.08333333333333333,0.0,0.04477611940298507,0.0007204610951008645
hier_clust,20,57,median,False,1935,7520,0.25731382978723405,0.0,0.0,0.9472502805836139,0.1532316630355846,0.16831683168316833,0.16666666666666666,0.0,0.0,0.0
hier_clust,10,52,centroid,False,1935,7520,0.25731382978723405,0.0,0.0,0.9511784511784511,0.09731299927378359,0.16831683168316833,0.08333333333333333,0.058823529411764705,0.5074626865671642,0.0007204610951008645
hier_clust,3,35,centroid,True,1935,7520,0.25731382978723405,0.0,0.0008764241893076249,0.9876543209876543,0.08496732026143791,0.2524752475247525,0.16666666666666666,0.0,0.029850746268656716,0.0
hier_clust,3,32,centroid,True,1934,7520,0.25718085106382976,0.0,0.0,0.9882154882154882,0.08496732026143791,0.2524752475247525,0.08333333333333333,0.0,0.029850746268656716,0.0
hier_clust,3,30,centroid,True,1934,7520,0.25718085106382976,0.0,0.0,0.9882154882154882,0.08496732026143791,0.2524752475247525,0.08333333333333333,0.0,0.029850746268656716,0.0
hier_clust,20,35,average,False,1933,7520,0.25704787234042553,0.0,0.0,0.9910213243546577,0.09513435003631082,0.16336633663366337,0.0,0.058823529411764705,0.0,0.0007204610951008645
hier_clust,10,45,weighted,True,1933,7520,0.25704787234042553,0.0,0.0008764241893076249,0.9809203142536476,0.09658678286129267,0.19801980198019803,0.16666666666666666,0.0,0.05223880597014925,0.001440922190201729
hier_clust,10,48,centroid,False,1933,7520,0.25704787234042553,0.0,0.0,0.9506172839506173,0.09731299927378359,0.16831683168316833,0.08333333333333333,0.058823529411764705,0.5074626865671642,0.0
hier_clust,4,27,complete,True,1932,7520,0.2569148936170213,0.0,0.0,0.9696969696969697,0.11474219317356572,0.21287128712871287,0.08333333333333333,0.0,0.014925373134328358,0.0
hier_clust,4,30,complete,True,1932,7520,0.2569148936170213,0.0,0.0008764241893076249,0.9696969696969697,0.1140159767610748,0.21287128712871287,0.08333333333333333,0.0,0.014925373134328358,0.0
hier_clust,4,32,complete,True,1932,7520,0.2569148936170213,0.0,0.0008764241893076249,0.9696969696969697,0.1140159767610748,0.21287128712871287,0.08333333333333333,0.0,0.014925373134328358,0.0
hier_clust,3,7,centroid,False,1931,7520,0.256781914893617,0.0,0.0,0.9652076318742986,0.14887436456063907,0.0297029702970297,0.0,0.0,0.0,0.0
hier_clust,3,6,centroid,False,1931,7520,0.256781914893617,0.0,0.0,0.9652076318742986,0.14887436456063907,0.0297029702970297,0.0,0.0,0.0,0.0
hier_clust,10,45,centroid,False,1931,7520,0.256781914893617,0.0,0.0,0.9506172839506173,0.0944081336238199,0.1782178217821782,0.08333333333333333,0.058823529411764705,0.5074626865671642,0.0
hier_clust,4,25,complete,True,1931,7520,0.256781914893617,0.0,0.0,0.9691358024691358,0.1009440813362382,0.3069306930693069,0.08333333333333333,0.0,0.014925373134328358,0.0
hier_clust,20,92,median,True,1931,7520,0.256781914893617,0.0,0.0008764241893076249,0.9769921436588104,0.09513435003631082,0.22277227722772278,0.3333333333333333,0.0,0.03731343283582089,0.002881844380403458
hier_clust,10,30,complete,True,1930,7520,0.2566489361702128,0.0,0.0,0.9646464646464646,0.10530137981118373,0.27722772277227725,0.25,0.0,0.05223880597014925,0.0
hier_clust,5,23,weighted,True,1930,7520,0.2566489361702128,0.0,0.0,0.9769921436588104,0.12200435729847495,0.08415841584158416,0.08333333333333333,0.0,0.022388059701492536,0.0
hier_clust,5,25,weighted,True,1930,7520,0.2566489361702128,0.0,0.0,0.9769921436588104,0.12200435729847495,0.08415841584158416,0.08333333333333333,0.0,0.022388059701492536,0.0
hier_clust,2,14,average,True,1929,7520,0.2565159574468085,0.0,0.0,0.9887766554433222,0.10239651416122005,0.11386138613861387,0.0,0.0,0.022388059701492536,0.0
hier_clust,2,15,average,True,1929,7520,0.2565159574468085,0.0,0.0,0.9887766554433222,0.10239651416122005,0.11386138613861387,0.0,0.0,0.022388059701492536,0.0
hier_clust,5,12,average,False,1929,7520,0.2565159574468085,0.0,0.0,0.9584736251402918,0.12926652142338416,0.054455445544554455,0.0,0.0,0.23880597014925373,0.0
hier_clust,5,13,average,False,1929,7520,0.2565159574468085,0.0,0.0,0.9584736251402918,0.12926652142338416,0.054455445544554455,0.0,0.0,0.23880597014925373,0.0
hier_clust,3,27,centroid,True,1929,7520,0.2565159574468085,0.0,0.0,0.9882154882154882,0.08206245461147423,0.2524752475247525,0.08333333333333333,0.0,0.022388059701492536,0.0
hier_clust,3,25,centroid,True,1929,7520,0.2565159574468085,0.0,0.0,0.9876543209876543,0.08278867102396514,0.2524752475247525,0.08333333333333333,0.0,0.022388059701492536,0.0
hier_clust,3,5,centroid,False,1929,7520,0.2565159574468085,0.0,0.0,0.9652076318742986,0.14887436456063907,0.019801980198019802,0.0,0.0,0.0,0.0
hier_clust,10,41,weighted,True,1929,7520,0.2565159574468085,0.0,0.0008764241893076249,0.9809203142536476,0.08569353667392883,0.26732673267326734,0.16666666666666666,0.0,0.029850746268656716,0.001440922190201729
hier_clust,5,21,weighted,True,1928,7520,0.25638297872340426,0.0,0.0,0.9764309764309764,0.12200435729847495,0.08415841584158416,0.08333333333333333,0.0,0.014925373134328358,0.0
hier_clust,3,4,centroid,False,1928,7520,0.25638297872340426,0.0,0.0,0.9652076318742986,0.15105301379811184,0.0,0.0,0.0,0.0,0.0
hier_clust,2,11,average,True,1928,7520,0.25638297872340426,0.0,0.0,0.9842873176206509,0.10239651416122005,0.1485148514851485,0.0,0.0,0.022388059701492536,0.0
hier_clust,10,41,centroid,False,1928,7520,0.25638297872340426,0.0,0.0,0.9506172839506173,0.0944081336238199,0.16336633663366337,0.08333333333333333,0.058823529411764705,0.5074626865671642,0.0
hier_clust,2,12,average,True,1928,7520,0.25638297872340426,0.0,0.0,0.9842873176206509,0.10239651416122005,0.1485148514851485,0.0,0.0,0.022388059701492536,0.0
hier_clust,2,13,average,True,1928,7520,0.25638297872340426,0.0,0.0,0.9882154882154882,0.10239651416122005,0.11386138613861387,0.0,0.0,0.022388059701492536,0.0
hier_clust,5,10,average,False,1927,7520,0.25625,0.0,0.0,0.9584736251402918,0.1299927378358751,0.039603960396039604,0.0,0.0,0.23880597014925373,0.0
hier_clust,10,38,centroid,False,1927,7520,0.25625,0.0,0.0,0.9506172839506173,0.09368191721132897,0.16336633663366337,0.08333333333333333,0.058823529411764705,0.5074626865671642,0.0
hier_clust,5,11,average,False,1927,7520,0.25625,0.0,0.0,0.9584736251402918,0.1299927378358751,0.039603960396039604,0.0,0.0,0.23880597014925373,0.0
hier_clust,20,32,average,False,1926,7520,0.25611702127659575,0.0,0.0,0.9910213243546577,0.0915032679738562,0.16336633663366337,0.0,0.0,0.0,0.0007204610951008645
hier_clust,10,72,average,True,1925,7520,0.2559840425531915,0.0,0.0008764241893076249,0.9910213243546577,0.04647785039941903,0.400990099009901,0.3333333333333333,0.0,0.04477611940298507,0.002161383285302594
hier_clust,20,30,average,False,1925,7520,0.2559840425531915,0.0,0.0,0.9910213243546577,0.0915032679738562,0.16336633663366337,0.0,0.0,0.0,0.0
hier_clust,20,100,centroid,True,1925,7520,0.2559840425531915,0.0,0.0008764241893076249,0.9943883277216611,0.050835148874364564,0.32673267326732675,0.3333333333333333,0.0,0.05970149253731343,0.002881844380403458
hier_clust,10,67,average,True,1923,7520,0.255718085106383,0.0,0.0008764241893076249,0.9910213243546577,0.04720406681190995,0.38613861386138615,0.3333333333333333,0.0,0.04477611940298507,0.002161383285302594
hier_clust,20,92,average,True,1922,7520,0.2555851063829787,0.0,0.0008764241893076249,0.9955106621773289,0.03776325344952796,0.400990099009901,0.3333333333333333,0.0,0.04477611940298507,0.002881844380403458
hier_clust,5,4,weighted,False,1922,7520,0.2555851063829787,0.0,0.0,0.9225589225589226,0.19607843137254902,0.039603960396039604,0.0,0.0,0.0,0.0
hier_clust,5,3,weighted,False,1922,7520,0.2555851063829787,0.0,0.0,0.9225589225589226,0.19607843137254902,0.039603960396039604,0.0,0.0,0.0,0.0
hier_clust,10,35,centroid,False,1922,7520,0.2555851063829787,0.0,0.0,0.9506172839506173,0.0944081336238199,0.14356435643564355,0.08333333333333333,0.0,0.5074626865671642,0.0
hier_clust,20,85,median,True,1920,7520,0.2553191489361702,0.0,0.0008764241893076249,0.9769921436588104,0.09658678286129267,0.15841584158415842,0.3333333333333333,0.0,0.03731343283582089,0.002881844380403458
hier_clust,20,6,weighted,False,1920,7520,0.2553191489361702,0.0,0.0,0.8490460157126823,0.29411764705882354,0.009900990099009901,0.0,0.0,0.0,0.0
hier_clust,20,7,weighted,False,1920,7520,0.2553191489361702,0.0,0.0,0.8490460157126823,0.29411764705882354,0.009900990099009901,0.0,0.0,0.0,0.0
hier_clust,20,85,average,True,1918,7520,0.2550531914893617,0.0,0.0008764241893076249,0.9955106621773289,0.03848946986201888,0.3811881188118812,0.3333333333333333,0.0,0.04477611940298507,0.002161383285302594
hier_clust,10,32,centroid,False,1918,7520,0.2550531914893617,0.0,0.0,0.9500561167227833,0.09222948438634714,0.14356435643564355,0.08333333333333333,0.0,0.5074626865671642,0.0
hier_clust,4,67,median,True,1918,7520,0.2550531914893617,0.0,0.0008764241893076249,0.978675645342312,0.08061002178649238,0.2722772277227723,0.16666666666666666,0.0,0.029850746268656716,0.0007204610951008645
hier_clust,3,23,centroid,True,1917,7520,0.25492021276595744,0.0,0.0,0.9876543209876543,0.09295570079883805,0.12376237623762376,0.08333333333333333,0.0,0.022388059701492536,0.0
hier_clust,2,25,median,True,1917,7520,0.25492021276595744,0.0,0.0008764241893076249,0.9876543209876543,0.08278867102396514,0.18811881188118812,0.08333333333333333,0.0,0.022388059701492536,0.0
hier_clust,2,23,median,True,1916,7520,0.2547872340425532,0.0,0.0008764241893076249,0.9876543209876543,0.08278867102396514,0.18811881188118812,0.0,0.0,0.022388059701492536,0.0
hier_clust,2,21,median,True,1915,7520,0.2546542553191489,0.0,0.0008764241893076249,0.9876543209876543,0.08569353667392883,0.16336633663366337,0.0,0.0,0.022388059701492536,0.0
hier_clust,2,17,median,True,1914,7520,0.2545212765957447,0.0,0.0,0.9876543209876543,0.08641975308641975,0.15841584158415842,0.0,0.0,0.022388059701492536,0.0
hier_clust,2,18,median,True,1914,7520,0.2545212765957447,0.0,0.0,0.9876543209876543,0.08641975308641975,0.15841584158415842,0.0,0.0,0.022388059701492536,0.0
hier_clust,2,20,median,True,1914,7520,0.2545212765957447,0.0,0.0008764241893076249,0.9876543209876543,0.08569353667392883,0.15841584158415842,0.0,0.0,0.022388059701492536,0.0
hier_clust,4,61,median,True,1914,7520,0.2545212765957447,0.0,0.0008764241893076249,0.978675645342312,0.07988380537400146,0.2623762376237624,0.08333333333333333,0.0,0.029850746268656716,0.0007204610951008645
hier_clust,20,92,centroid,True,1912,7520,0.2542553191489362,0.0,0.0008764241893076249,0.9943883277216611,0.042846768336964415,0.31683168316831684,0.3333333333333333,0.0,0.05970149253731343,0.002881844380403458
hier_clust,False,100,median,False,1912,7520,0.2542553191489362,0.0,0.0,1.0,0.03994190268700073,0.29207920792079206,0.8333333333333334,0.058823529411764705,0.0,0.002881844380403458
hier_clust,10,61,average,True,1909,7520,0.2538563829787234,0.0,0.0008764241893076249,0.9932659932659933,0.03776325344952796,0.37623762376237624,0.25,0.0,0.029850746268656716,0.002161383285302594
hier_clust,10,61,centroid,True,1909,7520,0.2538563829787234,0.0,0.0008764241893076249,0.9859708193041526,0.03848946986201888,0.4306930693069307,0.3333333333333333,0.0,0.029850746268656716,0.002161383285302594
hier_clust,3,38,weighted,True,1908,7520,0.25372340425531914,0.0,0.0,0.9809203142536476,0.06390704429920116,0.3316831683168317,0.08333333333333333,0.0,0.029850746268656716,0.0
hier_clust,3,35,weighted,True,1908,7520,0.25372340425531914,0.0,0.0,0.9809203142536476,0.06390704429920116,0.3316831683168317,0.08333333333333333,0.0,0.029850746268656716,0.0
hier_clust,3,32,weighted,True,1908,7520,0.25372340425531914,0.0,0.0,0.9809203142536476,0.06390704429920116,0.3316831683168317,0.08333333333333333,0.0,0.029850746268656716,0.0
hier_clust,3,30,weighted,True,1907,7520,0.2535904255319149,0.0,0.0,0.9809203142536476,0.06390704429920116,0.3316831683168317,0.08333333333333333,0.0,0.022388059701492536,0.0
hier_clust,10,57,average,True,1907,7520,0.2535904255319149,0.0,0.0008764241893076249,0.9932659932659933,0.03776325344952796,0.3712871287128713,0.16666666666666666,0.0,0.029850746268656716,0.002161383285302594
hier_clust,False,92,median,False,1907,7520,0.2535904255319149,0.0,0.0,1.0,0.03776325344952796,0.2871287128712871,0.8333333333333334,0.058823529411764705,0.0,0.002161383285302594
hier_clust,5,57,median,True,1905,7520,0.2533244680851064,0.0,0.0008764241893076249,0.9725028058361391,0.08278867102396514,0.25742574257425743,0.08333333333333333,0.0,0.022388059701492536,0.0007204610951008645
hier_clust,5,52,median,True,1902,7520,0.25292553191489364,0.0,0.0008764241893076249,0.9736251402918069,0.08206245461147423,0.2376237623762376,0.08333333333333333,0.0,0.022388059701492536,0.0007204610951008645
hier_clust,2,100,single,False,1901,7520,0.25279255319148936,0.0,0.0,0.9915824915824916,0.06100217864923747,0.0891089108910891,0.16666666666666666,0.058823529411764705,0.20149253731343283,0.0007204610951008645
hier_clust,20,38,complete,True,1901,7520,0.25279255319148936,0.0,0.0008764241893076249,0.9736251402918069,0.08351488743645606,0.21287128712871287,0.25,0.0,0.022388059701492536,0.0007204610951008645
hier_clust,20,27,average,False,1900,7520,0.2526595744680851,0.0,0.0,0.9910213243546577,0.07334785766158315,0.16336633663366337,0.0,0.0,0.0,0.0
hier_clust,4,57,median,True,1900,7520,0.2526595744680851,0.0,0.0008764241893076249,0.9938271604938271,0.05010893246187364,0.2623762376237624,0.08333333333333333,0.0,0.029850746268656716,0.0007204610951008645
hier_clust,False,4,complete,False,1900,7520,0.2526595744680851,0.0,0.0,0.9511784511784511,0.11692084241103849,0.21782178217821782,0.0,0.0,0.0,0.0
hier_clust,5,48,median,True,1900,7520,0.2526595744680851,0.0,0.0008764241893076249,0.9736251402918069,0.08206245461147423,0.22772277227722773,0.08333333333333333,0.0,0.022388059701492536,0.0007204610951008645
hier_clust,20,25,average,False,1899,7520,0.25252659574468084,0.0,0.0,0.9904601571268238,0.07334785766158315,0.16336633663366337,0.0,0.0,0.0,0.0
hier_clust,20,78,average,True,1899,7520,0.25252659574468084,0.0,0.0008764241893076249,0.9971941638608305,0.02251270878721859,0.3811881188118812,0.3333333333333333,0.0,0.04477611940298507,0.002161383285302594
hier_clust,5,45,median,True,1899,7520,0.25252659574468084,0.0,0.0008764241893076249,0.9730639730639731,0.0813362381989833,0.23267326732673269,0.08333333333333333,0.0,0.022388059701492536,0.0007204610951008645
hier_clust,4,52,median,True,1898,7520,0.2523936170212766,0.0,0.0008764241893076249,0.9938271604938271,0.04938271604938271,0.25742574257425743,0.08333333333333333,0.0,0.029850746268656716,0.0007204610951008645
hier_clust,False,100,average,False,1897,7520,0.2522606382978723,0.0,0.0,0.9971941638608305,0.04429920116194626,0.24257425742574257,0.5833333333333334,0.029411764705882353,0.0,0.001440922190201729
hier_clust,3,12,complete,True,1897,7520,0.2522606382978723,0.0,0.0,0.9803591470258137,0.07915758896151052,0.18316831683168316,0.08333333333333333,0.0,0.022388059701492536,0.0
hier_clust,20,35,complete,True,1897,7520,0.2522606382978723,0.0,0.0008764241893076249,0.9736251402918069,0.09876543209876543,0.09405940594059406,0.25,0.0,0.014925373134328358,0.0007204610951008645
hier_clust,5,11,centroid,False,1897,7520,0.2522606382978723,0.0,0.0,0.9674523007856342,0.06899055918663761,0.0891089108910891,0.0,0.0,0.44776119402985076,0.0
hier_clust,5,10,centroid,False,1897,7520,0.2522606382978723,0.0,0.0,0.9674523007856342,0.06899055918663761,0.0891089108910891,0.0,0.0,0.44776119402985076,0.0
hier_clust,3,15,complete,True,1897,7520,0.2522606382978723,0.0,0.0,0.9814814814814815,0.07770515613652869,0.18316831683168316,0.08333333333333333,0.0,0.022388059701492536,0.0
hier_clust,3,14,complete,True,1897,7520,0.2522606382978723,0.0,0.0,0.9803591470258137,0.07915758896151052,0.18316831683168316,0.08333333333333333,0.0,0.022388059701492536,0.0
hier_clust,3,13,complete,True,1897,7520,0.2522606382978723,0.0,0.0,0.9803591470258137,0.07915758896151052,0.18316831683168316,0.08333333333333333,0.0,0.022388059701492536,0.0
hier_clust,2,92,single,False,1897,7520,0.2522606382978723,0.0,0.0,0.9955106621773289,0.06172839506172839,0.06930693069306931,0.16666666666666666,0.058823529411764705,0.1417910447761194,0.0007204610951008645
hier_clust,10,25,average,False,1896,7520,0.2521276595744681,0.0,0.0,0.9921436588103255,0.06390704429920116,0.18316831683168316,0.0,0.0,0.022388059701492536,0.0
hier_clust,5,27,complete,True,1896,7520,0.2521276595744681,0.0,0.0,0.9882154882154882,0.05519244734931009,0.2722772277227723,0.08333333333333333,0.0,0.022388059701492536,0.0
hier_clust,4,48,median,True,1896,7520,0.2521276595744681,0.0,0.0008764241893076249,0.9938271604938271,0.048656499636891795,0.25742574257425743,0.08333333333333333,0.0,0.022388059701492536,0.0007204610951008645
hier_clust,10,27,average,False,1896,7520,0.2521276595744681,0.0,0.0,0.9921436588103255,0.06535947712418301,0.17326732673267325,0.0,0.0,0.022388059701492536,0.0
hier_clust,4,45,median,True,1895,7520,0.25199468085106386,0.0,0.0008764241893076249,0.9927048260381593,0.05010893246187364,0.2524752475247525,0.08333333333333333,0.0,0.022388059701492536,0.0007204610951008645
hier_clust,10,23,average,False,1894,7520,0.25186170212765957,0.0,0.0,0.9921436588103255,0.06390704429920116,0.17326732673267325,0.0,0.0,0.022388059701492536,0.0
hier_clust,20,32,complete,True,1894,7520,0.25186170212765957,0.0,0.0,0.9736251402918069,0.09949164851125636,0.07920792079207921,0.25,0.0,0.014925373134328358,0.0007204610951008645
hier_clust,20,30,complete,True,1894,7520,0.25186170212765957,0.0,0.0,0.9736251402918069,0.09949164851125636,0.07920792079207921,0.25,0.0,0.014925373134328358,0.0007204610951008645
hier_clust,20,23,average,False,1893,7520,0.25172872340425534,0.0,0.0,0.9915824915824916,0.06753812636165578,0.16336633663366337,0.0,0.0,0.0,0.0
hier_clust,20,4,weighted,False,1893,7520,0.25172872340425534,0.0,0.0,0.8529741863075196,0.2694262890341322,0.009900990099009901,0.0,0.0,0.0,0.0
hier_clust,20,52,median,False,1893,7520,0.25172872340425534,0.0,0.0,0.9988776655443322,0.06318082788671024,0.1188118811881188,0.16666666666666666,0.0,0.0,0.0
hier_clust,20,5,weighted,False,1893,7520,0.25172872340425534,0.0,0.0,0.8529741863075196,0.2694262890341322,0.009900990099009901,0.0,0.0,0.0,0.0
hier_clust,10,30,centroid,False,1893,7520,0.25172872340425534,0.0,0.0,0.9753086419753086,0.09368191721132897,0.12376237623762376,0.08333333333333333,0.0,0.0,0.0
hier_clust,2,4,complete,False,1893,7520,0.25172872340425534,0.0,0.0,0.9696969696969697,0.0718954248366013,0.0,0.0,0.0,0.0,0.04755043227665706
hier_clust,2,3,complete,False,1893,7520,0.25172872340425534,0.0,0.0,0.9696969696969697,0.0718954248366013,0.0,0.0,0.0,0.0,0.04755043227665706
hier_clust,20,78,median,True,1893,7520,0.25172872340425534,0.0,0.0008764241893076249,0.9730639730639731,0.08278867102396514,0.15841584158415842,0.3333333333333333,0.0,0.029850746268656716,0.002881844380403458
hier_clust,20,21,average,False,1893,7520,0.25172872340425534,0.0,0.0,0.9915824915824916,0.06681190994916485,0.16831683168316833,0.0,0.0,0.0,0.0
hier_clust,20,27,complete,True,1893,7520,0.25172872340425534,0.0,0.0,0.9736251402918069,0.09876543209876543,0.07920792079207921,0.25,0.0,0.014925373134328358,0.0007204610951008645
hier_clust,2,4,weighted,False,1892,7520,0.25159574468085105,0.0,0.0,0.9640852974186308,0.04139433551198257,0.0,0.0,0.0,0.0,0.08429394812680115
hier_clust,4,38,median,True,1892,7520,0.25159574468085105,0.0,0.0008764241893076249,0.9910213243546577,0.04938271604938271,0.25742574257425743,0.08333333333333333,0.0,0.022388059701492536,0.0007204610951008645
hier_clust,4,41,median,True,1892,7520,0.25159574468085105,0.0,0.0008764241893076249,0.9915824915824916,0.04938271604938271,0.2524752475247525,0.08333333333333333,0.0,0.022388059701492536,0.0007204610951008645
hier_clust,20,20,average,False,1892,7520,0.25159574468085105,0.0,0.0,0.9915824915824916,0.06681190994916485,0.16336633663366337,0.0,0.0,0.0,0.0
hier_clust,3,100,single,False,1892,7520,0.25159574468085105,0.000689655172413793,0.0,0.9988776655443322,0.042846768336964415,0.16336633663366337,0.5,0.058823529411764705,0.05970149253731343,0.002161383285302594
hier_clust,4,23,complete,True,1891,7520,0.2514627659574468,0.0,0.0,0.9747474747474747,0.06463326071169208,0.3069306930693069,0.08333333333333333,0.0,0.014925373134328358,0.0
hier_clust,10,20,average,False,1891,7520,0.2514627659574468,0.0,0.0,0.9921436588103255,0.06390704429920116,0.17326732673267325,0.0,0.0,0.0,0.0
hier_clust,10,21,average,False,1891,7520,0.2514627659574468,0.0,0.0,0.9921436588103255,0.06390704429920116,0.17326732673267325,0.0,0.0,0.0,0.0
hier_clust,10,18,average,False,1890,7520,0.25132978723404253,0.0,0.0,0.9921436588103255,0.06899055918663761,0.13366336633663367,0.0,0.0,0.0,0.0
hier_clust,10,38,weighted,True,1890,7520,0.25132978723404253,0.0,0.0008764241893076249,0.9910213243546577,0.04502541757443718,0.2623762376237624,0.16666666666666666,0.0,0.029850746268656716,0.001440922190201729
hier_clust,4,48,average,True,1890,7520,0.25132978723404253,0.0,0.0008764241893076249,0.9910213243546577,0.03776325344952796,0.3118811881188119,0.08333333333333333,0.0,0.04477611940298507,0.0007204610951008645
hier_clust,20,3,complete,False,1890,7520,0.25132978723404253,0.0,0.0,0.9657687991021324,0.12273057371096587,0.0,0.0,0.0,0.0,0.0
hier_clust,5,100,single,False,1890,7520,0.25132978723404253,0.000689655172413793,0.0,0.999438832772166,0.04357298474945534,0.18316831683168316,0.4166666666666667,0.058823529411764705,0.022388059701492536,0.0007204610951008645
hier_clust,20,72,median,True,1889,7520,0.2511968085106383,0.0,0.0008764241893076249,0.7839506172839507,0.32752360203340597,0.13861386138613863,0.3333333333333333,0.0,0.029850746268656716,0.002881844380403458
hier_clust,20,67,median,True,1889,7520,0.2511968085106383,0.0,0.0008764241893076249,0.7839506172839507,0.32752360203340597,0.13861386138613863,0.3333333333333333,0.0,0.029850746268656716,0.002881844380403458
hier_clust,3,38,average,True,1889,7520,0.2511968085106383,0.0,0.0008764241893076249,0.9842873176206509,0.05737109658678286,0.24257425742574257,0.16666666666666666,0.0,0.029850746268656716,0.0
hier_clust,3,35,average,True,1889,7520,0.2511968085106383,0.0,0.0008764241893076249,0.9842873176206509,0.05737109658678286,0.24257425742574257,0.16666666666666666,0.0,0.029850746268656716,0.0
hier_clust,3,32,average,True,1889,7520,0.2511968085106383,0.0,0.0008764241893076249,0.9842873176206509,0.05737109658678286,0.24257425742574257,0.16666666666666666,0.0,0.029850746268656716,0.0
hier_clust,5,25,complete,True,1889,7520,0.2511968085106383,0.0,0.0,0.9882154882154882,0.06100217864923747,0.19801980198019803,0.08333333333333333,0.0,0.022388059701492536,0.0
hier_clust,4,45,average,True,1889,7520,0.2511968085106383,0.0,0.0008764241893076249,0.98989898989899,0.03776325344952796,0.31683168316831684,0.08333333333333333,0.0,0.04477611940298507,0.0007204610951008645
hier_clust,10,27,centroid,False,1889,7520,0.2511968085106383,0.0,0.0,0.9753086419753086,0.09368191721132897,0.10396039603960396,0.08333333333333333,0.0,0.0,0.0
hier_clust,10,35,weighted,True,1889,7520,0.2511968085106383,0.0,0.0008764241893076249,0.9910213243546577,0.04502541757443718,0.2524752475247525,0.25,0.0,0.029850746268656716,0.001440922190201729
hier_clust,20,72,average,True,1888,7520,0.251063829787234,0.0,0.0008764241893076249,0.9971941638608305,0.014524328249818447,0.3811881188118812,0.3333333333333333,0.0,0.04477611940298507,0.002161383285302594
hier_clust,10,25,centroid,False,1888,7520,0.251063829787234,0.0,0.0,0.9753086419753086,0.09005083514887437,0.12376237623762376,0.08333333333333333,0.0,0.0,0.0
hier_clust,False,92,average,False,1888,7520,0.251063829787234,0.0,0.0,0.9977553310886644,0.03776325344952796,0.24257425742574257,0.5,0.029411764705882353,0.0,0.001440922190201729
hier_clust,4,41,average,True,1888,7520,0.251063829787234,0.0,0.0008764241893076249,0.98989898989899,0.037037037037037035,0.31683168316831684,0.08333333333333333,0.0,0.04477611940298507,0.0007204610951008645
hier_clust,10,32,weighted,True,1887,7520,0.2509308510638298,0.0,0.0008764241893076249,0.9910213243546577,0.04502541757443718,0.24752475247524752,0.25,0.0,0.029850746268656716,0.0007204610951008645
hier_clust,10,30,weighted,True,1887,7520,0.2509308510638298,0.0,0.0008764241893076249,0.9910213243546577,0.04502541757443718,0.24752475247524752,0.25,0.0,0.029850746268656716,0.0007204610951008645
hier_clust,False,85,median,False,1887,7520,0.2509308510638298,0.0,0.0,1.0,0.029774872912127815,0.25742574257425743,0.75,0.058823529411764705,0.0,0.0007204610951008645
hier_clust,False,100,centroid,False,1887,7520,0.2509308510638298,0.0,0.0,1.0,0.026870007262164125,0.2722772277227723,0.75,0.058823529411764705,0.0,0.001440922190201729
hier_clust,4,100,single,False,1887,7520,0.2509308510638298,0.0,0.0,0.999438832772166,0.0457516339869281,0.14356435643564355,0.3333333333333333,0.08823529411764706,0.03731343283582089,0.001440922190201729
hier_clust,5,23,complete,True,1887,7520,0.2509308510638298,0.0,0.0,0.9876543209876543,0.06100217864923747,0.19801980198019803,0.08333333333333333,0.0,0.014925373134328358,0.0
hier_clust,False,78,median,False,1886,7520,0.25079787234042555,0.0,0.0,1.0,0.029048656499636893,0.25742574257425743,0.75,0.058823529411764705,0.0,0.0007204610951008645
hier_clust,2,15,median,True,1886,7520,0.25079787234042555,0.0,0.0,0.9938271604938271,0.05954974582425563,0.1485148514851485,0.0,0.0,0.022388059701492536,0.0
hier_clust,10,27,weighted,True,1886,7520,0.25079787234042555,0.0,0.0,0.9910213243546577,0.04429920116194626,0.2524752475247525,0.25,0.0,0.029850746268656716,0.0007204610951008645
hier_clust,2,14,median,True,1886,7520,0.25079787234042555,0.0,0.0,0.9938271604938271,0.05954974582425563,0.1485148514851485,0.0,0.0,0.022388059701492536,0.0
hier_clust,4,21,complete,True,1886,7520,0.25079787234042555,0.0,0.0,0.9848484848484849,0.04793028322440087,0.3069306930693069,0.08333333333333333,0.0,0.014925373134328358,0.0
hier_clust,2,85,single,False,1886,7520,0.25079787234042555,0.0,0.0,0.9949494949494949,0.054466230936819175,0.06930693069306931,0.16666666666666666,0.058823529411764705,0.1417910447761194,0.0007204610951008645
hier_clust,20,17,average,False,1886,7520,0.25079787234042555,0.0,0.0,0.9915824915824916,0.06245461147421932,0.16336633663366337,0.0,0.0,0.0,0.0
hier_clust,20,18,average,False,1886,7520,0.25079787234042555,0.0,0.0,0.9915824915824916,0.06245461147421932,0.16336633663366337,0.0,0.0,0.0,0.0
hier_clust,4,38,average,True,1885,7520,0.25066489361702127,0.0,0.0008764241893076249,0.9910213243546577,0.03631082062454612,0.297029702970297,0.08333333333333333,0.0,0.04477611940298507,0.0007204610951008645
hier_clust,2,13,median,True,1885,7520,0.25066489361702127,0.0,0.0,0.9932659932659933,0.05954974582425563,0.1485148514851485,0.0,0.0,0.022388059701492536,0.0
hier_clust,2,12,median,True,1885,7520,0.25066489361702127,0.0,0.0,0.9932659932659933,0.05954974582425563,0.1485148514851485,0.0,0.0,0.022388059701492536,0.0
hier_clust,10,100,single,False,1885,7520,0.25066489361702127,0.000689655172413793,0.0,1.0,0.0392156862745098,0.17326732673267325,0.5,0.058823529411764705,0.007462686567164179,0.002881844380403458
hier_clust,20,15,average,False,1885,7520,0.25066489361702127,0.0,0.0,0.9915824915824916,0.06245461147421932,0.15841584158415842,0.0,0.0,0.0,0.0
hier_clust,20,61,median,True,1884,7520,0.25053191489361704,0.0,0.0008764241893076249,0.7839506172839507,0.3253449527959332,0.13366336633663367,0.3333333333333333,0.0,0.029850746268656716,0.002161383285302594
hier_clust,4,20,complete,True,1884,7520,0.25053191489361704,0.0,0.0,0.9848484848484849,0.04647785039941903,0.3069306930693069,0.08333333333333333,0.0,0.014925373134328358,0.0
hier_clust,4,18,complete,True,1884,7520,0.25053191489361704,0.0,0.0,0.9848484848484849,0.0457516339869281,0.3118811881188119,0.08333333333333333,0.0,0.014925373134328358,0.0
hier_clust,20,14,average,False,1884,7520,0.25053191489361704,0.0,0.0,0.9915824915824916,0.06027596223674655,0.16831683168316833,0.0,0.0,0.0,0.0
hier_clust,3,30,average,True,1884,7520,0.25053191489361704,0.0,0.0008764241893076249,0.9842873176206509,0.05737109658678286,0.22277227722772278,0.08333333333333333,0.0,0.029850746268656716,0.0
hier_clust,2,11,median,True,1883,7520,0.25039893617021275,0.0,0.0,0.9932659932659933,0.05954974582425563,0.13861386138613863,0.0,0.0,0.022388059701492536,0.0
hier_clust,3,92,single,False,1883,7520,0.25039893617021275,0.000689655172413793,0.0,0.9988776655443322,0.03994190268700073,0.14356435643564355,0.5,0.058823529411764705,0.05970149253731343,0.001440922190201729
hier_clust,False,92,centroid,False,1882,7520,0.2502659574468085,0.0,0.0,1.0,0.025417574437182282,0.26732673267326734,0.6666666666666666,0.058823529411764705,0.0,0.0007204610951008645
hier_clust,20,48,median,False,1882,7520,0.2502659574468085,0.0,0.0,0.9988776655443322,0.05737109658678286,0.10396039603960396,0.16666666666666666,0.0,0.0,0.0
hier_clust,False,85,average,False,1882,7520,0.2502659574468085,0.0,0.0,0.9977553310886644,0.03631082062454612,0.22772277227722773,0.4166666666666667,0.029411764705882353,0.0,0.001440922190201729
hier_clust,20,13,average,False,1882,7520,0.2502659574468085,0.0,0.0,0.9915824915824916,0.058823529411764705,0.16831683168316833,0.0,0.0,0.0,0.0
hier_clust,3,38,median,True,1882,7520,0.2502659574468085,0.0,0.0,0.9904601571268238,0.026143790849673203,0.3712871287128713,0.08333333333333333,0.0,0.029850746268656716,0.0007204610951008645
hier_clust,20,45,median,False,1881,7520,0.25013297872340423,0.0,0.0,0.9988776655443322,0.05664488017429194,0.10396039603960396,0.16666666666666666,0.0,0.0,0.0
hier_clust,3,35,median,True,1880,7520,0.25,0.0,0.0,0.9904601571268238,0.026143790849673203,0.36633663366336633,0.08333333333333333,0.0,0.029850746268656716,0.0
hier_clust,20,100,single,False,1880,7520,0.25,0.000689655172413793,0.0,1.0,0.034858387799564274,0.18316831683168316,0.5,0.058823529411764705,0.0,0.002881844380403458
hier_clust,3,30,median,True,1879,7520,0.24986702127659574,0.0,0.0,0.9904601571268238,0.026143790849673203,0.3613861386138614,0.08333333333333333,0.0,0.029850746268656716,0.0
hier_clust,4,35,median,True,1879,7520,0.24986702127659574,0.0,0.0008764241893076249,0.9910213243546577,0.05156136528685548,0.1782178217821782,0.08333333333333333,0.0,0.022388059701492536,0.0007204610951008645
hier_clust,3,32,median,True,1879,7520,0.24986702127659574,0.0,0.0,0.9904601571268238,0.026143790849673203,0.3613861386138614,0.08333333333333333,0.0,0.029850746268656716,0.0
hier_clust,4,92,single,False,1879,7520,0.24986702127659574,0.0,0.0,0.999438832772166,0.04066811909949165,0.14356435643564355,0.3333333333333333,0.08823529411764706,0.029850746268656716,0.001440922190201729
hier_clust,5,92,single,False,1879,7520,0.24986702127659574,0.0,0.0,0.999438832772166,0.04212055192447349,0.14356435643564355,0.4166666666666667,0.058823529411764705,0.022388059701492536,0.0007204610951008645
hier_clust,20,41,median,False,1878,7520,0.24973404255319148,0.0,0.0,0.9988776655443322,0.05374001452432825,0.10891089108910891,0.16666666666666666,0.0,0.0,0.0
hier_clust,10,52,average,True,1878,7520,0.24973404255319148,0.0,0.0008764241893076249,0.9943883277216611,0.014524328249818447,0.37623762376237624,0.16666666666666666,0.0,0.029850746268656716,0.002161383285302594
hier_clust,20,12,average,False,1877,7520,0.24960106382978722,0.0,0.0,0.9915824915824916,0.058823529411764705,0.14356435643564355,0.0,0.0,0.0,0.0
hier_clust,20,38,median,False,1877,7520,0.24960106382978722,0.0,0.0,0.9988776655443322,0.05374001452432825,0.10396039603960396,0.16666666666666666,0.0,0.0,0.0
hier_clust,2,10,median,True,1877,7520,0.24960106382978722,0.0,0.0,0.9932659932659933,0.05954974582425563,0.10891089108910891,0.0,0.0,0.022388059701492536,0.0
hier_clust,10,17,average,False,1876,7520,0.249468085106383,0.0,0.0,0.9949494949494949,0.05519244734931009,0.13366336633663367,0.0,0.0,0.0,0.0
hier_clust,4,35,average,True,1876,7520,0.249468085106383,0.0,0.0008764241893076249,0.9938271604938271,0.027596223674655047,0.297029702970297,0.08333333333333333,0.0,0.03731343283582089,0.0
hier_clust,10,92,single,False,1876,7520,0.249468085106383,0.000689655172413793,0.0,1.0,0.03631082062454612,0.1485148514851485,0.5,0.058823529411764705,0.007462686567164179,0.002881844380403458
hier_clust,3,4,complete,False,1875,7520,0.24933510638297873,0.0,0.0,0.9612794612794613,0.06535947712418301,0.0,0.0,0.0,0.0,0.05187319884726225
hier_clust,3,5,complete,False,1875,7520,0.24933510638297873,0.0,0.0,0.9612794612794613,0.06535947712418301,0.0,0.0,0.0,0.0,0.05187319884726225
hier_clust,2,78,single,False,1875,7520,0.24933510638297873,0.0,0.0,0.9955106621773289,0.050835148874364564,0.06930693069306931,0.16666666666666666,0.058823529411764705,0.08955223880597014,0.0007204610951008645
hier_clust,10,14,average,False,1875,7520,0.24933510638297873,0.0,0.0,0.9949494949494949,0.04720406681190995,0.18316831683168316,0.0,0.0,0.0,0.0
hier_clust,10,15,average,False,1875,7520,0.24933510638297873,0.0,0.0,0.9949494949494949,0.04720406681190995,0.18316831683168316,0.0,0.0,0.0,0.0
hier_clust,20,32,weighted,True,1875,7520,0.24933510638297873,0.0,0.0,0.9438832772166106,0.12418300653594772,0.06930693069306931,0.25,0.0,0.029850746268656716,0.0007204610951008645
hier_clust,10,48,average,True,1874,7520,0.24920212765957447,0.0,0.0008764241893076249,0.9943883277216611,0.010167029774872912,0.38613861386138615,0.16666666666666666,0.0,0.029850746268656716,0.002161383285302594
hier_clust,20,30,weighted,True,1874,7520,0.24920212765957447,0.0,0.0,0.9438832772166106,0.12418300653594772,0.06930693069306931,0.25,0.0,0.022388059701492536,0.0007204610951008645
hier_clust,20,2,complete,False,1874,7520,0.24920212765957447,0.0,0.0,0.9792368125701459,0.09368191721132897,0.0,0.0,0.0,0.0,0.0
hier_clust,False,78,average,False,1874,7520,0.24920212765957447,0.0,0.0,1.0,0.029048656499636893,0.21782178217821782,0.4166666666666667,0.029411764705882353,0.0,0.001440922190201729
hier_clust,20,27,weighted,True,1874,7520,0.24920212765957447,0.0,0.0,0.9438832772166106,0.12418300653594772,0.06930693069306931,0.25,0.0,0.022388059701492536,0.0007204610951008645
hier_clust,20,25,weighted,True,1874,7520,0.24920212765957447,0.0,0.0,0.9438832772166106,0.12418300653594772,0.06930693069306931,0.25,0.0,0.022388059701492536,0.0007204610951008645
hier_clust,20,35,median,False,1874,7520,0.24920212765957447,0.0,0.0,0.9977553310886644,0.05519244734931009,0.0891089108910891,0.16666666666666666,0.0,0.0,0.0
hier_clust,20,32,median,False,1873,7520,0.24906914893617021,0.0,0.0,0.9977553310886644,0.05664488017429194,0.07425742574257425,0.16666666666666666,0.0,0.0,0.0
hier_clust,4,32,average,True,1873,7520,0.24906914893617021,0.0,0.0008764241893076249,0.9938271604938271,0.026143790849673203,0.3069306930693069,0.08333333333333333,0.0,0.014925373134328358,0.0
hier_clust,10,13,average,False,1873,7520,0.24906914893617021,0.0,0.0,0.9949494949494949,0.048656499636891795,0.16336633663366337,0.0,0.0,0.0,0.0
hier_clust,20,30,median,False,1873,7520,0.24906914893617021,0.0,0.0,0.9977553310886644,0.05664488017429194,0.07425742574257425,0.16666666666666666,0.0,0.0,0.0
hier_clust,10,23,centroid,False,1873,7520,0.24906914893617021,0.0,0.0,0.9792368125701459,0.07407407407407407,0.12376237623762376,0.08333333333333333,0.0,0.0,0.0
hier_clust,4,45,centroid,True,1872,7520,0.24893617021276596,0.0,0.0008764241893076249,0.9887766554433222,0.023238925199709513,0.3564356435643564,0.08333333333333333,0.0,0.022388059701492536,0.0007204610951008645
hier_clust,False,85,centroid,False,1872,7520,0.24893617021276596,0.0,0.0,1.0,0.02251270878721859,0.24257425742574257,0.5833333333333334,0.058823529411764705,0.0,0.0007204610951008645
hier_clust,False,100,single,False,1872,7520,0.24893617021276596,0.0,0.0,1.0,0.02178649237472767,0.24752475247524752,0.6666666666666666,0.058823529411764705,0.0,0.0
hier_clust,10,12,average,False,1872,7520,0.24893617021276596,0.0,0.0,0.9943883277216611,0.048656499636891795,0.16336633663366337,0.0,0.0,0.0,0.0
hier_clust,10,11,average,False,1872,7520,0.24893617021276596,0.0,0.0,0.9943883277216611,0.048656499636891795,0.16336633663366337,0.0,0.0,0.0,0.0
hier_clust,4,85,single,False,1872,7520,0.24893617021276596,0.0,0.0,0.999438832772166,0.03776325344952796,0.13366336633663367,0.3333333333333333,0.058823529411764705,0.029850746268656716,0.001440922190201729
hier_clust,10,10,average,False,1872,7520,0.24893617021276596,0.0,0.0,0.9943883277216611,0.048656499636891795,0.16336633663366337,0.0,0.0,0.0,0.0
hier_clust,10,9,average,False,1872,7520,0.24893617021276596,0.0,0.0,0.9943883277216611,0.048656499636891795,0.16336633663366337,0.0,0.0,0.0,0.0
hier_clust,10,8,average,False,1872,7520,0.24893617021276596,0.0,0.0,0.9943883277216611,0.048656499636891795,0.16336633663366337,0.0,0.0,0.0,0.0
hier_clust,20,92,single,False,1872,7520,0.24893617021276596,0.000689655172413793,0.0,1.0,0.03195352214960058,0.16336633663366337,0.5,0.058823529411764705,0.0,0.002881844380403458
hier_clust,10,7,average,False,1872,7520,0.24893617021276596,0.0,0.0,0.9943883277216611,0.048656499636891795,0.16336633663366337,0.0,0.0,0.0,0.0
hier_clust,10,6,average,False,1872,7520,0.24893617021276596,0.0,0.0,0.9943883277216611,0.048656499636891795,0.16336633663366337,0.0,0.0,0.0,0.0
hier_clust,3,27,weighted,True,1871,7520,0.2488031914893617,0.0,0.0,0.9904601571268238,0.034858387799564274,0.26732673267326734,0.08333333333333333,0.0,0.022388059701492536,0.0
hier_clust,3,27,average,True,1871,7520,0.2488031914893617,0.0,0.0,0.9904601571268238,0.04066811909949165,0.22277227722772278,0.08333333333333333,0.0,0.029850746268656716,0.0
hier_clust,False,72,average,False,1871,7520,0.2488031914893617,0.0,0.0,1.0,0.027596223674655047,0.21287128712871287,0.4166666666666667,0.029411764705882353,0.0,0.001440922190201729
hier_clust,3,85,single,False,1871,7520,0.2488031914893617,0.0,0.0,0.9988776655443322,0.032679738562091505,0.13861386138613863,0.5,0.058823529411764705,0.05970149253731343,0.001440922190201729
hier_clust,20,45,centroid,False,1871,7520,0.2488031914893617,0.0,0.0,0.9966329966329966,0.0392156862745098,0.16831683168316833,0.16666666666666666,0.058823529411764705,0.022388059701492536,0.0
hier_clust,20,48,centroid,False,1871,7520,0.2488031914893617,0.0,0.0,0.9966329966329966,0.0392156862745098,0.16831683168316833,0.16666666666666666,0.058823529411764705,0.022388059701492536,0.0
hier_clust,20,52,centroid,False,1871,7520,0.2488031914893617,0.0,0.0,0.9966329966329966,0.0392156862745098,0.16831683168316833,0.16666666666666666,0.058823529411764705,0.022388059701492536,0.0
hier_clust,3,25,weighted,True,1871,7520,0.2488031914893617,0.0,0.0,0.98989898989899,0.03558460421205519,0.26732673267326734,0.08333333333333333,0.0,0.022388059701492536,0.0
hier_clust,5,85,single,False,1870,7520,0.24867021276595744,0.0,0.0,0.999438832772166,0.037037037037037035,0.13861386138613863,0.4166666666666667,0.029411764705882353,0.022388059701492536,0.0007204610951008645
hier_clust,2,100,single,True,1870,7520,0.24867021276595744,0.0,0.0008764241893076249,1.0,0.020334059549745823,0.21782178217821782,0.4166666666666667,0.058823529411764705,0.03731343283582089,0.002161383285302594
hier_clust,20,27,median,False,1870,7520,0.24867021276595744,0.0,0.0,0.9977553310886644,0.05664488017429194,0.0594059405940594,0.16666666666666666,0.0,0.0,0.0
hier_clust,20,25,median,False,1870,7520,0.24867021276595744,0.0,0.0,0.9977553310886644,0.05664488017429194,0.0594059405940594,0.16666666666666666,0.0,0.0,0.0
hier_clust,False,67,median,False,1869,7520,0.24853723404255318,0.0,0.0,1.0,0.0196078431372549,0.2376237623762376,0.75,0.058823529411764705,0.0,0.0007204610951008645
hier_clust,4,6,average,False,1869,7520,0.24853723404255318,0.0,0.0,0.9842873176206509,0.04793028322440087,0.12871287128712872,0.0,0.0,0.17164179104477612,0.0
hier_clust,4,100,single,True,1869,7520,0.24853723404255318,0.0,0.0008764241893076249,1.0,0.017429193899782137,0.21782178217821782,0.4166666666666667,0.058823529411764705,0.04477611940298507,0.0036023054755043226
hier_clust,10,85,single,False,1869,7520,0.24853723404255318,0.000689655172413793,0.0,1.0,0.03195352214960058,0.14356435643564355,0.5,0.058823529411764705,0.007462686567164179,0.002881844380403458
hier_clust,3,25,median,True,1869,7520,0.24853723404255318,0.0,0.0,0.9904601571268238,0.026143790849673203,0.31683168316831684,0.08333333333333333,0.0,0.022388059701492536,0.0
hier_clust,3,27,median,True,1869,7520,0.24853723404255318,0.0,0.0,0.9904601571268238,0.026143790849673203,0.31683168316831684,0.08333333333333333,0.0,0.022388059701492536,0.0
hier_clust,3,25,average,True,1869,7520,0.24853723404255318,0.0,0.0,0.9904601571268238,0.01888162672476398,0.3613861386138614,0.08333333333333333,0.0,0.029850746268656716,0.0
hier_clust,3,100,single,True,1869,7520,0.24853723404255318,0.0,0.0008764241893076249,0.999438832772166,0.02251270878721859,0.2079207920792079,0.3333333333333333,0.058823529411764705,0.029850746268656716,0.002881844380403458
hier_clust,20,23,median,False,1869,7520,0.24853723404255318,0.0,0.0,0.9971941638608305,0.054466230936819175,0.07425742574257425,0.16666666666666666,0.0,0.0,0.0
hier_clust,False,72,median,False,1869,7520,0.24853723404255318,0.0,0.0,1.0,0.0196078431372549,0.2376237623762376,0.75,0.058823529411764705,0.0,0.0007204610951008645
hier_clust,3,23,average,True,1868,7520,0.24840425531914895,0.0,0.0,0.9904601571268238,0.01888162672476398,0.3564356435643564,0.08333333333333333,0.0,0.029850746268656716,0.0
hier_clust,20,21,median,False,1868,7520,0.24840425531914895,0.0,0.0,0.9971941638608305,0.054466230936819175,0.07425742574257425,0.08333333333333333,0.0,0.0,0.0
hier_clust,20,20,median,False,1868,7520,0.24840425531914895,0.0,0.0,0.9971941638608305,0.054466230936819175,0.07425742574257425,0.08333333333333333,0.0,0.0,0.0
hier_clust,3,21,average,True,1867,7520,0.2482712765957447,0.0,0.0,0.9904601571268238,0.01888162672476398,0.3564356435643564,0.08333333333333333,0.0,0.022388059701492536,0.0
hier_clust,3,23,median,True,1867,7520,0.2482712765957447,0.0,0.0,0.9904601571268238,0.02251270878721859,0.3316831683168317,0.08333333333333333,0.0,0.022388059701492536,0.0
hier_clust,False,100,weighted,True,1867,7520,0.2482712765957447,0.0,0.0008764241893076249,0.9983164983164983,0.029048656499636893,0.17326732673267325,0.4166666666666667,0.0,0.029850746268656716,0.002161383285302594
hier_clust,10,25,weighted,True,1867,7520,0.2482712765957447,0.0,0.0,0.9904601571268238,0.058823529411764705,0.06435643564356436,0.25,0.0,0.029850746268656716,0.0007204610951008645
hier_clust,2,2,complete,False,1867,7520,0.2482712765957447,0.0,0.0,0.9921436588103255,0.0718954248366013,0.0,0.0,0.0,0.0,0.0
hier_clust,False,67,average,False,1866,7520,0.24813829787234043,0.0,0.0,1.0,0.025417574437182282,0.20297029702970298,0.4166666666666667,0.029411764705882353,0.0,0.001440922190201729
hier_clust,5,21,complete,True,1866,7520,0.24813829787234043,0.0,0.0,0.9921436588103255,0.0392156862745098,0.18316831683168316,0.08333333333333333,0.0,0.04477611940298507,0.0
hier_clust,5,78,single,False,1866,7520,0.24813829787234043,0.0,0.0,0.9988776655443322,0.03413217138707335,0.14356435643564355,0.4166666666666667,0.029411764705882353,0.022388059701492536,0.0007204610951008645
hier_clust,False,100,median,True,1866,7520,0.24813829787234043,0.0,0.0008764241893076249,1.0,0.026870007262164125,0.15346534653465346,0.5,0.0,0.03731343283582089,0.002881844380403458
hier_clust,20,18,median,False,1866,7520,0.24813829787234043,0.0,0.0,0.9971941638608305,0.05374001452432825,0.06930693069306931,0.08333333333333333,0.0,0.0,0.0
hier_clust,4,32,median,True,1866,7520,0.24813829787234043,0.0,0.0008764241893076249,0.9938271604938271,0.030501089324618737,0.23267326732673269,0.08333333333333333,0.0,0.022388059701492536,0.0007204610951008645
hier_clust,20,17,median,False,1866,7520,0.24813829787234043,0.0,0.0,0.9971941638608305,0.05374001452432825,0.06930693069306931,0.08333333333333333,0.0,0.0,0.0
hier_clust,2,92,single,True,1865,7520,0.24800531914893617,0.0,0.0008764241893076249,0.9988776655443322,0.01670297748729121,0.22277227722772278,0.4166666666666667,0.058823529411764705,0.04477611940298507,0.002161383285302594
hier_clust,3,20,average,True,1865,7520,0.24800531914893617,0.0,0.0,0.9904601571268238,0.021060275962236745,0.3316831683168317,0.08333333333333333,0.0,0.022388059701492536,0.0
hier_clust,5,100,single,True,1865,7520,0.24800531914893617,0.0,0.0008764241893076249,0.999438832772166,0.01815541031227306,0.20297029702970298,0.3333333333333333,0.058823529411764705,0.05223880597014925,0.002881844380403458
hier_clust,5,57,centroid,True,1865,7520,0.24800531914893617,0.0,0.0008764241893076249,0.9955106621773289,0.02178649237472767,0.24752475247524752,0.16666666666666666,0.0,0.04477611940298507,0.001440922190201729
hier_clust,4,30,average,True,1865,7520,0.24800531914893617,0.0,0.0008764241893076249,0.9938271604938271,0.026143790849673203,0.26732673267326734,0.08333333333333333,0.0,0.014925373134328358,0.0
hier_clust,20,85,single,False,1865,7520,0.24800531914893617,0.000689655172413793,0.0,1.0,0.027596223674655047,0.16336633663366337,0.5,0.058823529411764705,0.0,0.002161383285302594
hier_clust,10,23,weighted,True,1865,7520,0.24800531914893617,0.0,0.0,0.9904601571268238,0.05809731299927379,0.06435643564356436,0.25,0.0,0.029850746268656716,0.0
hier_clust,20,100,single,True,1865,7520,0.24800531914893617,0.0,0.0008764241893076249,0.999438832772166,0.020334059549745823,0.19306930693069307,0.3333333333333333,0.0,0.05223880597014925,0.0036023054755043226
hier_clust,5,9,average,False,1865,7520,0.24800531914893617,0.0,0.0,0.9758698092031426,0.06245461147421932,0.039603960396039604,0.0,0.0,0.23880597014925373,0.0
hier_clust,2,18,centroid,True,1864,7520,0.2478723404255319,0.0,0.0,0.9932659932659933,0.012345679012345678,0.3613861386138614,0.08333333333333333,0.0,0.022388059701492536,0.0
hier_clust,2,17,centroid,True,1864,7520,0.2478723404255319,0.0,0.0,0.9932659932659933,0.012345679012345678,0.3613861386138614,0.08333333333333333,0.0,0.022388059701492536,0.0
hier_clust,4,30,median,True,1864,7520,0.2478723404255319,0.0,0.0008764241893076249,0.9938271604938271,0.030501089324618737,0.23267326732673269,0.08333333333333333,0.0,0.014925373134328358,0.0
hier_clust,False,92,median,True,1864,7520,0.2478723404255319,0.0,0.0008764241893076249,1.0,0.026870007262164125,0.1485148514851485,0.4166666666666667,0.0,0.03731343283582089,0.002881844380403458
hier_clust,False,92,single,False,1864,7520,0.2478723404255319,0.0,0.0,1.0,0.01815541031227306,0.2376237623762376,0.5833333333333334,0.058823529411764705,0.0,0.0
hier_clust,4,78,single,False,1864,7520,0.2478723404255319,0.0,0.0,0.999438832772166,0.032679738562091505,0.12871287128712872,0.3333333333333333,0.058823529411764705,0.029850746268656716,0.001440922190201729
hier_clust,3,23,weighted,True,1864,7520,0.2478723404255319,0.0,0.0,0.98989898989899,0.023238925199709513,0.31683168316831684,0.08333333333333333,0.0,0.022388059701492536,0.0
hier_clust,3,18,average,True,1863,7520,0.24773936170212765,0.0,0.0,0.9904601571268238,0.0196078431372549,0.3316831683168317,0.08333333333333333,0.0,0.022388059701492536,0.0
hier_clust,False,78,centroid,False,1863,7520,0.24773936170212765,0.0,0.0,1.0,0.020334059549745823,0.22277227722772278,0.5,0.029411764705882353,0.0,0.0007204610951008645
hier_clust,4,41,centroid,True,1863,7520,0.24773936170212765,0.0,0.0008764241893076249,0.9955106621773289,0.008714596949891068,0.35148514851485146,0.08333333333333333,0.0,0.022388059701492536,0.0007204610951008645
hier_clust,5,38,average,True,1863,7520,0.24773936170212765,0.0,0.0008764241893076249,0.9955106621773289,0.014524328249818447,0.297029702970297,0.08333333333333333,0.0,0.04477611940298507,0.0007204610951008645
hier_clust,4,92,single,True,1863,7520,0.24773936170212765,0.0,0.0008764241893076249,0.9988776655443322,0.01670297748729121,0.20297029702970298,0.4166666666666667,0.058823529411764705,0.05223880597014925,0.002881844380403458
hier_clust,10,100,single,True,1863,7520,0.24773936170212765,0.0,0.0008764241893076249,1.0,0.0196078431372549,0.1782178217821782,0.5,0.029411764705882353,0.03731343283582089,0.0036023054755043226
hier_clust,3,17,average,True,1863,7520,0.24773936170212765,0.0,0.0,0.9904601571268238,0.0196078431372549,0.3316831683168317,0.08333333333333333,0.0,0.022388059701492536,0.0
hier_clust,2,72,single,False,1863,7520,0.24773936170212765,0.0,0.0,0.9971941638608305,0.04139433551198257,0.06930693069306931,0.16666666666666666,0.058823529411764705,0.08208955223880597,0.0
hier_clust,10,78,single,False,1862,7520,0.2476063829787234,0.000689655172413793,0.0,1.0,0.029048656499636893,0.13366336633663367,0.5,0.058823529411764705,0.007462686567164179,0.002161383285302594
hier_clust,4,38,centroid,True,1862,7520,0.2476063829787234,0.0,0.0008764241893076249,0.9955106621773289,0.007988380537400145,0.35148514851485146,0.08333333333333333,0.0,0.022388059701492536,0.0007204610951008645
hier_clust,3,21,weighted,True,1862,7520,0.2476063829787234,0.0,0.0,0.98989898989899,0.0196078431372549,0.3316831683168317,0.08333333333333333,0.0,0.022388059701492536,0.0
hier_clust,3,92,single,True,1862,7520,0.2476063829787234,0.0,0.0008764241893076249,1.0,0.01888162672476398,0.19801980198019803,0.25,0.058823529411764705,0.029850746268656716,0.002881844380403458
hier_clust,5,41,median,True,1862,7520,0.2476063829787234,0.0,0.0008764241893076249,0.9747474747474747,0.07044299201161947,0.10891089108910891,0.08333333333333333,0.0,0.022388059701492536,0.0007204610951008645
hier_clust,False,100,average,True,1862,7520,0.2476063829787234,0.0,0.0008764241893076249,1.0,0.024691358024691357,0.1485148514851485,0.5,0.029411764705882353,0.03731343283582089,0.002161383285302594
hier_clust,4,27,median,True,1862,7520,0.2476063829787234,0.0,0.0008764241893076249,0.9938271604938271,0.004357298474945534,0.400990099009901,0.08333333333333333,0.0,0.014925373134328358,0.0
hier_clust,3,20,weighted,True,1861,7520,0.24747340425531916,0.0,0.0,0.989337822671156,0.0196078431372549,0.3316831683168317,0.08333333333333333,0.0,0.022388059701492536,0.0
hier_clust,4,72,single,False,1861,7520,0.24747340425531916,0.0,0.0,0.999438832772166,0.03122730573710966,0.12376237623762376,0.3333333333333333,0.058823529411764705,0.029850746268656716,0.001440922190201729
hier_clust,False,100,centroid,True,1861,7520,0.24747340425531916,0.0,0.0008764241893076249,1.0,0.024691358024691357,0.13861386138613863,0.5,0.029411764705882353,0.04477611940298507,0.002161383285302594
hier_clust,2,3,average,False,1861,7520,0.24747340425531916,0.0,0.0,0.9904601571268238,0.06390704429920116,0.0,0.0,0.0,0.05970149253731343,0.0
hier_clust,5,38,median,True,1861,7520,0.24747340425531916,0.0,0.0008764241893076249,0.9747474747474747,0.06971677559912855,0.10891089108910891,0.08333333333333333,0.0,0.022388059701492536,0.0007204610951008645
hier_clust,5,35,median,True,1861,7520,0.24747340425531916,0.0,0.0008764241893076249,0.9747474747474747,0.06899055918663761,0.11386138613861387,0.08333333333333333,0.0,0.022388059701492536,0.0007204610951008645
hier_clust,False,85,single,False,1860,7520,0.2473404255319149,0.0,0.0,1.0,0.017429193899782137,0.22277227722772278,0.5833333333333334,0.058823529411764705,0.0,0.0
hier_clust,5,52,centroid,True,1860,7520,0.2473404255319149,0.0,0.0008764241893076249,0.9955106621773289,0.023238925199709513,0.21287128712871287,0.16666666666666666,0.0,0.04477611940298507,0.001440922190201729
hier_clust,False,92,weighted,True,1860,7520,0.2473404255319149,0.0,0.0008764241893076249,0.9966329966329966,0.02832244008714597,0.16336633663366337,0.3333333333333333,0.0,0.029850746268656716,0.002161383285302594
hier_clust,20,85,centroid,True,1860,7520,0.2473404255319149,0.0,0.0008764241893076249,0.9971941638608305,0.02178649237472767,0.1782178217821782,0.3333333333333333,0.0,0.05970149253731343,0.002881844380403458
hier_clust,3,18,weighted,True,1860,7520,0.2473404255319149,0.0,0.0,0.98989898989899,0.01815541031227306,0.3316831683168317,0.08333333333333333,0.0,0.022388059701492536,0.0
hier_clust,4,25,median,True,1860,7520,0.2473404255319149,0.0,0.0008764241893076249,0.9949494949494949,0.004357298474945534,0.3811881188118812,0.08333333333333333,0.0,0.014925373134328358,0.0
hier_clust,3,78,single,False,1860,7520,0.2473404255319149,0.0,0.0,1.0,0.026870007262164125,0.13366336633663367,0.5,0.058823529411764705,0.029850746268656716,0.001440922190201729
hier_clust,2,2,average,False,1860,7520,0.2473404255319149,0.0,0.0,0.9904601571268238,0.06899055918663761,0.0,0.0,0.0,0.0,0.0
hier_clust,5,72,single,False,1860,7520,0.2473404255319149,0.0,0.0,0.9988776655443322,0.029774872912127815,0.14356435643564355,0.4166666666666667,0.029411764705882353,0.022388059701492536,0.0007204610951008645
hier_clust,5,8,average,False,1860,7520,0.2473404255319149,0.0,0.0,0.9758698092031426,0.05664488017429194,0.054455445544554455,0.0,0.0,0.23880597014925373,0.0
hier_clust,5,92,single,True,1859,7520,0.24720744680851064,0.0,0.0008764241893076249,0.9983164983164983,0.01597676107480029,0.19801980198019803,0.3333333333333333,0.058823529411764705,0.05223880597014925,0.002881844380403458
hier_clust,4,35,centroid,True,1859,7520,0.24720744680851064,0.0,0.0008764241893076249,0.9966329966329966,0.005809731299927378,0.3415841584158416,0.08333333333333333,0.0,0.022388059701492536,0.0007204610951008645
hier_clust,False,100,single,True,1859,7520,0.24720744680851064,0.0,0.0008764241893076249,1.0,0.024691358024691357,0.12871287128712872,0.5,0.029411764705882353,0.04477611940298507,0.002161383285302594
hier_clust,2,85,single,True,1859,7520,0.24720744680851064,0.0,0.0008764241893076249,0.9988776655443322,0.015250544662309368,0.20297029702970298,0.4166666666666667,0.058823529411764705,0.04477611940298507,0.002161383285302594
hier_clust,False,57,median,False,1859,7520,0.24720744680851064,0.0,0.0,1.0,0.01670297748729121,0.21287128712871287,0.6666666666666666,0.058823529411764705,0.0,0.0007204610951008645
hier_clust,2,9,median,True,1859,7520,0.24720744680851064,0.0,0.0,0.9949494949494949,0.05954974582425563,0.0049504950495049506,0.0,0.0,0.022388059701492536,0.0
hier_clust,False,61,median,False,1859,7520,0.24720744680851064,0.0,0.0,1.0,0.01670297748729121,0.21287128712871287,0.6666666666666666,0.058823529411764705,0.0,0.0007204610951008645
hier_clust,4,23,median,True,1858,7520,0.24707446808510639,0.0,0.0,0.9949494949494949,0.004357298474945534,0.37623762376237624,0.08333333333333333,0.0,0.014925373134328358,0.0
hier_clust,20,78,single,False,1858,7520,0.24707446808510639,0.000689655172413793,0.0,1.0,0.023965141612200435,0.15346534653465346,0.5,0.058823529411764705,0.0,0.002161383285302594
hier_clust,False,72,centroid,False,1858,7520,0.24707446808510639,0.0,0.0,1.0,0.017429193899782137,0.21782178217821782,0.5,0.029411764705882353,0.0,0.0007204610951008645
hier_clust,4,21,median,True,1858,7520,0.24707446808510639,0.0,0.0,0.9943883277216611,0.005083514887436456,0.37623762376237624,0.08333333333333333,0.0,0.014925373134328358,0.0
hier_clust,4,20,median,True,1858,7520,0.24707446808510639,0.0,0.0,0.9938271604938271,0.005809731299927378,0.37623762376237624,0.08333333333333333,0.0,0.014925373134328358,0.0
hier_clust,4,18,median,True,1858,7520,0.24707446808510639,0.0,0.0,0.9938271604938271,0.005809731299927378,0.37623762376237624,0.08333333333333333,0.0,0.014925373134328358,0.0
hier_clust,3,85,single,True,1858,7520,0.24707446808510639,0.0,0.0008764241893076249,1.0,0.01597676107480029,0.19801980198019803,0.25,0.058823529411764705,0.029850746268656716,0.002881844380403458
hier_clust,10,57,centroid,True,1858,7520,0.24707446808510639,0.0,0.0008764241893076249,0.9927048260381593,0.029774872912127815,0.1782178217821782,0.3333333333333333,0.0,0.029850746268656716,0.002161383285302594
hier_clust,False,85,weighted,True,1857,7520,0.24694148936170213,0.0,0.0008764241893076249,0.9966329966329966,0.02832244008714597,0.15346534653465346,0.3333333333333333,0.0,0.029850746268656716,0.001440922190201729
hier_clust,10,72,single,False,1857,7520,0.24694148936170213,0.000689655172413793,0.0,1.0,0.027596223674655047,0.12871287128712872,0.5,0.058823529411764705,0.007462686567164179,0.0007204610951008645
hier_clust,5,20,complete,True,1857,7520,0.24694148936170213,0.0,0.0,0.9921436588103255,0.008714596949891068,0.3465346534653465,0.08333333333333333,0.0,0.04477611940298507,0.0
hier_clust,4,17,median,True,1857,7520,0.24694148936170213,0.0,0.0,0.9932659932659933,0.005083514887436456,0.3811881188118812,0.08333333333333333,0.0,0.014925373134328358,0.0
hier_clust,20,92,single,True,1857,7520,0.24694148936170213,0.0,0.0008764241893076249,0.999438832772166,0.0196078431372549,0.16336633663366337,0.3333333333333333,0.0,0.05223880597014925,0.002881844380403458
hier_clust,10,92,single,True,1857,7520,0.24694148936170213,0.0,0.0008764241893076249,1.0,0.0196078431372549,0.15346534653465346,0.4166666666666667,0.029411764705882353,0.03731343283582089,0.0036023054755043226
hier_clust,4,32,centroid,True,1857,7520,0.24694148936170213,0.0,0.0008764241893076249,0.9966329966329966,0.005809731299927378,0.3415841584158416,0.08333333333333333,0.0,0.014925373134328358,0.0
hier_clust,5,48,centroid,True,1857,7520,0.24694148936170213,0.0,0.0008764241893076249,0.9949494949494949,0.023238925199709513,0.20297029702970298,0.16666666666666666,0.0,0.04477611940298507,0.001440922190201729
hier_clust,5,45,centroid,True,1856,7520,0.24680851063829787,0.0,0.0008764241893076249,0.9949494949494949,0.023238925199709513,0.19801980198019803,0.16666666666666666,0.0,0.04477611940298507,0.001440922190201729
hier_clust,20,67,average,True,1856,7520,0.24680851063829787,0.0,0.0008764241893076249,0.9988776655443322,0.014524328249818447,0.21287128712871287,0.3333333333333333,0.0,0.04477611940298507,0.001440922190201729
hier_clust,2,6,median,True,1856,7520,0.24680851063829787,0.0,0.0,0.9921436588103255,0.05809731299927379,0.0049504950495049506,0.0,0.0,0.05223880597014925,0.0
hier_clust,2,7,median,True,1856,7520,0.24680851063829787,0.0,0.0,0.9927048260381593,0.05737109658678286,0.0049504950495049506,0.0,0.0,0.05223880597014925,0.0
hier_clust,4,30,centroid,True,1856,7520,0.24680851063829787,0.0,0.0008764241893076249,0.9966329966329966,0.006535947712418301,0.3316831683168317,0.08333333333333333,0.0,0.014925373134328358,0.0
hier_clust,2,8,median,True,1856,7520,0.24680851063829787,0.0,0.0,0.9949494949494949,0.05954974582425563,0.0049504950495049506,0.0,0.0,0.0,0.0
hier_clust,5,18,complete,True,1856,7520,0.24680851063829787,0.0,0.0,0.9910213243546577,0.008714596949891068,0.35148514851485146,0.08333333333333333,0.0,0.04477611940298507,0.0
hier_clust,2,14,weighted,True,1856,7520,0.24680851063829787,0.0,0.0,0.9966329966329966,0.0036310820624546117,0.3564356435643564,0.0,0.0,0.022388059701492536,0.0
hier_clust,5,9,centroid,False,1856,7520,0.24680851063829787,0.0,0.0,0.9736251402918069,0.03122730573710966,0.0891089108910891,0.0,0.0,0.44776119402985076,0.0
hier_clust,2,15,centroid,True,1856,7520,0.24680851063829787,0.0,0.0,0.9932659932659933,0.0036310820624546117,0.38613861386138615,0.0,0.0,0.022388059701492536,0.0
hier_clust,2,13,weighted,True,1856,7520,0.24680851063829787,0.0,0.0,0.9966329966329966,0.0036310820624546117,0.3564356435643564,0.0,0.0,0.022388059701492536,0.0
hier_clust,3,72,single,False,1855,7520,0.2466755319148936,0.0,0.0,1.0,0.024691358024691357,0.12376237623762376,0.5,0.058823529411764705,0.029850746268656716,0.001440922190201729
hier_clust,2,11,centroid,True,1855,7520,0.2466755319148936,0.0,0.0,0.9927048260381593,0.0036310820624546117,0.38613861386138615,0.0,0.0,0.022388059701492536,0.0
hier_clust,5,17,complete,True,1855,7520,0.2466755319148936,0.0,0.0,0.9910213243546577,0.008714596949891068,0.35148514851485146,0.08333333333333333,0.0,0.03731343283582089,0.0
hier_clust,2,12,centroid,True,1855,7520,0.2466755319148936,0.0,0.0,0.9927048260381593,0.0036310820624546117,0.38613861386138615,0.0,0.0,0.022388059701492536,0.0
hier_clust,2,13,centroid,True,1855,7520,0.2466755319148936,0.0,0.0,0.9927048260381593,0.0036310820624546117,0.38613861386138615,0.0,0.0,0.022388059701492536,0.0
hier_clust,2,14,centroid,True,1855,7520,0.2466755319148936,0.0,0.0,0.9927048260381593,0.0036310820624546117,0.38613861386138615,0.0,0.0,0.022388059701492536,0.0
hier_clust,2,78,single,True,1855,7520,0.2466755319148936,0.0,0.0008764241893076249,0.9988776655443322,0.013798111837327523,0.19306930693069307,0.4166666666666667,0.058823529411764705,0.04477611940298507,0.002161383285302594
hier_clust,10,27,complete,True,1855,7520,0.2466755319148936,0.0,0.0,0.9955106621773289,0.010893246187363835,0.27722772277227725,0.25,0.0,0.05223880597014925,0.0
hier_clust,10,25,complete,True,1855,7520,0.2466755319148936,0.0,0.0,0.9955106621773289,0.010893246187363835,0.27722772277227725,0.25,0.0,0.05223880597014925,0.0
hier_clust,2,10,centroid,True,1855,7520,0.2466755319148936,0.0,0.0,0.9927048260381593,0.0036310820624546117,0.38613861386138615,0.0,0.0,0.022388059701492536,0.0
hier_clust,2,12,weighted,True,1855,7520,0.2466755319148936,0.0,0.0,0.9960718294051627,0.0036310820624546117,0.3564356435643564,0.0,0.0,0.022388059701492536,0.0
hier_clust,False,85,median,True,1855,7520,0.2466755319148936,0.0,0.0008764241893076249,1.0,0.023238925199709513,0.13366336633663367,0.4166666666666667,0.0,0.03731343283582089,0.002161383285302594
hier_clust,20,78,centroid,True,1855,7520,0.2466755319148936,0.0,0.0008764241893076249,0.9988776655443322,0.020334059549745823,0.1782178217821782,0.3333333333333333,0.0,0.029850746268656716,0.001440922190201729
hier_clust,2,11,weighted,True,1855,7520,0.2466755319148936,0.0,0.0,0.9960718294051627,0.0036310820624546117,0.3564356435643564,0.0,0.0,0.022388059701492536,0.0
hier_clust,2,9,centroid,True,1855,7520,0.2466755319148936,0.0,0.0,0.9927048260381593,0.0036310820624546117,0.38613861386138615,0.0,0.0,0.022388059701492536,0.0
hier_clust,5,67,single,False,1855,7520,0.2466755319148936,0.0,0.0,0.9988776655443322,0.026870007262164125,0.14356435643564355,0.4166666666666667,0.029411764705882353,0.014925373134328358,0.0007204610951008645
hier_clust,4,85,single,True,1854,7520,0.24654255319148935,0.0,0.0008764241893076249,0.9988776655443322,0.015250544662309368,0.17326732673267325,0.3333333333333333,0.058823529411764705,0.05223880597014925,0.002881844380403458
hier_clust,False,61,average,False,1854,7520,0.24654255319148935,0.0,0.0,1.0,0.01888162672476398,0.18811881188118812,0.4166666666666667,0.029411764705882353,0.0,0.001440922190201729
hier_clust,5,15,complete,True,1854,7520,0.24654255319148935,0.0,0.0,0.9943883277216611,0.0036310820624546117,0.35148514851485146,0.08333333333333333,0.0,0.03731343283582089,0.0
hier_clust,5,14,complete,True,1854,7520,0.24654255319148935,0.0,0.0,0.9943883277216611,0.0036310820624546117,0.35148514851485146,0.08333333333333333,0.0,0.03731343283582089,0.0
hier_clust,20,61,average,True,1854,7520,0.24654255319148935,0.0,0.0008764241893076249,0.9988776655443322,0.014524328249818447,0.20297029702970298,0.3333333333333333,0.0,0.04477611940298507,0.001440922190201729
hier_clust,False,92,single,True,1854,7520,0.24654255319148935,0.0,0.0008764241893076249,1.0,0.02251270878721859,0.12376237623762376,0.5,0.029411764705882353,0.03731343283582089,0.002161383285302594
hier_clust,False,78,single,False,1854,7520,0.24654255319148935,0.0,0.0,1.0,0.015250544662309368,0.2079207920792079,0.5833333333333334,0.058823529411764705,0.0,0.0
hier_clust,2,67,single,False,1854,7520,0.24654255319148935,0.0,0.0,0.9971941638608305,0.03631082062454612,0.0594059405940594,0.16666666666666666,0.058823529411764705,0.08208955223880597,0.0
hier_clust,4,5,average,False,1854,7520,0.24654255319148935,0.0,0.0,0.9842873176206509,0.05374001452432825,0.12871287128712872,0.0,0.0,0.0,0.0
hier_clust,4,67,single,False,1854,7520,0.24654255319148935,0.0,0.0,0.999438832772166,0.026870007262164125,0.1188118811881188,0.3333333333333333,0.058823529411764705,0.029850746268656716,0.001440922190201729
hier_clust,5,13,complete,True,1853,7520,0.24640957446808512,0.0,0.0,0.9943883277216611,0.0036310820624546117,0.35148514851485146,0.0,0.0,0.03731343283582089,0.0
hier_clust,5,38,centroid,True,1853,7520,0.24640957446808512,0.0,0.0008764241893076249,0.9932659932659933,0.024691358024691357,0.2079207920792079,0.08333333333333333,0.0,0.022388059701492536,0.001440922190201729
hier_clust,5,41,centroid,True,1853,7520,0.24640957446808512,0.0,0.0008764241893076249,0.9949494949494949,0.02251270878721859,0.2079207920792079,0.08333333333333333,0.0,0.022388059701492536,0.001440922190201729
hier_clust,20,72,single,False,1853,7520,0.24640957446808512,0.000689655172413793,0.0,1.0,0.02251270878721859,0.1485148514851485,0.3333333333333333,0.058823529411764705,0.0,0.002161383285302594
hier_clust,False,92,average,True,1853,7520,0.24640957446808512,0.0,0.0008764241893076249,1.0,0.02251270878721859,0.12871287128712872,0.3333333333333333,0.029411764705882353,0.03731343283582089,0.002161383285302594
hier_clust,5,85,single,True,1853,7520,0.24640957446808512,0.0,0.0008764241893076249,0.9983164983164983,0.013798111837327523,0.18811881188118812,0.25,0.058823529411764705,0.05223880597014925,0.002881844380403458
hier_clust,False,92,centroid,True,1853,7520,0.24640957446808512,0.0,0.0008764241893076249,1.0,0.02251270878721859,0.12871287128712872,0.3333333333333333,0.029411764705882353,0.03731343283582089,0.002161383285302594
hier_clust,5,61,single,False,1852,7520,0.24627659574468086,0.0,0.0,0.9988776655443322,0.024691358024691357,0.14356435643564355,0.4166666666666667,0.029411764705882353,0.014925373134328358,0.0007204610951008645
hier_clust,2,8,centroid,True,1852,7520,0.24627659574468086,0.0,0.0,0.9927048260381593,0.0036310820624546117,0.38613861386138615,0.0,0.0,0.0,0.0
hier_clust,3,78,single,True,1852,7520,0.24627659574468086,0.0,0.0008764241893076249,1.0,0.013798111837327523,0.18811881188118812,0.25,0.029411764705882353,0.029850746268656716,0.002881844380403458
hier_clust,10,4,complete,False,1852,7520,0.24627659574468086,0.0,0.0,0.9859708193041526,0.04647785039941903,0.15346534653465346,0.0,0.0,0.0,0.0
hier_clust,10,3,complete,False,1852,7520,0.24627659574468086,0.0,0.0,0.9859708193041526,0.04647785039941903,0.15346534653465346,0.0,0.0,0.0,0.0
hier_clust,3,3,complete,False,1852,7520,0.24627659574468086,0.0,0.0,0.9612794612794613,0.04429920116194626,0.0,0.0,0.0,0.0,0.056195965417867436
hier_clust,10,67,single,False,1852,7520,0.24627659574468086,0.000689655172413793,0.0,1.0,0.025417574437182282,0.12376237623762376,0.4166666666666667,0.058823529411764705,0.007462686567164179,0.0007204610951008645
hier_clust,10,85,single,True,1851,7520,0.2461436170212766,0.0,0.0008764241893076249,1.0,0.01815541031227306,0.14356435643564355,0.3333333333333333,0.029411764705882353,0.03731343283582089,0.002881844380403458
hier_clust,3,67,single,False,1851,7520,0.2461436170212766,0.0,0.0,1.0,0.023238925199709513,0.12376237623762376,0.4166666666666667,0.058823529411764705,0.029850746268656716,0.0007204610951008645
hier_clust,20,57,average,True,1851,7520,0.2461436170212766,0.0,0.0008764241893076249,0.9988776655443322,0.013071895424836602,0.20297029702970298,0.25,0.0,0.04477611940298507,0.001440922190201729
hier_clust,4,4,average,False,1851,7520,0.2461436170212766,0.0,0.0,0.9842873176206509,0.07044299201161947,0.0,0.0,0.0,0.0,0.0
hier_clust,3,17,weighted,True,1850,7520,0.24601063829787234,0.0,0.0,0.9949494949494949,0.004357298474945534,0.3316831683168317,0.08333333333333333,0.0,0.022388059701492536,0.0
hier_clust,20,85,single,True,1850,7520,0.24601063829787234,0.0,0.0008764241893076249,0.999438832772166,0.01815541031227306,0.13861386138613863,0.3333333333333333,0.0,0.05223880597014925,0.002881844380403458
hier_clust,False,78,weighted,True,1850,7520,0.24601063829787234,0.0,0.0008764241893076249,0.9966329966329966,0.026870007262164125,0.12871287128712872,0.3333333333333333,0.0,0.029850746268656716,0.001440922190201729
hier_clust,4,78,single,True,1850,7520,0.24601063829787234,0.0,0.0008764241893076249,0.9983164983164983,0.014524328249818447,0.16336633663366337,0.3333333333333333,0.058823529411764705,0.05223880597014925,0.002881844380403458
hier_clust,20,67,single,False,1850,7520,0.24601063829787234,0.000689655172413793,0.0,1.0,0.02178649237472767,0.14356435643564355,0.3333333333333333,0.058823529411764705,0.0,0.001440922190201729
hier_clust,False,72,complete,True,1850,7520,0.24601063829787234,0.0,0.0008764241893076249,0.9938271604938271,0.026870007262164125,0.16336633663366337,0.25,0.0,0.029850746268656716,0.0007204610951008645
hier_clust,5,8,centroid,False,1849,7520,0.24587765957446808,0.0,0.0,0.9736251402918069,0.03848946986201888,0.0049504950495049506,0.0,0.0,0.44776119402985076,0.0
hier_clust,False,72,single,False,1849,7520,0.24587765957446808,0.0,0.0,1.0,0.013071895424836602,0.19801980198019803,0.5833333333333334,0.058823529411764705,0.0,0.0
hier_clust,False,85,centroid,True,1849,7520,0.24587765957446808,0.0,0.0008764241893076249,1.0,0.021060275962236745,0.12376237623762376,0.3333333333333333,0.029411764705882353,0.029850746268656716,0.002161383285302594
hier_clust,False,85,average,True,1849,7520,0.24587765957446808,0.0,0.0008764241893076249,1.0,0.021060275962236745,0.12376237623762376,0.3333333333333333,0.029411764705882353,0.029850746268656716,0.002161383285302594
hier_clust,10,23,complete,True,1849,7520,0.24587765957446808,0.0,0.0,0.9960718294051627,0.005809731299927378,0.27722772277227725,0.25,0.0,0.05223880597014925,0.0
hier_clust,False,67,centroid,False,1848,7520,0.24574468085106382,0.0,0.0,1.0,0.01670297748729121,0.1782178217821782,0.5,0.0,0.0,0.0007204610951008645
hier_clust,3,72,single,True,1848,7520,0.24574468085106382,0.0,0.0008764241893076249,1.0,0.011619462599854757,0.18316831683168316,0.25,0.029411764705882353,0.029850746268656716,0.002881844380403458
hier_clust,False,78,median,True,1848,7520,0.24574468085106382,0.0,0.0008764241893076249,1.0,0.021060275962236745,0.1188118811881188,0.4166666666666667,0.0,0.03731343283582089,0.001440922190201729
hier_clust,False,72,weighted,True,1848,7520,0.24574468085106382,0.0,0.0008764241893076249,0.9966329966329966,0.025417574437182282,0.12871287128712872,0.3333333333333333,0.0,0.029850746268656716,0.001440922190201729
hier_clust,False,72,median,True,1848,7520,0.24574468085106382,0.0,0.0008764241893076249,1.0,0.021060275962236745,0.1188118811881188,0.4166666666666667,0.0,0.03731343283582089,0.001440922190201729
hier_clust,5,78,single,True,1848,7520,0.24574468085106382,0.0,0.0008764241893076249,1.0,0.013071895424836602,0.16831683168316833,0.25,0.058823529411764705,0.029850746268656716,0.002881844380403458
hier_clust,False,57,average,False,1848,7520,0.24574468085106382,0.0,0.0,1.0,0.014524328249818447,0.18811881188118812,0.4166666666666667,0.029411764705882353,0.0,0.001440922190201729
hier_clust,3,15,weighted,True,1848,7520,0.24574468085106382,0.0,0.0,0.9949494949494949,0.004357298474945534,0.3217821782178218,0.08333333333333333,0.0,0.022388059701492536,0.0
hier_clust,10,61,single,False,1848,7520,0.24574468085106382,0.000689655172413793,0.0,1.0,0.023965141612200435,0.1188118811881188,0.3333333333333333,0.058823529411764705,0.007462686567164179,0.0007204610951008645
hier_clust,3,13,weighted,True,1848,7520,0.24574468085106382,0.0,0.0,0.9938271604938271,0.005809731299927378,0.3217821782178218,0.08333333333333333,0.0,0.022388059701492536,0.0
hier_clust,3,14,weighted,True,1848,7520,0.24574468085106382,0.0,0.0,0.9949494949494949,0.004357298474945534,0.3217821782178218,0.08333333333333333,0.0,0.022388059701492536,0.0
hier_clust,20,41,centroid,False,1848,7520,0.24574468085106382,0.0,0.0,1.0,0.02251270878721859,0.16336633663366337,0.16666666666666666,0.0,0.0,0.0
hier_clust,10,21,complete,True,1848,7520,0.24574468085106382,0.0,0.0,0.9960718294051627,0.005083514887436456,0.27722772277227725,0.25,0.0,0.05223880597014925,0.0
hier_clust,3,2,weighted,False,1848,7520,0.24574468085106382,0.0,0.0,0.9955106621773289,0.05374001452432825,0.0,0.0,0.0,0.0,0.0
hier_clust,4,17,complete,True,1848,7520,0.24574468085106382,0.0,0.0,0.9960718294051627,0.005083514887436456,0.3118811881188119,0.08333333333333333,0.0,0.014925373134328358,0.0
hier_clust,5,57,single,False,1847,7520,0.24561170212765956,0.0,0.0,0.9988776655443322,0.023238925199709513,0.13861386138613863,0.25,0.029411764705882353,0.014925373134328358,0.0007204610951008645
hier_clust,4,61,single,False,1847,7520,0.24561170212765956,0.0,0.0,0.999438832772166,0.02178649237472767,0.1188118811881188,0.3333333333333333,0.058823529411764705,0.029850746268656716,0.001440922190201729
hier_clust,2,72,single,True,1847,7520,0.24561170212765956,0.0,0.0008764241893076249,0.9977553310886644,0.013071895424836602,0.19306930693069307,0.16666666666666666,0.058823529411764705,0.029850746268656716,0.002161383285302594
hier_clust,False,85,single,True,1847,7520,0.24561170212765956,0.0,0.0008764241893076249,1.0,0.02178649237472767,0.11386138613861387,0.3333333333333333,0.0,0.029850746268656716,0.002161383285302594
hier_clust,3,61,single,False,1847,7520,0.24561170212765956,0.0,0.0,1.0,0.02178649237472767,0.12376237623762376,0.3333333333333333,0.058823529411764705,0.022388059701492536,0.0007204610951008645
hier_clust,False,67,complete,True,1847,7520,0.24561170212765956,0.0,0.0008764241893076249,0.9938271604938271,0.024691358024691357,0.16336633663366337,0.25,0.0,0.029850746268656716,0.0007204610951008645
hier_clust,False,67,single,False,1846,7520,0.2454787234042553,0.0,0.0,1.0,0.012345679012345678,0.18811881188118812,0.5833333333333334,0.058823529411764705,0.0,0.0
hier_clust,4,14,complete,True,1846,7520,0.2454787234042553,0.0,0.0,0.9966329966329966,0.0036310820624546117,0.3118811881188119,0.0,0.0,0.014925373134328358,0.0
hier_clust,10,52,centroid,True,1846,7520,0.2454787234042553,0.0,0.0008764241893076249,0.9915824915824916,0.034858387799564274,0.09900990099009901,0.25,0.0,0.029850746268656716,0.002161383285302594
hier_clust,20,67,centroid,True,1846,7520,0.2454787234042553,0.0,0.0008764241893076249,0.9971941638608305,0.01815541031227306,0.16336633663366337,0.3333333333333333,0.0,0.029850746268656716,0.001440922190201729
hier_clust,4,15,complete,True,1846,7520,0.2454787234042553,0.0,0.0,0.9966329966329966,0.0036310820624546117,0.3118811881188119,0.0,0.0,0.014925373134328358,0.0
hier_clust,20,72,centroid,True,1846,7520,0.2454787234042553,0.0,0.0008764241893076249,0.9971941638608305,0.01815541031227306,0.16336633663366337,0.3333333333333333,0.0,0.029850746268656716,0.001440922190201729
hier_clust,10,57,single,False,1845,7520,0.24534574468085107,0.000689655172413793,0.0,1.0,0.02251270878721859,0.1188118811881188,0.25,0.058823529411764705,0.007462686567164179,0.0007204610951008645
hier_clust,5,35,centroid,True,1845,7520,0.24534574468085107,0.0,0.0008764241893076249,0.9932659932659933,0.013071895424836602,0.2524752475247525,0.08333333333333333,0.0,0.022388059701492536,0.0007204610951008645
hier_clust,5,7,average,False,1845,7520,0.24534574468085107,0.0,0.0,0.9758698092031426,0.06899055918663761,0.054455445544554455,0.0,0.0,0.0,0.0
hier_clust,10,78,single,True,1845,7520,0.24534574468085107,0.0,0.0008764241893076249,1.0,0.01670297748729121,0.12871287128712872,0.3333333333333333,0.0,0.03731343283582089,0.002881844380403458
hier_clust,5,6,average,False,1845,7520,0.24534574468085107,0.0,0.0,0.9758698092031426,0.06899055918663761,0.054455445544554455,0.0,0.0,0.0,0.0
hier_clust,20,38,centroid,False,1845,7520,0.24534574468085107,0.0,0.0,1.0,0.021060275962236745,0.15841584158415842,0.16666666666666666,0.0,0.0,0.0
hier_clust,3,11,weighted,True,1845,7520,0.24534574468085107,0.0,0.0,0.9938271604938271,0.005809731299927378,0.3217821782178218,0.08333333333333333,0.0,0.0,0.0
hier_clust,10,48,centroid,True,1845,7520,0.24534574468085107,0.0,0.0008764241893076249,0.9915824915824916,0.034858387799564274,0.09900990099009901,0.16666666666666666,0.0,0.029850746268656716,0.002161383285302594
hier_clust,3,12,weighted,True,1845,7520,0.24534574468085107,0.0,0.0,0.9938271604938271,0.005809731299927378,0.3217821782178218,0.08333333333333333,0.0,0.0,0.0
hier_clust,False,52,average,False,1844,7520,0.24521276595744682,0.0,0.0,0.999438832772166,0.014524328249818447,0.17326732673267325,0.4166666666666667,0.029411764705882353,0.0,0.001440922190201729
hier_clust,4,72,single,True,1844,7520,0.24521276595744682,0.0,0.0008764241893076249,1.0,0.012345679012345678,0.15346534653465346,0.25,0.058823529411764705,0.029850746268656716,0.002881844380403458
hier_clust,4,57,single,False,1844,7520,0.24521276595744682,0.0,0.0,0.9988776655443322,0.02178649237472767,0.11386138613861387,0.3333333333333333,0.058823529411764705,0.029850746268656716,0.0007204610951008645
hier_clust,3,67,single,True,1844,7520,0.24521276595744682,0.0,0.0008764241893076249,1.0,0.00944081336238199,0.1782178217821782,0.25,0.029411764705882353,0.029850746268656716,0.002881844380403458
hier_clust,False,52,median,False,1844,7520,0.24521276595744682,0.0,0.0,1.0,0.014524328249818447,0.1782178217821782,0.5,0.0,0.0,0.0
hier_clust,False,78,centroid,True,1844,7520,0.24521276595744682,0.0,0.0008764241893076249,1.0,0.01888162672476398,0.1188118811881188,0.3333333333333333,0.0,0.029850746268656716,0.002161383285302594
hier_clust,False,67,weighted,True,1844,7520,0.24521276595744682,0.0,0.0008764241893076249,0.9966329966329966,0.023238925199709513,0.12871287128712872,0.3333333333333333,0.0,0.029850746268656716,0.0007204610951008645
hier_clust,20,61,centroid,True,1844,7520,0.24521276595744682,0.0,0.0008764241893076249,0.9971941638608305,0.01815541031227306,0.15346534653465346,0.3333333333333333,0.0,0.029850746268656716,0.001440922190201729
hier_clust,10,52,single,False,1843,7520,0.24507978723404256,0.000689655172413793,0.0,1.0,0.02178649237472767,0.1188118811881188,0.16666666666666666,0.058823529411764705,0.007462686567164179,0.0007204610951008645
hier_clust,3,57,single,False,1843,7520,0.24507978723404256,0.0,0.0,1.0,0.021060275962236745,0.1188118811881188,0.25,0.058823529411764705,0.022388059701492536,0.0
hier_clust,False,78,average,True,1843,7520,0.24507978723404256,0.0,0.0008764241893076249,1.0,0.01815541031227306,0.1188118811881188,0.3333333333333333,0.0,0.029850746268656716,0.002161383285302594
hier_clust,20,61,single,False,1843,7520,0.24507978723404256,0.0,0.0,1.0,0.01888162672476398,0.13366336633663367,0.3333333333333333,0.058823529411764705,0.0,0.001440922190201729
hier_clust,20,78,single,True,1843,7520,0.24507978723404256,0.0,0.0008764241893076249,0.999438832772166,0.015250544662309368,0.12376237623762376,0.3333333333333333,0.0,0.05223880597014925,0.002881844380403458
hier_clust,5,5,average,False,1843,7520,0.24507978723404256,0.0,0.0,0.9758698092031426,0.07552650689905592,0.0,0.0,0.0,0.0,0.0
hier_clust,10,5,average,False,1842,7520,0.2449468085106383,0.0,0.0,0.9960718294051627,0.024691358024691357,0.16336633663366337,0.0,0.0,0.0,0.0
hier_clust,2,67,single,True,1842,7520,0.2449468085106383,0.0,0.0008764241893076249,1.0,0.011619462599854757,0.15841584158415842,0.16666666666666666,0.058823529411764705,0.029850746268656716,0.002161383285302594
hier_clust,False,48,median,False,1842,7520,0.2449468085106383,0.0,0.0,1.0,0.014524328249818447,0.16831683168316833,0.5,0.0,0.0,0.0
hier_clust,False,78,single,True,1842,7520,0.2449468085106383,0.0,0.0008764241893076249,1.0,0.0196078431372549,0.10891089108910891,0.3333333333333333,0.0,0.029850746268656716,0.001440922190201729
hier_clust,10,4,average,False,1842,7520,0.2449468085106383,0.0,0.0,0.9960718294051627,0.024691358024691357,0.16336633663366337,0.0,0.0,0.0,0.0
hier_clust,False,61,complete,True,1841,7520,0.24481382978723404,0.0,0.0008764241893076249,0.9943883277216611,0.024691358024691357,0.12871287128712872,0.25,0.0,0.029850746268656716,0.0007204610951008645
hier_clust,4,67,single,True,1841,7520,0.24481382978723404,0.0,0.0008764241893076249,1.0,0.010167029774872912,0.15346534653465346,0.25,0.058823529411764705,0.029850746268656716,0.002881844380403458
hier_clust,2,61,single,False,1841,7520,0.24481382978723404,0.0,0.0,0.9983164983164983,0.029048656499636893,0.0594059405940594,0.16666666666666666,0.058823529411764705,0.04477611940298507,0.0
hier_clust,5,2,complete,False,1841,7520,0.24481382978723404,0.0,0.0,0.9915824915824916,0.05374001452432825,0.0,0.0,0.0,0.0,0.0
hier_clust,False,57,complete,True,1840,7520,0.24468085106382978,0.0,0.0008764241893076249,0.9943883277216611,0.023965141612200435,0.12871287128712872,0.25,0.0,0.029850746268656716,0.0007204610951008645
hier_clust,4,52,single,False,1840,7520,0.24468085106382978,0.0,0.0,0.9988776655443322,0.0196078431372549,0.11386138613861387,0.25,0.058823529411764705,0.029850746268656716,0.0007204610951008645
hier_clust,5,72,single,True,1840,7520,0.24468085106382978,0.0,0.0008764241893076249,1.0,0.011619462599854757,0.14356435643564355,0.16666666666666666,0.058823529411764705,0.029850746268656716,0.002881844380403458
hier_clust,20,57,centroid,True,1840,7520,0.24468085106382978,0.0,0.0008764241893076249,0.9971941638608305,0.017429193899782137,0.13861386138613863,0.3333333333333333,0.0,0.029850746268656716,0.001440922190201729
hier_clust,5,35,average,True,1840,7520,0.24468085106382978,0.0,0.0008764241893076249,0.9988776655443322,0.014524328249818447,0.16831683168316833,0.08333333333333333,0.0,0.022388059701492536,0.0007204610951008645
hier_clust,3,61,single,True,1840,7520,0.24468085106382978,0.0,0.0,1.0,0.00944081336238199,0.16336633663366337,0.25,0.029411764705882353,0.029850746268656716,0.002881844380403458
hier_clust,False,61,single,False,1839,7520,0.24454787234042552,0.0,0.0,1.0,0.011619462599854757,0.16336633663366337,0.5,0.058823529411764705,0.0,0.0
hier_clust,20,52,centroid,True,1839,7520,0.24454787234042552,0.0,0.0008764241893076249,0.9983164983164983,0.014524328249818447,0.14356435643564355,0.3333333333333333,0.0,0.029850746268656716,0.001440922190201729
hier_clust,False,61,centroid,False,1839,7520,0.24454787234042552,0.0,0.0,1.0,0.014524328249818447,0.1485148514851485,0.5,0.0,0.0,0.0007204610951008645
hier_clust,10,45,average,True,1839,7520,0.24454787234042552,0.0,0.0008764241893076249,0.9971941638608305,0.010167029774872912,0.18811881188118812,0.16666666666666666,0.0,0.029850746268656716,0.002161383285302594
hier_clust,20,57,single,False,1839,7520,0.24454787234042552,0.0,0.0,1.0,0.01815541031227306,0.12871287128712872,0.25,0.058823529411764705,0.0,0.0007204610951008645
hier_clust,2,61,single,True,1839,7520,0.24454787234042552,0.0,0.0008764241893076249,1.0,0.010893246187363835,0.1485148514851485,0.16666666666666666,0.058823529411764705,0.029850746268656716,0.002161383285302594
hier_clust,10,48,single,False,1839,7520,0.24454787234042552,0.000689655172413793,0.0,1.0,0.021060275962236745,0.1188118811881188,0.16666666666666666,0.0,0.007462686567164179,0.0
hier_clust,5,32,average,True,1839,7520,0.24454787234042552,0.0,0.0008764241893076249,0.9988776655443322,0.013071895424836602,0.17326732673267325,0.08333333333333333,0.0,0.022388059701492536,0.0007204610951008645
hier_clust,2,9,complete,True,1839,7520,0.24454787234042552,0.0,0.0,0.9943883277216611,0.0036310820624546117,0.29207920792079206,0.0,0.0,0.022388059701492536,0.0
hier_clust,10,72,single,True,1838,7520,0.2444148936170213,0.0,0.0008764241893076249,1.0,0.013071895424836602,0.1188118811881188,0.3333333333333333,0.0,0.03731343283582089,0.002881844380403458
hier_clust,10,41,average,True,1838,7520,0.2444148936170213,0.0,0.0008764241893076249,0.9971941638608305,0.010167029774872912,0.18811881188118812,0.16666666666666666,0.0,0.029850746268656716,0.001440922190201729
hier_clust,False,72,average,True,1838,7520,0.2444148936170213,0.0,0.0008764241893076249,1.0,0.01670297748729121,0.10891089108910891,0.3333333333333333,0.0,0.029850746268656716,0.001440922190201729
hier_clust,3,2,complete,False,1838,7520,0.2444148936170213,0.0,0.0,0.9971941638608305,0.04429920116194626,0.0,0.0,0.0,0.0,0.0
hier_clust,False,72,centroid,True,1837,7520,0.24428191489361703,0.0,0.0008764241893076249,1.0,0.01670297748729121,0.10396039603960396,0.3333333333333333,0.0,0.029850746268656716,0.001440922190201729
hier_clust,20,72,single,True,1837,7520,0.24428191489361703,0.0,0.0008764241893076249,0.999438832772166,0.013798111837327523,0.10891089108910891,0.3333333333333333,0.0,0.05223880597014925,0.002161383285302594
hier_clust,5,4,average,False,1837,7520,0.24428191489361703,0.0,0.0,0.9983164983164983,0.04212055192447349,0.0,0.0,0.0,0.0,0.0
hier_clust,2,57,single,False,1837,7520,0.24428191489361703,0.0,0.0,0.9983164983164983,0.026143790849673203,0.0594059405940594,0.16666666666666666,0.058823529411764705,0.04477611940298507,0.0
hier_clust,False,72,single,True,1837,7520,0.24428191489361703,0.0,0.0008764241893076249,1.0,0.01670297748729121,0.10396039603960396,0.3333333333333333,0.0,0.029850746268656716,0.001440922190201729
hier_clust,4,61,single,True,1837,7520,0.24428191489361703,0.0,0.0008764241893076249,1.0,0.010167029774872912,0.14356435643564355,0.16666666666666666,0.058823529411764705,0.029850746268656716,0.002161383285302594
hier_clust,3,52,single,False,1837,7520,0.24428191489361703,0.0,0.0,1.0,0.020334059549745823,0.09405940594059406,0.25,0.058823529411764705,0.022388059701492536,0.0
hier_clust,10,38,average,True,1837,7520,0.24428191489361703,0.0,0.0,0.9971941638608305,0.010167029774872912,0.18811881188118812,0.16666666666666666,0.0,0.029850746268656716,0.001440922190201729
hier_clust,False,57,single,False,1837,7520,0.24428191489361703,0.0,0.0,1.0,0.011619462599854757,0.15346534653465346,0.5,0.058823529411764705,0.0,0.0
hier_clust,False,48,average,False,1837,7520,0.24428191489361703,0.0,0.0,0.999438832772166,0.010893246187363835,0.17326732673267325,0.4166666666666667,0.029411764705882353,0.0,0.0
hier_clust,20,15,median,False,1836,7520,0.24414893617021277,0.0,0.0,0.9988776655443322,0.03558460421205519,0.0297029702970297,0.08333333333333333,0.0,0.0,0.0
hier_clust,3,57,single,True,1836,7520,0.24414893617021277,0.0,0.0,1.0,0.00944081336238199,0.1485148514851485,0.16666666666666666,0.029411764705882353,0.029850746268656716,0.002881844380403458
hier_clust,False,45,median,False,1836,7520,0.24414893617021277,0.0,0.0,1.0,0.012345679012345678,0.15346534653465346,0.5,0.0,0.0,0.0
hier_clust,20,52,average,True,1836,7520,0.24414893617021277,0.0,0.0008764241893076249,0.9988776655443322,0.010893246187363835,0.14356435643564355,0.25,0.0,0.04477611940298507,0.001440922190201729
hier_clust,2,57,single,True,1836,7520,0.24414893617021277,0.0,0.0008764241893076249,1.0,0.010167029774872912,0.13861386138613863,0.16666666666666666,0.058823529411764705,0.029850746268656716,0.002161383285302594
hier_clust,3,4,average,False,1836,7520,0.24414893617021277,0.0,0.0,0.9747474747474747,0.03195352214960058,0.0,0.0,0.0,0.41044776119402987,0.0
hier_clust,5,52,single,False,1836,7520,0.24414893617021277,0.0,0.0,0.999438832772166,0.021060275962236745,0.11386138613861387,0.08333333333333333,0.029411764705882353,0.0,0.0007204610951008645
hier_clust,False,61,weighted,True,1836,7520,0.24414893617021277,0.0,0.0008764241893076249,0.9988776655443322,0.015250544662309368,0.12871287128712872,0.25,0.0,0.029850746268656716,0.0007204610951008645
hier_clust,3,3,average,False,1836,7520,0.24414893617021277,0.0,0.0,0.9747474747474747,0.03195352214960058,0.0,0.0,0.0,0.41044776119402987,0.0
hier_clust,5,32,centroid,True,1836,7520,0.24414893617021277,0.0,0.0008764241893076249,0.9938271604938271,0.01888162672476398,0.16336633663366337,0.08333333333333333,0.0,0.022388059701492536,0.0007204610951008645
hier_clust,False,57,centroid,False,1836,7520,0.24414893617021277,0.0,0.0,1.0,0.013071895424836602,0.14356435643564355,0.5,0.0,0.0,0.0007204610951008645
hier_clust,2,6,complete,True,1836,7520,0.24414893617021277,0.0,0.0,0.9943883277216611,0.0036310820624546117,0.29207920792079206,0.0,0.0,0.0,0.0
hier_clust,2,7,complete,True,1836,7520,0.24414893617021277,0.0,0.0,0.9943883277216611,0.0036310820624546117,0.29207920792079206,0.0,0.0,0.0,0.0
hier_clust,2,8,complete,True,1836,7520,0.24414893617021277,0.0,0.0,0.9943883277216611,0.0036310820624546117,0.29207920792079206,0.0,0.0,0.0,0.0
hier_clust,3,48,single,False,1836,7520,0.24414893617021277,0.0,0.0,0.999438832772166,0.021060275962236745,0.0891089108910891,0.25,0.058823529411764705,0.022388059701492536,0.0
hier_clust,20,52,single,False,1836,7520,0.24414893617021277,0.0,0.0,1.0,0.017429193899782137,0.12376237623762376,0.16666666666666666,0.058823529411764705,0.0,0.0007204610951008645
hier_clust,False,45,average,False,1835,7520,0.2440159574468085,0.0,0.0,1.0,0.00944081336238199,0.16831683168316833,0.4166666666666667,0.029411764705882353,0.0,0.0
hier_clust,False,52,complete,True,1835,7520,0.2440159574468085,0.0,0.0008764241893076249,0.9943883277216611,0.02251270878721859,0.1188118811881188,0.16666666666666666,0.0,0.029850746268656716,0.0007204610951008645
hier_clust,10,67,single,True,1835,7520,0.2440159574468085,0.0,0.0008764241893076249,1.0,0.010893246187363835,0.1188118811881188,0.3333333333333333,0.0,0.03731343283582089,0.002881844380403458
hier_clust,10,45,single,False,1835,7520,0.2440159574468085,0.000689655172413793,0.0,1.0,0.0196078431372549,0.11386138613861387,0.16666666666666666,0.0,0.0,0.0
hier_clust,20,13,median,False,1835,7520,0.2440159574468085,0.0,0.0,0.9988776655443322,0.03558460421205519,0.0297029702970297,0.0,0.0,0.0,0.0
hier_clust,4,48,single,False,1835,7520,0.2440159574468085,0.0,0.0,0.9988776655443322,0.0196078431372549,0.09405940594059406,0.25,0.058823529411764705,0.022388059701492536,0.0007204610951008645
hier_clust,5,30,centroid,True,1835,7520,0.2440159574468085,0.0,0.0008764241893076249,0.9932659932659933,0.005809731299927378,0.2524752475247525,0.08333333333333333,0.0,0.022388059701492536,0.0007204610951008645
hier_clust,20,14,median,False,1835,7520,0.2440159574468085,0.0,0.0,0.9988776655443322,0.03558460421205519,0.0297029702970297,0.0,0.0,0.0,0.0
hier_clust,5,67,single,True,1835,7520,0.2440159574468085,0.0,0.0008764241893076249,1.0,0.010167029774872912,0.12871287128712872,0.16666666666666666,0.058823529411764705,0.029850746268656716,0.002881844380403458
hier_clust,20,67,single,True,1835,7520,0.2440159574468085,0.0,0.0008764241893076249,1.0,0.013798111837327523,0.10396039603960396,0.3333333333333333,0.0,0.03731343283582089,0.002161383285302594
hier_clust,False,57,weighted,True,1835,7520,0.2440159574468085,0.0,0.0008764241893076249,0.9988776655443322,0.014524328249818447,0.12871287128712872,0.25,0.0,0.029850746268656716,0.0007204610951008645
hier_clust,False,67,median,True,1834,7520,0.24388297872340425,0.0,0.0008764241893076249,1.0,0.017429193899782137,0.08415841584158416,0.3333333333333333,0.0,0.029850746268656716,0.001440922190201729
hier_clust,4,2,average,False,1834,7520,0.24388297872340425,0.0,0.0,0.9977553310886644,0.04066811909949165,0.0,0.0,0.0,0.0,0.0
hier_clust,20,57,median,True,1834,7520,0.24388297872340425,0.0,0.0008764241893076249,0.9988776655443322,0.010893246187363835,0.13366336633663367,0.3333333333333333,0.0,0.029850746268656716,0.002161383285302594
hier_clust,5,27,centroid,True,1834,7520,0.24388297872340425,0.0,0.0,0.9932659932659933,0.006535947712418301,0.2524752475247525,0.08333333333333333,0.0,0.022388059701492536,0.0
hier_clust,4,3,average,False,1834,7520,0.24388297872340425,0.0,0.0,0.9977553310886644,0.04066811909949165,0.0,0.0,0.0,0.0,0.0
hier_clust,2,5,complete,True,1834,7520,0.24388297872340425,0.0,0.0,0.9971941638608305,0.0036310820624546117,0.25742574257425743,0.0,0.0,0.0,0.0
hier_clust,10,35,average,True,1834,7520,0.24388297872340425,0.0,0.0,0.9988776655443322,0.010167029774872912,0.16336633663366337,0.08333333333333333,0.0,0.029850746268656716,0.001440922190201729
hier_clust,20,48,average,True,1834,7520,0.24388297872340425,0.0,0.0,0.9988776655443322,0.010893246187363835,0.1485148514851485,0.25,0.0,0.029850746268656716,0.001440922190201729
hier_clust,False,52,single,False,1834,7520,0.24388297872340425,0.0,0.0,1.0,0.010167029774872912,0.15346534653465346,0.4166666666666667,0.058823529411764705,0.0,0.0
hier_clust,10,32,average,True,1833,7520,0.24375,0.0,0.0,0.9988776655443322,0.010167029774872912,0.16336633663366337,0.08333333333333333,0.0,0.029850746268656716,0.0007204610951008645
hier_clust,4,45,single,False,1833,7520,0.24375,0.0,0.0,0.9988776655443322,0.01888162672476398,0.09405940594059406,0.25,0.029411764705882353,0.022388059701492536,0.0007204610951008645
hier_clust,3,2,centroid,False,1833,7520,0.24375,0.0,0.0,0.9966329966329966,0.04139433551198257,0.0,0.0,0.0,0.0,0.0
hier_clust,False,67,average,True,1833,7520,0.24375,0.0,0.0008764241893076249,1.0,0.015250544662309368,0.09405940594059406,0.3333333333333333,0.0,0.029850746268656716,0.001440922190201729
hier_clust,5,48,single,False,1833,7520,0.24375,0.0,0.0,0.999438832772166,0.020334059549745823,0.10891089108910891,0.08333333333333333,0.0,0.0,0.0007204610951008645
hier_clust,3,3,centroid,False,1833,7520,0.24375,0.0,0.0,0.9966329966329966,0.04139433551198257,0.0,0.0,0.0,0.0,0.0
hier_clust,2,52,single,True,1833,7520,0.24375,0.0,0.0008764241893076249,1.0,0.008714596949891068,0.13861386138613863,0.16666666666666666,0.058823529411764705,0.029850746268656716,0.001440922190201729
hier_clust,3,52,single,True,1833,7520,0.24375,0.0,0.0,1.0,0.008714596949891068,0.14356435643564355,0.16666666666666666,0.029411764705882353,0.029850746268656716,0.002161383285302594
hier_clust,5,25,centroid,True,1833,7520,0.24375,0.0,0.0,0.9932659932659933,0.006535947712418301,0.24752475247524752,0.08333333333333333,0.0,0.022388059701492536,0.0
hier_clust,20,48,centroid,True,1832,7520,0.24361702127659574,0.0,0.0008764241893076249,0.9988776655443322,0.010167029774872912,0.13861386138613863,0.25,0.0,0.029850746268656716,0.001440922190201729
hier_clust,2,48,single,True,1832,7520,0.24361702127659574,0.0,0.0008764241893076249,1.0,0.007988380537400145,0.14356435643564355,0.16666666666666666,0.029411764705882353,0.029850746268656716,0.001440922190201729
hier_clust,3,21,median,True,1832,7520,0.24361702127659574,0.0,0.0,0.9955106621773289,0.023238925199709513,0.10891089108910891,0.08333333333333333,0.0,0.022388059701492536,0.0
hier_clust,False,67,single,True,1832,7520,0.24361702127659574,0.0,0.0008764241893076249,1.0,0.01597676107480029,0.08415841584158416,0.3333333333333333,0.0,0.029850746268656716,0.001440922190201729
hier_clust,False,52,weighted,True,1832,7520,0.24361702127659574,0.0,0.0008764241893076249,0.9983164983164983,0.013798111837327523,0.12871287128712872,0.16666666666666666,0.0,0.029850746268656716,0.0007204610951008645
hier_clust,2,52,single,False,1832,7520,0.24361702127659574,0.0,0.0,0.9977553310886644,0.026143790849673203,0.039603960396039604,0.16666666666666666,0.058823529411764705,0.04477611940298507,0.0
hier_clust,False,67,centroid,True,1832,7520,0.24361702127659574,0.0,0.0008764241893076249,1.0,0.015250544662309368,0.0891089108910891,0.3333333333333333,0.0,0.029850746268656716,0.001440922190201729
hier_clust,20,45,average,True,1832,7520,0.24361702127659574,0.0,0.0,0.9988776655443322,0.010893246187363835,0.13861386138613863,0.25,0.0,0.029850746268656716,0.001440922190201729
hier_clust,10,20,centroid,False,1832,7520,0.24361702127659574,0.0,0.0,0.9971941638608305,0.025417574437182282,0.09405940594059406,0.08333333333333333,0.0,0.0,0.0
hier_clust,10,21,centroid,False,1832,7520,0.24361702127659574,0.0,0.0,0.9971941638608305,0.025417574437182282,0.09405940594059406,0.08333333333333333,0.0,0.0,0.0
hier_clust,False,41,average,False,1832,7520,0.24361702127659574,0.0,0.0,1.0,0.00944081336238199,0.15841584158415842,0.3333333333333333,0.029411764705882353,0.0,0.0
hier_clust,10,30,average,True,1832,7520,0.24361702127659574,0.0,0.0,0.9988776655443322,0.010167029774872912,0.15841584158415842,0.08333333333333333,0.0,0.029850746268656716,0.0007204610951008645
hier_clust,5,32,median,True,1831,7520,0.24348404255319148,0.0,0.0,0.9983164983164983,0.017429193899782137,0.11386138613861387,0.08333333333333333,0.0,0.022388059701492536,0.0007204610951008645
hier_clust,3,20,median,True,1831,7520,0.24348404255319148,0.0,0.0,0.9949494949494949,0.023238925199709513,0.10891089108910891,0.08333333333333333,0.0,0.022388059701492536,0.0
hier_clust,4,27,average,True,1831,7520,0.24348404255319148,0.0,0.0,0.9955106621773289,0.005809731299927378,0.22772277227722773,0.08333333333333333,0.0,0.014925373134328358,0.0
hier_clust,False,52,centroid,False,1831,7520,0.24348404255319148,0.0,0.0,1.0,0.010893246187363835,0.13366336633663367,0.5,0.0,0.0,0.0007204610951008645
hier_clust,False,61,median,True,1831,7520,0.24348404255319148,0.0,0.0008764241893076249,1.0,0.01597676107480029,0.07920792079207921,0.3333333333333333,0.0,0.029850746268656716,0.001440922190201729
hier_clust,20,48,single,False,1831,7520,0.24348404255319148,0.0,0.0,1.0,0.014524328249818447,0.1188118811881188,0.16666666666666666,0.058823529411764705,0.0,0.0007204610951008645
hier_clust,5,61,single,True,1831,7520,0.24348404255319148,0.0,0.0008764241893076249,1.0,0.010167029774872912,0.1188118811881188,0.16666666666666666,0.058823529411764705,0.029850746268656716,0.001440922190201729
hier_clust,20,35,centroid,False,1831,7520,0.24348404255319148,0.0,0.0,1.0,0.0196078431372549,0.09900990099009901,0.16666666666666666,0.0,0.0,0.0
hier_clust,10,38,single,False,1831,7520,0.24348404255319148,0.000689655172413793,0.0,1.0,0.01815541031227306,0.10396039603960396,0.16666666666666666,0.0,0.0,0.0
hier_clust,10,41,single,False,1831,7520,0.24348404255319148,0.000689655172413793,0.0,1.0,0.01815541031227306,0.10396039603960396,0.16666666666666666,0.0,0.0,0.0
hier_clust,10,18,centroid,False,1831,7520,0.24348404255319148,0.0,0.0,0.9966329966329966,0.025417574437182282,0.09405940594059406,0.08333333333333333,0.0,0.0,0.0
hier_clust,10,61,single,True,1831,7520,0.24348404255319148,0.0,0.0008764241893076249,1.0,0.00944081336238199,0.10891089108910891,0.3333333333333333,0.0,0.03731343283582089,0.002881844380403458
hier_clust,False,48,single,False,1830,7520,0.24335106382978725,0.0,0.0,1.0,0.008714596949891068,0.1485148514851485,0.4166666666666667,0.029411764705882353,0.0,0.0
hier_clust,10,17,centroid,False,1830,7520,0.24335106382978725,0.0,0.0,0.9966329966329966,0.024691358024691357,0.09405940594059406,0.08333333333333333,0.0,0.0,0.0
hier_clust,3,45,single,False,1830,7520,0.24335106382978725,0.0,0.0,0.999438832772166,0.020334059549745823,0.06435643564356436,0.25,0.058823529411764705,0.022388059701492536,0.0
hier_clust,4,23,average,True,1830,7520,0.24335106382978725,0.0,0.0,0.9949494949494949,0.006535947712418301,0.22277227722772278,0.08333333333333333,0.0,0.014925373134328358,0.0
hier_clust,4,25,average,True,1830,7520,0.24335106382978725,0.0,0.0,0.9955106621773289,0.005809731299927378,0.22277227722772278,0.08333333333333333,0.0,0.014925373134328358,0.0
hier_clust,5,45,single,False,1830,7520,0.24335106382978725,0.0,0.0,0.999438832772166,0.01888162672476398,0.10396039603960396,0.08333333333333333,0.0,0.0,0.0007204610951008645
hier_clust,3,18,median,True,1830,7520,0.24335106382978725,0.0,0.0,0.9949494949494949,0.023238925199709513,0.10396039603960396,0.08333333333333333,0.0,0.022388059701492536,0.0
hier_clust,4,41,single,False,1830,7520,0.24335106382978725,0.0,0.0,0.9983164983164983,0.01888162672476398,0.09405940594059406,0.08333333333333333,0.029411764705882353,0.022388059701492536,0.0007204610951008645
hier_clust,20,32,centroid,False,1830,7520,0.24335106382978725,0.0,0.0,1.0,0.0196078431372549,0.09900990099009901,0.08333333333333333,0.0,0.0,0.0
hier_clust,3,17,median,True,1830,7520,0.24335106382978725,0.0,0.0,0.9949494949494949,0.023238925199709513,0.10396039603960396,0.08333333333333333,0.0,0.022388059701492536,0.0
hier_clust,3,48,single,True,1829,7520,0.243218085106383,0.0,0.0,1.0,0.008714596949891068,0.12376237623762376,0.16666666666666666,0.029411764705882353,0.029850746268656716,0.002161383285302594
hier_clust,5,30,average,True,1829,7520,0.243218085106383,0.0,0.0008764241893076249,0.999438832772166,0.005809731299927378,0.17326732673267325,0.08333333333333333,0.0,0.022388059701492536,0.0
hier_clust,False,38,average,False,1829,7520,0.243218085106383,0.0,0.0,1.0,0.007988380537400145,0.15346534653465346,0.3333333333333333,0.029411764705882353,0.0,0.0
hier_clust,4,21,average,True,1829,7520,0.243218085106383,0.0,0.0,0.9943883277216611,0.005809731299927378,0.2079207920792079,0.08333333333333333,0.0,0.04477611940298507,0.0
hier_clust,2,48,single,False,1829,7520,0.243218085106383,0.0,0.0,0.9988776655443322,0.023238925199709513,0.039603960396039604,0.16666666666666666,0.029411764705882353,0.04477611940298507,0.0
hier_clust,20,45,single,False,1829,7520,0.243218085106383,0.0,0.0,1.0,0.013071895424836602,0.1188118811881188,0.16666666666666666,0.058823529411764705,0.0,0.0007204610951008645
hier_clust,3,41,single,False,1828,7520,0.24308510638297873,0.0,0.0,0.999438832772166,0.01888162672476398,0.06435643564356436,0.25,0.058823529411764705,0.022388059701492536,0.0
hier_clust,10,57,single,True,1828,7520,0.24308510638297873,0.0,0.0008764241893076249,1.0,0.00944081336238199,0.09405940594059406,0.3333333333333333,0.0,0.03731343283582089,0.002881844380403458
hier_clust,2,45,single,True,1828,7520,0.24308510638297873,0.0,0.0008764241893076249,1.0,0.005809731299927378,0.14356435643564355,0.16666666666666666,0.029411764705882353,0.029850746268656716,0.0007204610951008645
hier_clust,5,27,average,True,1828,7520,0.24308510638297873,0.0,0.0,0.999438832772166,0.006535947712418301,0.16831683168316833,0.08333333333333333,0.0,0.022388059701492536,0.0
hier_clust,False,48,complete,True,1828,7520,0.24308510638297873,0.0,0.0008764241893076249,0.9955106621773289,0.01597676107480029,0.1188118811881188,0.16666666666666666,0.0,0.029850746268656716,0.0007204610951008645
hier_clust,20,41,single,False,1828,7520,0.24308510638297873,0.0,0.0,1.0,0.012345679012345678,0.1188118811881188,0.16666666666666666,0.058823529411764705,0.0,0.0007204610951008645
hier_clust,2,2,weighted,False,1828,7520,0.24308510638297873,0.0,0.0,0.9938271604938271,0.04139433551198257,0.0,0.0,0.0,0.0,0.0
hier_clust,20,30,centroid,False,1828,7520,0.24308510638297873,0.0,0.0,1.0,0.01815541031227306,0.09900990099009901,0.08333333333333333,0.0,0.0,0.0
hier_clust,2,3,weighted,False,1828,7520,0.24308510638297873,0.0,0.0,0.9938271604938271,0.04139433551198257,0.0,0.0,0.0,0.0,0.0
hier_clust,10,14,centroid,False,1828,7520,0.24308510638297873,0.0,0.0,0.9966329966329966,0.007988380537400145,0.19801980198019803,0.08333333333333333,0.0,0.0,0.0
hier_clust,10,15,centroid,False,1828,7520,0.24308510638297873,0.0,0.0,0.9966329966329966,0.007988380537400145,0.19801980198019803,0.08333333333333333,0.0,0.0,0.0
hier_clust,4,57,single,True,1828,7520,0.24308510638297873,0.0,0.0008764241893076249,1.0,0.010167029774872912,0.09900990099009901,0.16666666666666666,0.058823529411764705,0.029850746268656716,0.002161383285302594
hier_clust,False,61,average,True,1827,7520,0.24295212765957447,0.0,0.0008764241893076249,1.0,0.015250544662309368,0.06435643564356436,0.3333333333333333,0.0,0.029850746268656716,0.001440922190201729
hier_clust,10,21,median,False,1827,7520,0.24295212765957447,0.0,0.0,0.9949494949494949,0.0196078431372549,0.12871287128712872,0.08333333333333333,0.0,0.0,0.0
hier_clust,False,61,centroid,True,1827,7520,0.24295212765957447,0.0,0.0008764241893076249,1.0,0.015250544662309368,0.06435643564356436,0.3333333333333333,0.0,0.029850746268656716,0.001440922190201729
hier_clust,3,15,median,True,1827,7520,0.24295212765957447,0.0,0.0,0.9955106621773289,0.004357298474945534,0.21287128712871287,0.08333333333333333,0.0,0.022388059701492536,0.0
hier_clust,4,38,single,False,1827,7520,0.24295212765957447,0.0,0.0,0.9983164983164983,0.01815541031227306,0.09405940594059406,0.0,0.029411764705882353,0.014925373134328358,0.0007204610951008645
hier_clust,20,61,single,True,1827,7520,0.24295212765957447,0.0,0.0008764241893076249,1.0,0.011619462599854757,0.08415841584158416,0.3333333333333333,0.0,0.03731343283582089,0.001440922190201729
hier_clust,False,61,single,True,1827,7520,0.24295212765957447,0.0,0.0008764241893076249,1.0,0.015250544662309368,0.06435643564356436,0.3333333333333333,0.0,0.029850746268656716,0.001440922190201729
hier_clust,10,13,centroid,False,1827,7520,0.24295212765957447,0.0,0.0,0.9966329966329966,0.007988380537400145,0.19801980198019803,0.0,0.0,0.0,0.0
hier_clust,False,45,single,False,1827,7520,0.24295212765957447,0.0,0.0,1.0,0.007988380537400145,0.13861386138613863,0.4166666666666667,0.029411764705882353,0.0,0.0
hier_clust,3,13,median,True,1827,7520,0.24295212765957447,0.0,0.0,0.9943883277216611,0.005809731299927378,0.21287128712871287,0.08333333333333333,0.0,0.022388059701492536,0.0
hier_clust,3,14,median,True,1827,7520,0.24295212765957447,0.0,0.0,0.9943883277216611,0.005809731299927378,0.21287128712871287,0.08333333333333333,0.0,0.022388059701492536,0.0
hier_clust,2,45,single,False,1826,7520,0.2428191489361702,0.0,0.0,0.9988776655443322,0.021060275962236745,0.039603960396039604,0.16666666666666666,0.029411764705882353,0.04477611940298507,0.0
hier_clust,20,27,centroid,False,1826,7520,0.2428191489361702,0.0,0.0,0.999438832772166,0.015250544662309368,0.11386138613861387,0.08333333333333333,0.0,0.0,0.0
hier_clust,5,57,single,True,1826,7520,0.2428191489361702,0.0,0.0008764241893076249,1.0,0.00944081336238199,0.10891089108910891,0.16666666666666666,0.029411764705882353,0.029850746268656716,0.0007204610951008645
hier_clust,20,52,median,True,1826,7520,0.2428191489361702,0.0,0.0008764241893076249,0.9983164983164983,0.010893246187363835,0.10396039603960396,0.25,0.0,0.029850746268656716,0.002161383285302594
hier_clust,10,20,median,False,1826,7520,0.2428191489361702,0.0,0.0,0.9949494949494949,0.023965141612200435,0.09405940594059406,0.08333333333333333,0.0,0.0,0.0
hier_clust,10,12,centroid,False,1826,7520,0.2428191489361702,0.0,0.0,0.9966329966329966,0.007988380537400145,0.19306930693069307,0.0,0.0,0.0,0.0
hier_clust,3,45,single,True,1826,7520,0.2428191489361702,0.0,0.0,1.0,0.007262164124909223,0.1188118811881188,0.16666666666666666,0.029411764705882353,0.029850746268656716,0.002161383285302594
hier_clust,5,25,average,True,1826,7520,0.2428191489361702,0.0,0.0,0.9955106621773289,0.006535947712418301,0.19306930693069307,0.08333333333333333,0.0,0.022388059701492536,0.0
hier_clust,False,48,centroid,False,1826,7520,0.2428191489361702,0.0,0.0,1.0,0.010893246187363835,0.11386138613861387,0.4166666666666667,0.0,0.0,0.0007204610951008645
hier_clust,20,11,average,False,1826,7520,0.2428191489361702,0.0,0.0,0.9983164983164983,0.013071895424836602,0.14356435643564355,0.0,0.0,0.0,0.0
hier_clust,10,35,single,False,1826,7520,0.2428191489361702,0.000689655172413793,0.0,1.0,0.01670297748729121,0.0891089108910891,0.16666666666666666,0.0,0.0,0.0
hier_clust,5,2,average,False,1825,7520,0.24268617021276595,0.0,0.0,0.9983164983164983,0.03340595497458242,0.0,0.0,0.0,0.0,0.0
hier_clust,20,9,average,False,1825,7520,0.24268617021276595,0.0,0.0,0.9983164983164983,0.005809731299927378,0.18811881188118812,0.0,0.0,0.0,0.0
hier_clust,False,48,weighted,True,1825,7520,0.24268617021276595,0.0,0.0008764241893076249,0.9983164983164983,0.012345679012345678,0.10396039603960396,0.16666666666666666,0.0,0.029850746268656716,0.0007204610951008645
hier_clust,5,3,average,False,1825,7520,0.24268617021276595,0.0,0.0,0.9983164983164983,0.03340595497458242,0.0,0.0,0.0,0.0,0.0
hier_clust,20,7,average,False,1825,7520,0.24268617021276595,0.0,0.0,0.9983164983164983,0.005809731299927378,0.18811881188118812,0.0,0.0,0.0,0.0
hier_clust,10,45,centroid,True,1825,7520,0.24268617021276595,0.0,0.0008764241893076249,0.9988776655443322,0.011619462599854757,0.09405940594059406,0.16666666666666666,0.0,0.029850746268656716,0.002161383285302594
hier_clust,4,15,median,True,1825,7520,0.24268617021276595,0.0,0.0,0.9949494949494949,0.005083514887436456,0.2079207920792079,0.08333333333333333,0.0,0.014925373134328358,0.0
hier_clust,20,38,single,False,1825,7520,0.24268617021276595,0.0,0.0,1.0,0.010167029774872912,0.1188118811881188,0.16666666666666666,0.058823529411764705,0.0,0.0007204610951008645
hier_clust,20,10,average,False,1825,7520,0.24268617021276595,0.0,0.0,0.9983164983164983,0.005809731299927378,0.18811881188118812,0.0,0.0,0.0,0.0
hier_clust,False,52,median,True,1825,7520,0.24268617021276595,0.0,0.0008764241893076249,1.0,0.013798111837327523,0.06435643564356436,0.3333333333333333,0.0,0.029850746268656716,0.001440922190201729
hier_clust,3,11,complete,True,1825,7520,0.24268617021276595,0.0,0.0,0.9960718294051627,0.006535947712418301,0.18316831683168316,0.08333333333333333,0.0,0.022388059701492536,0.0
hier_clust,False,45,complete,True,1825,7520,0.24268617021276595,0.0,0.0008764241893076249,0.9955106621773289,0.015250544662309368,0.11386138613861387,0.16666666666666666,0.0,0.022388059701492536,0.0007204610951008645
hier_clust,20,8,average,False,1825,7520,0.24268617021276595,0.0,0.0,0.9983164983164983,0.005809731299927378,0.18811881188118812,0.0,0.0,0.0,0.0
hier_clust,5,21,average,True,1825,7520,0.24268617021276595,0.0,0.0,0.9955106621773289,0.005809731299927378,0.19306930693069307,0.08333333333333333,0.0,0.022388059701492536,0.0
hier_clust,5,30,median,True,1825,7520,0.24268617021276595,0.0,0.0,0.98989898989899,0.026143790849673203,0.09900990099009901,0.08333333333333333,0.0,0.022388059701492536,0.0007204610951008645
hier_clust,False,57,median,True,1825,7520,0.24268617021276595,0.0,0.0008764241893076249,1.0,0.013798111837327523,0.06435643564356436,0.3333333333333333,0.0,0.029850746268656716,0.001440922190201729
hier_clust,5,23,average,True,1825,7520,0.24268617021276595,0.0,0.0,0.9955106621773289,0.005809731299927378,0.19306930693069307,0.08333333333333333,0.0,0.022388059701492536,0.0
hier_clust,3,12,median,True,1825,7520,0.24268617021276595,0.0,0.0,0.9943883277216611,0.006535947712418301,0.21287128712871287,0.08333333333333333,0.0,0.0,0.0
hier_clust,False,35,average,False,1824,7520,0.2425531914893617,0.0,0.0,1.0,0.007988380537400145,0.13366336633663367,0.25,0.029411764705882353,0.0,0.0
hier_clust,10,52,single,True,1824,7520,0.2425531914893617,0.0,0.0008764241893076249,1.0,0.008714596949891068,0.09405940594059406,0.3333333333333333,0.0,0.029850746268656716,0.001440922190201729
hier_clust,10,17,median,False,1824,7520,0.2425531914893617,0.0,0.0,0.9949494949494949,0.023238925199709513,0.09405940594059406,0.0,0.0,0.0,0.0
hier_clust,10,18,median,False,1824,7520,0.2425531914893617,0.0,0.0,0.9949494949494949,0.023238925199709513,0.09405940594059406,0.0,0.0,0.0,0.0
hier_clust,False,38,median,False,1824,7520,0.2425531914893617,0.0,0.0,1.0,0.010893246187363835,0.11386138613861387,0.3333333333333333,0.0,0.0,0.0
hier_clust,2,41,single,True,1824,7520,0.2425531914893617,0.0,0.0008764241893076249,1.0,0.005809731299927378,0.12376237623762376,0.16666666666666666,0.029411764705882353,0.029850746268656716,0.0007204610951008645
hier_clust,5,41,single,False,1824,7520,0.2425531914893617,0.0,0.0,1.0,0.017429193899782137,0.08415841584158416,0.0,0.0,0.0,0.0007204610951008645
hier_clust,10,41,centroid,True,1824,7520,0.2425531914893617,0.0,0.0008764241893076249,0.9988776655443322,0.011619462599854757,0.09405940594059406,0.16666666666666666,0.0,0.029850746268656716,0.001440922190201729
hier_clust,False,41,median,False,1824,7520,0.2425531914893617,0.0,0.0,1.0,0.010893246187363835,0.11386138613861387,0.3333333333333333,0.0,0.0,0.0
hier_clust,20,57,single,True,1824,7520,0.2425531914893617,0.0,0.0008764241893076249,1.0,0.010893246187363835,0.07920792079207921,0.3333333333333333,0.0,0.029850746268656716,0.001440922190201729
hier_clust,5,20,average,True,1824,7520,0.2425531914893617,0.0,0.0,0.9949494949494949,0.005809731299927378,0.19306930693069307,0.08333333333333333,0.0,0.022388059701492536,0.0
hier_clust,4,35,single,False,1824,7520,0.2425531914893617,0.0,0.0,0.9983164983164983,0.017429193899782137,0.0891089108910891,0.0,0.029411764705882353,0.007462686567164179,0.0007204610951008645
hier_clust,4,52,single,True,1824,7520,0.2425531914893617,0.0,0.0008764241893076249,1.0,0.010167029774872912,0.0891089108910891,0.16666666666666666,0.029411764705882353,0.029850746268656716,0.001440922190201729
hier_clust,20,48,median,True,1823,7520,0.24242021276595746,0.0,0.0008764241893076249,0.9983164983164983,0.010893246187363835,0.09900990099009901,0.16666666666666666,0.0,0.029850746268656716,0.001440922190201729
hier_clust,10,11,centroid,False,1823,7520,0.24242021276595746,0.0,0.0,0.9966329966329966,0.005809731299927378,0.19306930693069307,0.0,0.0,0.0,0.0
hier_clust,10,32,single,False,1823,7520,0.24242021276595746,0.0,0.0,1.0,0.01597676107480029,0.08415841584158416,0.16666666666666666,0.0,0.0,0.0
hier_clust,5,21,centroid,True,1823,7520,0.24242021276595746,0.0,0.0,0.9983164983164983,0.006535947712418301,0.15346534653465346,0.08333333333333333,0.0,0.022388059701492536,0.0
hier_clust,False,57,single,True,1823,7520,0.24242021276595746,0.0,0.0008764241893076249,1.0,0.013798111837327523,0.054455445544554455,0.3333333333333333,0.0,0.029850746268656716,0.001440922190201729
hier_clust,False,35,median,False,1823,7520,0.24242021276595746,0.0,0.0,1.0,0.010167029774872912,0.11386138613861387,0.3333333333333333,0.0,0.0,0.0
hier_clust,False,57,average,True,1823,7520,0.24242021276595746,0.0,0.0008764241893076249,1.0,0.013071895424836602,0.0594059405940594,0.3333333333333333,0.0,0.029850746268656716,0.001440922190201729
hier_clust,10,38,centroid,True,1823,7520,0.24242021276595746,0.0,0.0008764241893076249,0.9988776655443322,0.010893246187363835,0.09405940594059406,0.16666666666666666,0.0,0.029850746268656716,0.001440922190201729
hier_clust,4,14,median,True,1823,7520,0.24242021276595746,0.0,0.0,0.9949494949494949,0.0036310820624546117,0.2079207920792079,0.08333333333333333,0.0,0.014925373134328358,0.0
hier_clust,4,32,single,False,1823,7520,0.24242021276595746,0.0,0.0,0.9983164983164983,0.01670297748729121,0.0891089108910891,0.0,0.029411764705882353,0.007462686567164179,0.0007204610951008645
hier_clust,5,23,centroid,True,1823,7520,0.24242021276595746,0.0,0.0,0.9983164983164983,0.006535947712418301,0.15346534653465346,0.08333333333333333,0.0,0.022388059701492536,0.0
hier_clust,3,38,single,False,1823,7520,0.24242021276595746,0.0,0.0,0.999438832772166,0.01597676107480029,0.0594059405940594,0.25,0.058823529411764705,0.022388059701492536,0.0
hier_clust,False,45,centroid,False,1823,7520,0.24242021276595746,0.0,0.0,1.0,0.00944081336238199,0.10891089108910891,0.4166666666666667,0.0,0.0,0.0007204610951008645
hier_clust,False,57,centroid,True,1823,7520,0.24242021276595746,0.0,0.0008764241893076249,1.0,0.013071895424836602,0.0594059405940594,0.3333333333333333,0.0,0.029850746268656716,0.001440922190201729
hier_clust,False,32,median,False,1823,7520,0.24242021276595746,0.0,0.0,1.0,0.010167029774872912,0.11386138613861387,0.3333333333333333,0.0,0.0,0.0
hier_clust,5,52,single,True,1822,7520,0.2422872340425532,0.0,0.0008764241893076249,1.0,0.008714596949891068,0.09900990099009901,0.16666666666666666,0.0,0.029850746268656716,0.0007204610951008645
hier_clust,10,10,centroid,False,1822,7520,0.2422872340425532,0.0,0.0,0.9966329966329966,0.005809731299927378,0.18811881188118812,0.0,0.0,0.0,0.0
hier_clust,False,45,weighted,True,1822,7520,0.2422872340425532,0.0,0.0008764241893076249,0.9977553310886644,0.012345679012345678,0.09900990099009901,0.16666666666666666,0.0,0.022388059701492536,0.0007204610951008645
hier_clust,5,38,single,False,1822,7520,0.2422872340425532,0.0,0.0,1.0,0.01670297748729121,0.07920792079207921,0.0,0.0,0.0,0.0007204610951008645
hier_clust,5,4,centroid,False,1822,7520,0.2422872340425532,0.0,0.0,0.9921436588103255,0.03848946986201888,0.0049504950495049506,0.0,0.0,0.0,0.0
hier_clust,4,2,median,False,1822,7520,0.2422872340425532,0.0,0.0,0.9960718294051627,0.0,0.0,0.0,0.0,0.0,0.03386167146974063
hier_clust,5,7,centroid,False,1822,7520,0.2422872340425532,0.0,0.0,0.9921436588103255,0.03848946986201888,0.0049504950495049506,0.0,0.0,0.0,0.0
hier_clust,5,6,centroid,False,1822,7520,0.2422872340425532,0.0,0.0,0.9921436588103255,0.03848946986201888,0.0049504950495049506,0.0,0.0,0.0,0.0
hier_clust,10,35,centroid,True,1822,7520,0.2422872340425532,0.0,0.0,0.9988776655443322,0.010893246187363835,0.09405940594059406,0.16666666666666666,0.0,0.029850746268656716,0.001440922190201729
hier_clust,3,10,complete,True,1822,7520,0.2422872340425532,0.0,0.0,0.9960718294051627,0.006535947712418301,0.18316831683168316,0.08333333333333333,0.0,0.0,0.0
hier_clust,10,15,median,False,1822,7520,0.2422872340425532,0.0,0.0,0.9943883277216611,0.023238925199709513,0.0891089108910891,0.0,0.0,0.0,0.0
hier_clust,5,5,centroid,False,1822,7520,0.2422872340425532,0.0,0.0,0.9921436588103255,0.03848946986201888,0.0049504950495049506,0.0,0.0,0.0,0.0
hier_clust,False,27,median,False,1821,7520,0.24215425531914894,0.0,0.0,1.0,0.00944081336238199,0.10891089108910891,0.3333333333333333,0.0,0.0,0.0
hier_clust,10,14,median,False,1821,7520,0.24215425531914894,0.0,0.0,0.9943883277216611,0.023238925199709513,0.08415841584158416,0.0,0.0,0.0,0.0
hier_clust,False,30,median,False,1821,7520,0.24215425531914894,0.0,0.0,1.0,0.00944081336238199,0.10891089108910891,0.3333333333333333,0.0,0.0,0.0
hier_clust,4,48,single,True,1821,7520,0.24215425531914894,0.0,0.0008764241893076249,1.0,0.008714596949891068,0.0891089108910891,0.16666666666666666,0.0,0.029850746268656716,0.001440922190201729
hier_clust,10,13,median,False,1821,7520,0.24215425531914894,0.0,0.0,0.9943883277216611,0.023238925199709513,0.08415841584158416,0.0,0.0,0.0,0.0
hier_clust,False,25,median,False,1821,7520,0.24215425531914894,0.0,0.0,1.0,0.00944081336238199,0.10891089108910891,0.3333333333333333,0.0,0.0,0.0
hier_clust,10,9,centroid,False,1821,7520,0.24215425531914894,0.0,0.0,0.9960718294051627,0.005809731299927378,0.18811881188118812,0.0,0.0,0.0,0.0
hier_clust,10,8,centroid,False,1821,7520,0.24215425531914894,0.0,0.0,0.9960718294051627,0.005809731299927378,0.18811881188118812,0.0,0.0,0.0,0.0
hier_clust,5,3,centroid,False,1821,7520,0.24215425531914894,0.0,0.0,0.9921436588103255,0.03848946986201888,0.0,0.0,0.0,0.0,0.0
hier_clust,20,45,median,True,1821,7520,0.24215425531914894,0.0,0.0008764241893076249,0.9983164983164983,0.010893246187363835,0.09405940594059406,0.08333333333333333,0.0,0.029850746268656716,0.001440922190201729
hier_clust,20,35,single,False,1821,7520,0.24215425531914894,0.0,0.0,1.0,0.00944081336238199,0.10396039603960396,0.16666666666666666,0.058823529411764705,0.0,0.0007204610951008645
hier_clust,4,30,single,False,1821,7520,0.24215425531914894,0.0,0.0,0.9983164983164983,0.01597676107480029,0.08415841584158416,0.0,0.029411764705882353,0.007462686567164179,0.0007204610951008645
hier_clust,3,9,complete,True,1821,7520,0.24215425531914894,0.0,0.0,0.9960718294051627,0.006535947712418301,0.18316831683168316,0.0,0.0,0.0,0.0
hier_clust,4,13,median,True,1821,7520,0.24215425531914894,0.0,0.0,0.9955106621773289,0.0036310820624546117,0.19306930693069307,0.08333333333333333,0.0,0.014925373134328358,0.0
hier_clust,4,12,median,True,1821,7520,0.24215425531914894,0.0,0.0,0.9955106621773289,0.0036310820624546117,0.19306930693069307,0.08333333333333333,0.0,0.014925373134328358,0.0
hier_clust,False,48,median,True,1821,7520,0.24215425531914894,0.0,0.0008764241893076249,1.0,0.013071895424836602,0.04950495049504951,0.3333333333333333,0.0,0.029850746268656716,0.001440922190201729
hier_clust,2,38,single,True,1821,7520,0.24215425531914894,0.0,0.0008764241893076249,1.0,0.005083514887436456,0.11386138613861387,0.16666666666666666,0.029411764705882353,0.029850746268656716,0.0007204610951008645
hier_clust,5,35,single,False,1821,7520,0.24215425531914894,0.0,0.0,0.999438832772166,0.01670297748729121,0.07920792079207921,0.0,0.0,0.0,0.0007204610951008645
hier_clust,3,35,single,False,1821,7520,0.24215425531914894,0.0,0.0,0.999438832772166,0.015250544662309368,0.0594059405940594,0.25,0.058823529411764705,0.014925373134328358,0.0
hier_clust,10,2,complete,False,1821,7520,0.24215425531914894,0.0,0.0,0.9859708193041526,0.04647785039941903,0.0,0.0,0.0,0.0,0.0
hier_clust,False,41,weighted,True,1820,7520,0.24202127659574468,0.0,0.0,0.9977553310886644,0.010893246187363835,0.10396039603960396,0.16666666666666666,0.0,0.022388059701492536,0.0007204610951008645
hier_clust,20,52,single,True,1820,7520,0.24202127659574468,0.0,0.0008764241893076249,1.0,0.010167029774872912,0.06435643564356436,0.3333333333333333,0.0,0.029850746268656716,0.001440922190201729
hier_clust,False,41,single,False,1820,7520,0.24202127659574468,0.0,0.0,1.0,0.007988380537400145,0.10396039603960396,0.4166666666666667,0.029411764705882353,0.0,0.0
hier_clust,10,48,single,True,1820,7520,0.24202127659574468,0.0,0.0008764241893076249,1.0,0.008714596949891068,0.07920792079207921,0.25,0.0,0.029850746268656716,0.001440922190201729
hier_clust,4,45,single,True,1820,7520,0.24202127659574468,0.0,0.0008764241893076249,1.0,0.008714596949891068,0.0891089108910891,0.16666666666666666,0.0,0.029850746268656716,0.0007204610951008645
hier_clust,4,11,median,True,1820,7520,0.24202127659574468,0.0,0.0,0.9955106621773289,0.005083514887436456,0.1782178217821782,0.08333333333333333,0.0,0.014925373134328358,0.0
hier_clust,20,21,centroid,False,1819,7520,0.24188829787234042,0.0,0.0,0.999438832772166,0.011619462599854757,0.10891089108910891,0.0,0.0,0.0,0.0
hier_clust,False,41,complete,True,1819,7520,0.24188829787234042,0.0,0.0008764241893076249,0.9949494949494949,0.010893246187363835,0.11386138613861387,0.25,0.0,0.022388059701492536,0.0007204610951008645
hier_clust,False,52,single,True,1819,7520,0.24188829787234042,0.0,0.0008764241893076249,1.0,0.012345679012345678,0.04950495049504951,0.25,0.0,0.029850746268656716,0.001440922190201729
hier_clust,10,30,single,False,1819,7520,0.24188829787234042,0.0,0.0,1.0,0.014524328249818447,0.07425742574257425,0.16666666666666666,0.0,0.0,0.0
hier_clust,False,52,centroid,True,1819,7520,0.24188829787234042,0.0,0.0008764241893076249,1.0,0.012345679012345678,0.04950495049504951,0.25,0.0,0.029850746268656716,0.001440922190201729
hier_clust,20,23,centroid,False,1819,7520,0.24188829787234042,0.0,0.0,0.999438832772166,0.011619462599854757,0.10891089108910891,0.0,0.0,0.0,0.0
hier_clust,20,41,average,True,1819,7520,0.24188829787234042,0.0,0.0,0.999438832772166,0.010167029774872912,0.07920792079207921,0.25,0.0,0.029850746268656716,0.0007204610951008645
hier_clust,2,41,single,False,1819,7520,0.24188829787234042,0.0,0.0,0.999438832772166,0.015250544662309368,0.039603960396039604,0.16666666666666666,0.029411764705882353,0.04477611940298507,0.0
hier_clust,20,25,centroid,False,1819,7520,0.24188829787234042,0.0,0.0,0.999438832772166,0.011619462599854757,0.10891089108910891,0.0,0.0,0.0,0.0
hier_clust,False,41,centroid,False,1819,7520,0.24188829787234042,0.0,0.0,1.0,0.008714596949891068,0.09900990099009901,0.4166666666666667,0.0,0.0,0.0
hier_clust,5,48,single,True,1819,7520,0.24188829787234042,0.0,0.0,1.0,0.008714596949891068,0.0891089108910891,0.16666666666666666,0.0,0.029850746268656716,0.0007204610951008645
hier_clust,False,52,average,True,1819,7520,0.24188829787234042,0.0,0.0008764241893076249,1.0,0.012345679012345678,0.04950495049504951,0.25,0.0,0.029850746268656716,0.001440922190201729
hier_clust,10,45,single,True,1819,7520,0.24188829787234042,0.0,0.0008764241893076249,1.0,0.008714596949891068,0.07425742574257425,0.25,0.0,0.029850746268656716,0.001440922190201729
hier_clust,4,27,single,False,1818,7520,0.24175531914893617,0.0,0.0,0.9983164983164983,0.013798111837327523,0.08415841584158416,0.0,0.029411764705882353,0.007462686567164179,0.0007204610951008645
hier_clust,20,25,complete,True,1818,7520,0.24175531914893617,0.0,0.0,0.9938271604938271,0.020334059549745823,0.06435643564356436,0.25,0.0,0.014925373134328358,0.0007204610951008645
hier_clust,4,25,centroid,True,1818,7520,0.24175531914893617,0.0,0.0008764241893076249,0.9988776655443322,0.006535947712418301,0.12376237623762376,0.08333333333333333,0.0,0.014925373134328358,0.0
hier_clust,False,32,average,False,1818,7520,0.24175531914893617,0.0,0.0,1.0,0.006535947712418301,0.11386138613861387,0.25,0.029411764705882353,0.0,0.0
hier_clust,False,45,median,True,1818,7520,0.24175531914893617,0.0,0.0,1.0,0.012345679012345678,0.04455445544554455,0.3333333333333333,0.0,0.029850746268656716,0.001440922190201729
hier_clust,4,10,median,True,1818,7520,0.24175531914893617,0.0,0.0,0.9955106621773289,0.005083514887436456,0.1782178217821782,0.08333333333333333,0.0,0.0,0.0
hier_clust,4,23,centroid,True,1818,7520,0.24175531914893617,0.0,0.0,0.9983164983164983,0.007988380537400145,0.12376237623762376,0.08333333333333333,0.0,0.014925373134328358,0.0
hier_clust,3,32,single,False,1818,7520,0.24175531914893617,0.0,0.0,1.0,0.013071895424836602,0.054455445544554455,0.25,0.058823529411764705,0.014925373134328358,0.0
hier_clust,10,7,centroid,False,1818,7520,0.24175531914893617,0.0,0.0,0.9960718294051627,0.0036310820624546117,0.18811881188118812,0.0,0.0,0.0,0.0
hier_clust,20,41,median,True,1818,7520,0.24175531914893617,0.0,0.0008764241893076249,0.9983164983164983,0.010167029774872912,0.0891089108910891,0.08333333333333333,0.0,0.029850746268656716,0.0007204610951008645
hier_clust,False,38,single,False,1818,7520,0.24175531914893617,0.0,0.0,1.0,0.007262164124909223,0.09900990099009901,0.4166666666666667,0.029411764705882353,0.0,0.0
hier_clust,False,38,complete,True,1818,7520,0.24175531914893617,0.0,0.0,0.9949494949494949,0.010893246187363835,0.11386138613861387,0.25,0.0,0.022388059701492536,0.0007204610951008645
hier_clust,20,20,centroid,False,1818,7520,0.24175531914893617,0.0,0.0,0.999438832772166,0.010893246187363835,0.10891089108910891,0.0,0.0,0.0,0.0
hier_clust,2,35,single,True,1818,7520,0.24175531914893617,0.0,0.0008764241893076249,1.0,0.005083514887436456,0.10396039603960396,0.08333333333333333,0.029411764705882353,0.029850746268656716,0.0007204610951008645
hier_clust,4,27,centroid,True,1818,7520,0.24175531914893617,0.0,0.0008764241893076249,0.9988776655443322,0.006535947712418301,0.12376237623762376,0.08333333333333333,0.0,0.014925373134328358,0.0
hier_clust,10,6,centroid,False,1817,7520,0.2416223404255319,0.0,0.0,0.9960718294051627,0.0036310820624546117,0.18316831683168316,0.0,0.0,0.0,0.0
hier_clust,10,20,complete,True,1817,7520,0.2416223404255319,0.0,0.0,0.9983164983164983,0.005083514887436456,0.10396039603960396,0.25,0.0,0.05223880597014925,0.0
hier_clust,2,38,single,False,1817,7520,0.2416223404255319,0.0,0.0,0.999438832772166,0.013798111837327523,0.034653465346534656,0.16666666666666666,0.029411764705882353,0.05223880597014925,0.0
hier_clust,4,25,single,False,1817,7520,0.2416223404255319,0.0,0.0,0.9983164983164983,0.015250544662309368,0.06930693069306931,0.0,0.029411764705882353,0.007462686567164179,0.0007204610951008645
hier_clust,20,38,average,True,1817,7520,0.2416223404255319,0.0,0.0,0.999438832772166,0.010167029774872912,0.06930693069306931,0.25,0.0,0.029850746268656716,0.0007204610951008645
hier_clust,5,32,single,False,1817,7520,0.2416223404255319,0.0,0.0,0.999438832772166,0.013798111837327523,0.07920792079207921,0.0,0.0,0.0,0.0007204610951008645
hier_clust,2,35,single,False,1817,7520,0.2416223404255319,0.0,0.0,0.9988776655443322,0.013798111837327523,0.039603960396039604,0.16666666666666666,0.029411764705882353,0.05223880597014925,0.0
hier_clust,3,30,single,False,1817,7520,0.2416223404255319,0.0,0.0,1.0,0.013071895424836602,0.04950495049504951,0.25,0.058823529411764705,0.014925373134328358,0.0
hier_clust,10,11,median,False,1817,7520,0.2416223404255319,0.0,0.0,0.9943883277216611,0.0036310820624546117,0.19801980198019803,0.0,0.0,0.0,0.0
hier_clust,20,45,centroid,True,1817,7520,0.2416223404255319,0.0,0.0,1.0,0.010167029774872912,0.0594059405940594,0.25,0.0,0.029850746268656716,0.001440922190201729
hier_clust,5,45,single,True,1817,7520,0.2416223404255319,0.0,0.0,1.0,0.008714596949891068,0.07920792079207921,0.16666666666666666,0.0,0.029850746268656716,0.0007204610951008645
hier_clust,3,2,average,False,1817,7520,0.2416223404255319,0.0,0.0,0.9949494949494949,0.03195352214960058,0.0,0.0,0.0,0.0,0.0
hier_clust,20,38,median,True,1817,7520,0.2416223404255319,0.0,0.0,0.9983164983164983,0.010167029774872912,0.0891089108910891,0.08333333333333333,0.0,0.029850746268656716,0.0007204610951008645
hier_clust,10,12,median,False,1817,7520,0.2416223404255319,0.0,0.0,0.9943883277216611,0.0036310820624546117,0.19801980198019803,0.0,0.0,0.0,0.0
hier_clust,10,10,median,False,1817,7520,0.2416223404255319,0.0,0.0,0.9943883277216611,0.0036310820624546117,0.19801980198019803,0.0,0.0,0.0,0.0
hier_clust,4,21,centroid,True,1817,7520,0.2416223404255319,0.0,0.0,0.9955106621773289,0.007988380537400145,0.14356435643564355,0.08333333333333333,0.0,0.014925373134328358,0.0
hier_clust,4,20,centroid,True,1817,7520,0.2416223404255319,0.0,0.0,0.9955106621773289,0.007988380537400145,0.14356435643564355,0.08333333333333333,0.0,0.014925373134328358,0.0
hier_clust,20,23,complete,True,1816,7520,0.24148936170212765,0.0,0.0,0.9938271604938271,0.017429193899782137,0.07425742574257425,0.25,0.0,0.014925373134328358,0.0007204610951008645
hier_clust,20,21,complete,True,1816,7520,0.24148936170212765,0.0,0.0,0.9938271604938271,0.017429193899782137,0.07425742574257425,0.25,0.0,0.014925373134328358,0.0007204610951008645
hier_clust,False,48,average,True,1816,7520,0.24148936170212765,0.0,0.0,1.0,0.011619462599854757,0.04455445544554455,0.25,0.0,0.029850746268656716,0.001440922190201729
hier_clust,3,21,centroid,True,1816,7520,0.24148936170212765,0.0,0.0,0.9955106621773289,0.00944081336238199,0.12376237623762376,0.08333333333333333,0.0,0.022388059701492536,0.0
hier_clust,False,30,average,False,1816,7520,0.24148936170212765,0.0,0.0,1.0,0.006535947712418301,0.10891089108910891,0.16666666666666666,0.029411764705882353,0.0,0.0
hier_clust,5,17,average,True,1816,7520,0.24148936170212765,0.0,0.0,0.9988776655443322,0.005083514887436456,0.12376237623762376,0.08333333333333333,0.0,0.022388059701492536,0.0
hier_clust,5,18,average,True,1816,7520,0.24148936170212765,0.0,0.0,0.9988776655443322,0.005809731299927378,0.1188118811881188,0.08333333333333333,0.0,0.022388059701492536,0.0
hier_clust,10,9,median,False,1816,7520,0.24148936170212765,0.0,0.0,0.9938271604938271,0.0036310820624546117,0.19801980198019803,0.0,0.0,0.0,0.0
hier_clust,20,41,centroid,True,1816,7520,0.24148936170212765,0.0,0.0,1.0,0.010167029774872912,0.0594059405940594,0.16666666666666666,0.0,0.029850746268656716,0.001440922190201729
hier_clust,2,32,single,True,1816,7520,0.24148936170212765,0.0,0.0008764241893076249,1.0,0.004357298474945534,0.09900990099009901,0.08333333333333333,0.029411764705882353,0.029850746268656716,0.0007204610951008645
hier_clust,20,20,complete,True,1816,7520,0.24148936170212765,0.0,0.0,0.9932659932659933,0.017429193899782137,0.07425742574257425,0.25,0.0,0.022388059701492536,0.0007204610951008645
hier_clust,20,48,single,True,1816,7520,0.24148936170212765,0.0,0.0008764241893076249,1.0,0.010167029774872912,0.04455445544554455,0.3333333333333333,0.0,0.029850746268656716,0.001440922190201729
hier_clust,False,38,centroid,False,1816,7520,0.24148936170212765,0.0,0.0,1.0,0.008714596949891068,0.0891089108910891,0.3333333333333333,0.0,0.0,0.0
hier_clust,4,41,single,True,1816,7520,0.24148936170212765,0.0,0.0008764241893076249,1.0,0.008714596949891068,0.06930693069306931,0.16666666666666666,0.0,0.029850746268656716,0.0007204610951008645
hier_clust,10,18,complete,True,1816,7520,0.24148936170212765,0.0,0.0,0.9983164983164983,0.005083514887436456,0.09900990099009901,0.25,0.0,0.05223880597014925,0.0
hier_clust,2,32,single,False,1816,7520,0.24148936170212765,0.0,0.0,0.9988776655443322,0.013071895424836602,0.039603960396039604,0.16666666666666666,0.029411764705882353,0.05223880597014925,0.0
hier_clust,10,32,centroid,True,1816,7520,0.24148936170212765,0.0,0.0,0.9988776655443322,0.007262164124909223,0.08415841584158416,0.25,0.0,0.029850746268656716,0.001440922190201729
hier_clust,10,17,complete,True,1815,7520,0.24135638297872342,0.0,0.0,0.9983164983164983,0.005083514887436456,0.09900990099009901,0.25,0.0,0.04477611940298507,0.0
hier_clust,False,48,centroid,True,1815,7520,0.24135638297872342,0.0,0.0,1.0,0.010893246187363835,0.04455445544554455,0.25,0.0,0.029850746268656716,0.001440922190201729
hier_clust,10,4,median,False,1815,7520,0.24135638297872342,0.0,0.0,0.9932659932659933,0.0036310820624546117,0.19801980198019803,0.0,0.0,0.0,0.0
hier_clust,False,48,single,True,1815,7520,0.24135638297872342,0.0,0.0,1.0,0.010893246187363835,0.04455445544554455,0.25,0.0,0.029850746268656716,0.001440922190201729
hier_clust,2,30,single,False,1815,7520,0.24135638297872342,0.0,0.0,0.9988776655443322,0.013798111837327523,0.0297029702970297,0.16666666666666666,0.029411764705882353,0.05223880597014925,0.0
hier_clust,10,30,centroid,True,1815,7520,0.24135638297872342,0.0,0.0,1.0,0.007262164124909223,0.06930693069306931,0.25,0.0,0.029850746268656716,0.001440922190201729
hier_clust,False,35,complete,True,1815,7520,0.24135638297872342,0.0,0.0,0.9949494949494949,0.010167029774872912,0.10891089108910891,0.25,0.0,0.014925373134328358,0.0007204610951008645
hier_clust,10,5,median,False,1815,7520,0.24135638297872342,0.0,0.0,0.9932659932659933,0.0036310820624546117,0.19801980198019803,0.0,0.0,0.0,0.0
hier_clust,10,6,median,False,1815,7520,0.24135638297872342,0.0,0.0,0.9932659932659933,0.0036310820624546117,0.19801980198019803,0.0,0.0,0.0,0.0
hier_clust,2,10,weighted,True,1815,7520,0.24135638297872342,0.0,0.0,0.9988776655443322,0.0036310820624546117,0.13366336633663367,0.0,0.0,0.022388059701492536,0.0
hier_clust,False,35,single,False,1815,7520,0.24135638297872342,0.0,0.0,1.0,0.007262164124909223,0.08415841584158416,0.4166666666666667,0.029411764705882353,0.0,0.0
hier_clust,4,9,median,True,1815,7520,0.24135638297872342,0.0,0.0,0.9960718294051627,0.002178649237472767,0.1782178217821782,0.08333333333333333,0.0,0.0,0.0
hier_clust,20,35,median,True,1815,7520,0.24135638297872342,0.0,0.0,0.9983164983164983,0.010167029774872912,0.07920792079207921,0.08333333333333333,0.0,0.029850746268656716,0.0007204610951008645
hier_clust,10,8,median,False,1815,7520,0.24135638297872342,0.0,0.0,0.9932659932659933,0.0036310820624546117,0.19801980198019803,0.0,0.0,0.0,0.0
hier_clust,10,7,median,False,1815,7520,0.24135638297872342,0.0,0.0,0.9932659932659933,0.0036310820624546117,0.19801980198019803,0.0,0.0,0.0,0.0
hier_clust,10,27,single,False,1814,7520,0.24122340425531916,0.0,0.0,1.0,0.011619462599854757,0.06930693069306931,0.16666666666666666,0.0,0.0,0.0
hier_clust,False,2,complete,False,1814,7520,0.24122340425531916,0.0,0.0,0.9932659932659933,0.0,0.21782178217821782,0.0,0.0,0.0,0.0
hier_clust,20,45,single,True,1814,7520,0.24122340425531916,0.0,0.0008764241893076249,1.0,0.008714596949891068,0.04455445544554455,0.3333333333333333,0.0,0.029850746268656716,0.001440922190201729
hier_clust,2,30,single,True,1814,7520,0.24122340425531916,0.0,0.0008764241893076249,1.0,0.005083514887436456,0.0891089108910891,0.08333333333333333,0.0,0.029850746268656716,0.0007204610951008645
hier_clust,False,32,complete,True,1814,7520,0.24122340425531916,0.0,0.0,0.9949494949494949,0.00944081336238199,0.10891089108910891,0.25,0.0,0.014925373134328358,0.0007204610951008645
hier_clust,4,23,single,False,1814,7520,0.24122340425531916,0.0,0.0,0.9988776655443322,0.012345679012345678,0.06930693069306931,0.0,0.029411764705882353,0.007462686567164179,0.0007204610951008645
hier_clust,False,45,average,True,1814,7520,0.24122340425531916,0.0,0.0,1.0,0.010893246187363835,0.04455445544554455,0.25,0.0,0.029850746268656716,0.0007204610951008645
hier_clust,False,45,centroid,True,1814,7520,0.24122340425531916,0.0,0.0,1.0,0.010893246187363835,0.04455445544554455,0.25,0.0,0.029850746268656716,0.0007204610951008645
hier_clust,False,45,single,True,1814,7520,0.24122340425531916,0.0,0.0,1.0,0.010893246187363835,0.04455445544554455,0.25,0.0,0.029850746268656716,0.0007204610951008645
hier_clust,3,41,single,True,1814,7520,0.24122340425531916,0.0,0.0,1.0,0.007262164124909223,0.06930693069306931,0.16666666666666666,0.029411764705882353,0.029850746268656716,0.0007204610951008645
hier_clust,3,20,centroid,True,1814,7520,0.24122340425531916,0.0,0.0,0.9955106621773289,0.011619462599854757,0.09900990099009901,0.08333333333333333,0.0,0.022388059701492536,0.0
hier_clust,20,32,median,True,1814,7520,0.24122340425531916,0.0,0.0,0.9977553310886644,0.010167029774872912,0.07920792079207921,0.08333333333333333,0.0,0.029850746268656716,0.0007204610951008645
hier_clust,10,41,single,True,1814,7520,0.24122340425531916,0.0,0.0008764241893076249,1.0,0.007262164124909223,0.06435643564356436,0.16666666666666666,0.0,0.029850746268656716,0.001440922190201729
hier_clust,5,15,average,True,1814,7520,0.24122340425531916,0.0,0.0,0.9988776655443322,0.0036310820624546117,0.12376237623762376,0.08333333333333333,0.0,0.022388059701492536,0.0
hier_clust,False,3,complete,False,1814,7520,0.24122340425531916,0.0,0.0,0.9932659932659933,0.0,0.21782178217821782,0.0,0.0,0.0,0.0
hier_clust,5,12,complete,True,1814,7520,0.24122340425531916,0.0,0.0,0.9977553310886644,0.0036310820624546117,0.12871287128712872,0.0,0.0,0.03731343283582089,0.0
hier_clust,5,41,single,True,1814,7520,0.24122340425531916,0.0,0.0,1.0,0.007988380537400145,0.07425742574257425,0.08333333333333333,0.0,0.029850746268656716,0.0007204610951008645
hier_clust,4,18,centroid,True,1814,7520,0.24122340425531916,0.0,0.0,0.9955106621773289,0.005809731299927378,0.14356435643564355,0.08333333333333333,0.0,0.014925373134328358,0.0
hier_clust,20,38,centroid,True,1813,7520,0.2410904255319149,0.0,0.0,1.0,0.00944081336238199,0.054455445544554455,0.16666666666666666,0.0,0.029850746268656716,0.0007204610951008645
hier_clust,False,35,centroid,False,1813,7520,0.2410904255319149,0.0,0.0,1.0,0.008714596949891068,0.07425742574257425,0.3333333333333333,0.0,0.0,0.0
hier_clust,3,38,single,True,1813,7520,0.2410904255319149,0.0,0.0,1.0,0.007262164124909223,0.06930693069306931,0.16666666666666666,0.0,0.029850746268656716,0.0007204610951008645
hier_clust,3,27,single,False,1813,7520,0.2410904255319149,0.0,0.0,1.0,0.011619462599854757,0.04950495049504951,0.25,0.0,0.014925373134328358,0.0
hier_clust,5,11,complete,True,1813,7520,0.2410904255319149,0.0,0.0,0.9971941638608305,0.005809731299927378,0.11386138613861387,0.0,0.0,0.03731343283582089,0.0
hier_clust,10,27,centroid,True,1813,7520,0.2410904255319149,0.0,0.0,1.0,0.007262164124909223,0.07425742574257425,0.08333333333333333,0.0,0.029850746268656716,0.0007204610951008645
hier_clust,4,21,single,False,1813,7520,0.2410904255319149,0.0,0.0,0.9988776655443322,0.012345679012345678,0.06930693069306931,0.0,0.029411764705882353,0.0,0.0007204610951008645
hier_clust,5,30,single,False,1813,7520,0.2410904255319149,0.0,0.0,0.999438832772166,0.012345679012345678,0.06930693069306931,0.0,0.0,0.0,0.0007204610951008645
hier_clust,20,35,average,True,1813,7520,0.2410904255319149,0.0,0.0,0.999438832772166,0.007262164124909223,0.06930693069306931,0.25,0.0,0.029850746268656716,0.0007204610951008645
hier_clust,False,27,average,False,1813,7520,0.2410904255319149,0.0,0.0,1.0,0.006535947712418301,0.09900990099009901,0.08333333333333333,0.029411764705882353,0.0,0.0
hier_clust,4,8,median,True,1813,7520,0.2410904255319149,0.0,0.0,0.9960718294051627,0.0007262164124909223,0.1782178217821782,0.08333333333333333,0.0,0.0,0.0
hier_clust,20,18,centroid,False,1813,7520,0.2410904255319149,0.0,0.0,0.999438832772166,0.007262164124909223,0.10891089108910891,0.0,0.0,0.0,0.0
hier_clust,20,32,single,False,1813,7520,0.2410904255319149,0.0,0.0,1.0,0.007988380537400145,0.07920792079207921,0.16666666666666666,0.058823529411764705,0.0,0.0
hier_clust,10,25,single,False,1813,7520,0.2410904255319149,0.0,0.0,1.0,0.010893246187363835,0.06930693069306931,0.16666666666666666,0.0,0.0,0.0
hier_clust,4,38,single,True,1813,7520,0.2410904255319149,0.0,0.0,1.0,0.007988380537400145,0.06930693069306931,0.08333333333333333,0.0,0.029850746268656716,0.0007204610951008645
hier_clust,10,27,average,True,1813,7520,0.2410904255319149,0.0,0.0,0.9988776655443322,0.010167029774872912,0.06435643564356436,0.08333333333333333,0.0,0.029850746268656716,0.0007204610951008645
hier_clust,20,17,centroid,False,1813,7520,0.2410904255319149,0.0,0.0,0.999438832772166,0.007262164124909223,0.10891089108910891,0.0,0.0,0.0,0.0
hier_clust,20,15,centroid,False,1812,7520,0.24095744680851064,0.0,0.0,0.9988776655443322,0.007262164124909223,0.10891089108910891,0.0,0.0,0.0,0.0
hier_clust,False,32,single,False,1812,7520,0.24095744680851064,0.0,0.0,1.0,0.006535947712418301,0.07920792079207921,0.3333333333333333,0.029411764705882353,0.0,0.0
hier_clust,20,30,single,False,1812,7520,0.24095744680851064,0.0,0.0,1.0,0.007262164124909223,0.07920792079207921,0.16666666666666666,0.058823529411764705,0.0,0.0
hier_clust,5,27,single,False,1812,7520,0.24095744680851064,0.0,0.0,0.999438832772166,0.011619462599854757,0.06930693069306931,0.0,0.0,0.0,0.0007204610951008645
hier_clust,3,15,centroid,True,1812,7520,0.24095744680851064,0.0,0.0,0.9960718294051627,0.004357298474945534,0.13366336633663367,0.08333333333333333,0.0,0.022388059701492536,0.0
hier_clust,3,14,centroid,True,1812,7520,0.24095744680851064,0.0,0.0,0.9949494949494949,0.005809731299927378,0.13366336633663367,0.08333333333333333,0.0,0.022388059701492536,0.0
hier_clust,3,17,centroid,True,1812,7520,0.24095744680851064,0.0,0.0,0.9960718294051627,0.010167029774872912,0.09405940594059406,0.08333333333333333,0.0,0.022388059701492536,0.0
hier_clust,5,38,single,True,1812,7520,0.24095744680851064,0.0,0.0,1.0,0.007988380537400145,0.06435643564356436,0.08333333333333333,0.0,0.029850746268656716,0.0007204610951008645
hier_clust,20,14,centroid,False,1812,7520,0.24095744680851064,0.0,0.0,0.9988776655443322,0.007262164124909223,0.10891089108910891,0.0,0.0,0.0,0.0
hier_clust,10,25,centroid,True,1812,7520,0.24095744680851064,0.0,0.0,1.0,0.006535947712418301,0.07425742574257425,0.08333333333333333,0.0,0.029850746268656716,0.0007204610951008645
hier_clust,3,18,centroid,True,1812,7520,0.24095744680851064,0.0,0.0,0.9960718294051627,0.010167029774872912,0.09405940594059406,0.08333333333333333,0.0,0.022388059701492536,0.0
hier_clust,3,15,average,True,1812,7520,0.24095744680851064,0.0,0.0,0.9932659932659933,0.020334059549745823,0.04950495049504951,0.08333333333333333,0.0,0.022388059701492536,0.0
hier_clust,4,7,median,True,1812,7520,0.24095744680851064,0.0,0.0,0.9960718294051627,0.0007262164124909223,0.1782178217821782,0.0,0.0,0.0,0.0
hier_clust,10,15,complete,True,1812,7520,0.24095744680851064,0.0,0.0,0.9983164983164983,0.005083514887436456,0.10396039603960396,0.25,0.0,0.014925373134328358,0.0
hier_clust,2,9,average,True,1812,7520,0.24095744680851064,0.0,0.0,0.9955106621773289,0.0036310820624546117,0.1485148514851485,0.0,0.0,0.022388059701492536,0.0
hier_clust,2,9,weighted,True,1812,7520,0.24095744680851064,0.0,0.0,0.9988776655443322,0.0036310820624546117,0.13366336633663367,0.0,0.0,0.0,0.0
hier_clust,10,25,average,True,1812,7520,0.24095744680851064,0.0,0.0,0.9988776655443322,0.00944081336238199,0.06930693069306931,0.08333333333333333,0.0,0.022388059701492536,0.0007204610951008645
hier_clust,2,10,average,True,1812,7520,0.24095744680851064,0.0,0.0,0.9955106621773289,0.0036310820624546117,0.1485148514851485,0.0,0.0,0.022388059701492536,0.0
hier_clust,10,3,average,False,1811,7520,0.24082446808510638,0.0,0.0,0.9960718294051627,0.024691358024691357,0.009900990099009901,0.0,0.0,0.0,0.0
hier_clust,20,41,single,True,1811,7520,0.24082446808510638,0.0,0.0008764241893076249,1.0,0.008714596949891068,0.034653465346534656,0.25,0.0,0.029850746268656716,0.001440922190201729
hier_clust,20,35,centroid,True,1811,7520,0.24082446808510638,0.0,0.0,1.0,0.00944081336238199,0.04950495049504951,0.08333333333333333,0.0,0.029850746268656716,0.0007204610951008645
hier_clust,3,35,single,True,1811,7520,0.24082446808510638,0.0,0.0,1.0,0.007262164124909223,0.06435643564356436,0.16666666666666666,0.0,0.022388059701492536,0.0007204610951008645
hier_clust,False,30,complete,True,1811,7520,0.24082446808510638,0.0,0.0,0.9966329966329966,0.00944081336238199,0.07920792079207921,0.25,0.0,0.014925373134328358,0.0007204610951008645
hier_clust,10,14,complete,True,1811,7520,0.24082446808510638,0.0,0.0,0.9983164983164983,0.0036310820624546117,0.1188118811881188,0.08333333333333333,0.0,0.014925373134328358,0.0
hier_clust,10,38,single,True,1811,7520,0.24082446808510638,0.0,0.0008764241893076249,1.0,0.007262164124909223,0.04950495049504951,0.16666666666666666,0.0,0.029850746268656716,0.001440922190201729
hier_clust,10,35,single,True,1811,7520,0.24082446808510638,0.0,0.0008764241893076249,1.0,0.007262164124909223,0.04950495049504951,0.16666666666666666,0.0,0.029850746268656716,0.001440922190201729
hier_clust,False,41,median,True,1811,7520,0.24082446808510638,0.0,0.0,1.0,0.010893246187363835,0.0297029702970297,0.25,0.0,0.029850746268656716,0.0007204610951008645
hier_clust,5,25,single,False,1811,7520,0.24082446808510638,0.0,0.0,0.999438832772166,0.010893246187363835,0.06930693069306931,0.0,0.0,0.0,0.0007204610951008645
hier_clust,3,25,single,False,1811,7520,0.24082446808510638,0.0,0.0,1.0,0.011619462599854757,0.04455445544554455,0.16666666666666666,0.0,0.014925373134328358,0.0
hier_clust,4,35,single,True,1811,7520,0.24082446808510638,0.0,0.0,1.0,0.006535947712418301,0.06930693069306931,0.08333333333333333,0.0,0.029850746268656716,0.0007204610951008645
hier_clust,False,23,median,False,1811,7520,0.24082446808510638,0.0,0.0,1.0,0.007988380537400145,0.07425742574257425,0.25,0.0,0.0,0.0
hier_clust,False,25,average,False,1811,7520,0.24082446808510638,0.0,0.0,1.0,0.006535947712418301,0.0891089108910891,0.08333333333333333,0.029411764705882353,0.0,0.0
hier_clust,4,20,single,False,1811,7520,0.24082446808510638,0.0,0.0,0.9988776655443322,0.010893246187363835,0.06930693069306931,0.0,0.029411764705882353,0.0,0.0007204610951008645
hier_clust,2,27,single,False,1811,7520,0.24082446808510638,0.0,0.0,0.9988776655443322,0.012345679012345678,0.0297029702970297,0.0,0.029411764705882353,0.05223880597014925,0.0
hier_clust,False,38,weighted,True,1811,7520,0.24082446808510638,0.0,0.0,1.0,0.010167029774872912,0.039603960396039604,0.25,0.0,0.022388059701492536,0.0007204610951008645
hier_clust,False,32,centroid,False,1811,7520,0.24082446808510638,0.0,0.0,1.0,0.008714596949891068,0.06930693069306931,0.25,0.0,0.0,0.0
hier_clust,20,32,average,True,1810,7520,0.24069148936170212,0.0,0.0,0.999438832772166,0.007262164124909223,0.054455445544554455,0.25,0.0,0.029850746268656716,0.0007204610951008645
hier_clust,False,41,average,True,1810,7520,0.24069148936170212,0.0,0.0,1.0,0.010167029774872912,0.0297029702970297,0.25,0.0,0.029850746268656716,0.0007204610951008645
hier_clust,3,32,single,True,1810,7520,0.24069148936170212,0.0,0.0,1.0,0.007262164124909223,0.0594059405940594,0.16666666666666666,0.0,0.022388059701492536,0.0007204610951008645
hier_clust,False,30,single,False,1810,7520,0.24069148936170212,0.0,0.0,1.0,0.005809731299927378,0.07920792079207921,0.25,0.029411764705882353,0.0,0.0
hier_clust,5,10,complete,True,1810,7520,0.24069148936170212,0.0,0.0,0.9971941638608305,0.005809731299927378,0.09900990099009901,0.0,0.0,0.03731343283582089,0.0
hier_clust,20,6,average,False,1810,7520,0.24069148936170212,0.0,0.0,0.9983164983164983,0.005809731299927378,0.11386138613861387,0.0,0.0,0.0,0.0
hier_clust,20,30,median,True,1810,7520,0.24069148936170212,0.0,0.0,0.9977553310886644,0.008714596949891068,0.06930693069306931,0.08333333333333333,0.0,0.029850746268656716,0.0007204610951008645
hier_clust,False,41,single,True,1810,7520,0.24069148936170212,0.0,0.0,1.0,0.010167029774872912,0.0297029702970297,0.25,0.0,0.029850746268656716,0.0007204610951008645
hier_clust,10,23,single,False,1810,7520,0.24069148936170212,0.0,0.0,1.0,0.008714596949891068,0.06930693069306931,0.16666666666666666,0.0,0.0,0.0
hier_clust,4,13,complete,True,1810,7520,0.24069148936170212,0.0,0.0,0.9983164983164983,0.0036310820624546117,0.1188118811881188,0.0,0.0,0.014925373134328358,0.0
hier_clust,False,41,centroid,True,1810,7520,0.24069148936170212,0.0,0.0,1.0,0.010167029774872912,0.0297029702970297,0.25,0.0,0.029850746268656716,0.0007204610951008645
hier_clust,10,23,centroid,True,1810,7520,0.24069148936170212,0.0,0.0,0.999438832772166,0.006535947712418301,0.07425742574257425,0.08333333333333333,0.0,0.022388059701492536,0.0007204610951008645
hier_clust,3,13,centroid,True,1809,7520,0.24055851063829786,0.0,0.0,0.9949494949494949,0.005809731299927378,0.13366336633663367,0.08333333333333333,0.0,0.0,0.0
hier_clust,3,12,centroid,True,1809,7520,0.24055851063829786,0.0,0.0,0.9949494949494949,0.005809731299927378,0.13366336633663367,0.08333333333333333,0.0,0.0,0.0
hier_clust,5,20,weighted,True,1809,7520,0.24055851063829786,0.0,0.0,0.9988776655443322,0.006535947712418301,0.08415841584158416,0.08333333333333333,0.0,0.014925373134328358,0.0
hier_clust,False,30,centroid,False,1809,7520,0.24055851063829786,0.0,0.0,1.0,0.007988380537400145,0.06435643564356436,0.25,0.0,0.0,0.0
hier_clust,5,27,median,True,1809,7520,0.24055851063829786,0.0,0.0,0.999438832772166,0.006535947712418301,0.06930693069306931,0.08333333333333333,0.0,0.022388059701492536,0.0007204610951008645
hier_clust,10,23,median,True,1809,7520,0.24055851063829786,0.0,0.0,0.9988776655443322,0.006535947712418301,0.06435643564356436,0.25,0.0,0.029850746268656716,0.0
hier_clust,20,38,single,True,1809,7520,0.24055851063829786,0.0,0.0,1.0,0.008714596949891068,0.034653465346534656,0.16666666666666666,0.0,0.029850746268656716,0.001440922190201729
hier_clust,20,30,average,True,1809,7520,0.24055851063829786,0.0,0.0,0.999438832772166,0.007262164124909223,0.054455445544554455,0.25,0.0,0.022388059701492536,0.0007204610951008645
hier_clust,4,12,complete,True,1809,7520,0.24055851063829786,0.0,0.0,0.9983164983164983,0.0036310820624546117,0.10396039603960396,0.0,0.0,0.029850746268656716,0.0
hier_clust,10,21,centroid,True,1809,7520,0.24055851063829786,0.0,0.0,0.999438832772166,0.006535947712418301,0.07425742574257425,0.08333333333333333,0.0,0.022388059701492536,0.0
hier_clust,2,8,average,True,1809,7520,0.24055851063829786,0.0,0.0,0.9955106621773289,0.0036310820624546117,0.1485148514851485,0.0,0.0,0.0,0.0
hier_clust,20,32,centroid,True,1809,7520,0.24055851063829786,0.0,0.0,1.0,0.008714596949891068,0.04950495049504951,0.08333333333333333,0.0,0.022388059701492536,0.0007204610951008645
hier_clust,3,30,single,True,1809,7520,0.24055851063829786,0.0,0.0,1.0,0.006535947712418301,0.0594059405940594,0.16666666666666666,0.0,0.022388059701492536,0.0007204610951008645
hier_clust,5,35,single,True,1809,7520,0.24055851063829786,0.0,0.0,0.999438832772166,0.007262164124909223,0.06435643564356436,0.08333333333333333,0.0,0.022388059701492536,0.0007204610951008645
hier_clust,20,23,weighted,True,1809,7520,0.24055851063829786,0.0,0.0,0.9988776655443322,0.005809731299927378,0.06930693069306931,0.25,0.0,0.022388059701492536,0.0007204610951008645
hier_clust,4,11,complete,True,1808,7520,0.2404255319148936,0.0,0.0,0.9966329966329966,0.0036310820624546117,0.11386138613861387,0.0,0.0,0.029850746268656716,0.0
hier_clust,5,18,weighted,True,1808,7520,0.2404255319148936,0.0,0.0,0.9988776655443322,0.005809731299927378,0.08415841584158416,0.08333333333333333,0.0,0.014925373134328358,0.0
hier_clust,4,10,complete,True,1808,7520,0.2404255319148936,0.0,0.0,0.9966329966329966,0.0036310820624546117,0.11386138613861387,0.0,0.0,0.029850746268656716,0.0
hier_clust,False,23,average,False,1808,7520,0.2404255319148936,0.0,0.0,1.0,0.006535947712418301,0.07425742574257425,0.08333333333333333,0.029411764705882353,0.0,0.0
hier_clust,2,25,single,False,1808,7520,0.2404255319148936,0.0,0.0,0.9988776655443322,0.012345679012345678,0.0297029702970297,0.0,0.0,0.03731343283582089,0.0
hier_clust,20,35,single,True,1808,7520,0.2404255319148936,0.0,0.0,1.0,0.008714596949891068,0.0297029702970297,0.16666666666666666,0.0,0.029850746268656716,0.001440922190201729
hier_clust,20,27,average,True,1808,7520,0.2404255319148936,0.0,0.0,0.999438832772166,0.007262164124909223,0.04950495049504951,0.25,0.0,0.022388059701492536,0.0007204610951008645
hier_clust,False,35,weighted,True,1808,7520,0.2404255319148936,0.0,0.0,1.0,0.010167029774872912,0.024752475247524754,0.25,0.0,0.022388059701492536,0.0007204610951008645
hier_clust,False,38,median,True,1808,7520,0.2404255319148936,0.0,0.0,1.0,0.010167029774872912,0.0297029702970297,0.08333333333333333,0.0,0.029850746268656716,0.0007204610951008645
hier_clust,False,38,centroid,True,1808,7520,0.2404255319148936,0.0,0.0,1.0,0.008714596949891068,0.0297029702970297,0.25,0.0,0.029850746268656716,0.0007204610951008645
hier_clust,False,38,average,True,1808,7520,0.2404255319148936,0.0,0.0,1.0,0.008714596949891068,0.0297029702970297,0.25,0.0,0.029850746268656716,0.0007204610951008645
hier_clust,20,21,weighted,True,1808,7520,0.2404255319148936,0.0,0.0,0.9988776655443322,0.005809731299927378,0.06930693069306931,0.25,0.0,0.014925373134328358,0.0007204610951008645
hier_clust,2,7,average,True,1808,7520,0.2404255319148936,0.0,0.0,0.9949494949494949,0.0036310820624546117,0.1485148514851485,0.0,0.0,0.0,0.0
hier_clust,20,30,centroid,True,1808,7520,0.2404255319148936,0.0,0.0,1.0,0.008714596949891068,0.04455445544554455,0.08333333333333333,0.0,0.022388059701492536,0.0007204610951008645
hier_clust,10,20,centroid,True,1808,7520,0.2404255319148936,0.0,0.0,0.999438832772166,0.006535947712418301,0.06930693069306931,0.08333333333333333,0.0,0.022388059701492536,0.0
hier_clust,False,27,single,False,1808,7520,0.2404255319148936,0.0,0.0,1.0,0.005809731299927378,0.07425742574257425,0.16666666666666666,0.029411764705882353,0.0,0.0
hier_clust,20,13,centroid,False,1808,7520,0.2404255319148936,0.0,0.0,0.9983164983164983,0.010893246187363835,0.06930693069306931,0.0,0.0,0.0,0.0
hier_clust,10,23,average,True,1808,7520,0.2404255319148936,0.0,0.0,0.9983164983164983,0.007262164124909223,0.06930693069306931,0.08333333333333333,0.0,0.022388059701492536,0.0007204610951008645
hier_clust,False,32,median,True,1807,7520,0.24029255319148937,0.0,0.0,1.0,0.010167029774872912,0.024752475247524754,0.08333333333333333,0.0,0.029850746268656716,0.0007204610951008645
hier_clust,5,17,weighted,True,1807,7520,0.24029255319148937,0.0,0.0,0.9988776655443322,0.004357298474945534,0.0891089108910891,0.08333333333333333,0.0,0.014925373134328358,0.0
hier_clust,False,30,median,True,1807,7520,0.24029255319148937,0.0,0.0,1.0,0.010167029774872912,0.024752475247524754,0.08333333333333333,0.0,0.029850746268656716,0.0007204610951008645
hier_clust,5,15,weighted,True,1807,7520,0.24029255319148937,0.0,0.0,0.9988776655443322,0.004357298474945534,0.0891089108910891,0.08333333333333333,0.0,0.014925373134328358,0.0
hier_clust,False,35,median,True,1807,7520,0.24029255319148937,0.0,0.0,1.0,0.010167029774872912,0.024752475247524754,0.08333333333333333,0.0,0.029850746268656716,0.0007204610951008645
hier_clust,5,21,single,False,1807,7520,0.24029255319148937,0.0,0.0,0.999438832772166,0.010167029774872912,0.054455445544554455,0.0,0.0,0.0,0.0007204610951008645
hier_clust,5,23,single,False,1807,7520,0.24029255319148937,0.0,0.0,0.999438832772166,0.010167029774872912,0.054455445544554455,0.0,0.0,0.0,0.0007204610951008645
hier_clust,False,32,weighted,True,1807,7520,0.24029255319148937,0.0,0.0,1.0,0.00944081336238199,0.024752475247524754,0.25,0.0,0.022388059701492536,0.0007204610951008645
hier_clust,20,27,single,False,1807,7520,0.24029255319148937,0.0,0.0,1.0,0.004357298474945534,0.07425742574257425,0.16666666666666666,0.058823529411764705,0.0,0.0
hier_clust,10,21,single,False,1807,7520,0.24029255319148937,0.0,0.0,1.0,0.008714596949891068,0.054455445544554455,0.16666666666666666,0.0,0.0,0.0
hier_clust,4,32,single,True,1807,7520,0.24029255319148937,0.0,0.0,1.0,0.006535947712418301,0.04950495049504951,0.08333333333333333,0.0,0.029850746268656716,0.0007204610951008645
hier_clust,20,27,median,True,1807,7520,0.24029255319148937,0.0,0.0,0.9977553310886644,0.007262164124909223,0.06930693069306931,0.08333333333333333,0.0,0.022388059701492536,0.0007204610951008645
hier_clust,20,25,average,True,1807,7520,0.24029255319148937,0.0,0.0,0.999438832772166,0.007262164124909223,0.04950495049504951,0.25,0.0,0.014925373134328358,0.0007204610951008645
hier_clust,2,23,single,False,1807,7520,0.24029255319148937,0.0,0.0,0.9988776655443322,0.012345679012345678,0.024752475247524754,0.0,0.0,0.03731343283582089,0.0
hier_clust,False,27,centroid,False,1807,7520,0.24029255319148937,0.0,0.0,1.0,0.007988380537400145,0.054455445544554455,0.25,0.0,0.0,0.0
hier_clust,5,25,median,True,1807,7520,0.24029255319148937,0.0,0.0,0.999438832772166,0.006535947712418301,0.06435643564356436,0.08333333333333333,0.0,0.022388059701492536,0.0
hier_clust,10,21,weighted,True,1807,7520,0.24029255319148937,0.0,0.0,0.9983164983164983,0.005809731299927378,0.06435643564356436,0.25,0.0,0.029850746268656716,0.0
hier_clust,5,32,single,True,1807,7520,0.24029255319148937,0.0,0.0,0.999438832772166,0.006535947712418301,0.0594059405940594,0.08333333333333333,0.0,0.022388059701492536,0.0007204610951008645
hier_clust,3,23,single,False,1807,7520,0.24029255319148937,0.0,0.0,1.0,0.00944081336238199,0.04455445544554455,0.08333333333333333,0.0,0.014925373134328358,0.0
hier_clust,False,38,single,True,1807,7520,0.24029255319148937,0.0,0.0,1.0,0.007988380537400145,0.0297029702970297,0.25,0.0,0.029850746268656716,0.0007204610951008645
hier_clust,10,18,centroid,True,1807,7520,0.24029255319148937,0.0,0.0,0.999438832772166,0.007262164124909223,0.0594059405940594,0.08333333333333333,0.0,0.022388059701492536,0.0
hier_clust,20,25,median,True,1807,7520,0.24029255319148937,0.0,0.0,0.9977553310886644,0.007262164124909223,0.06930693069306931,0.08333333333333333,0.0,0.022388059701492536,0.0007204610951008645
hier_clust,False,35,single,True,1806,7520,0.2401595744680851,0.0,0.0,1.0,0.007988380537400145,0.0297029702970297,0.16666666666666666,0.0,0.029850746268656716,0.0007204610951008645
hier_clust,False,35,centroid,True,1806,7520,0.2401595744680851,0.0,0.0,1.0,0.007262164124909223,0.0297029702970297,0.25,0.0,0.029850746268656716,0.0007204610951008645
hier_clust,20,23,median,True,1806,7520,0.2401595744680851,0.0,0.0,0.9977553310886644,0.007262164124909223,0.06930693069306931,0.08333333333333333,0.0,0.014925373134328358,0.0007204610951008645
hier_clust,10,20,single,False,1806,7520,0.2401595744680851,0.0,0.0,1.0,0.008714596949891068,0.04950495049504951,0.16666666666666666,0.0,0.0,0.0
hier_clust,10,21,median,True,1806,7520,0.2401595744680851,0.0,0.0,0.9983164983164983,0.005083514887436456,0.06435643564356436,0.25,0.0,0.029850746268656716,0.0
hier_clust,5,21,median,True,1806,7520,0.2401595744680851,0.0,0.0,0.999438832772166,0.006535947712418301,0.0594059405940594,0.08333333333333333,0.0,0.022388059701492536,0.0
hier_clust,5,23,median,True,1806,7520,0.2401595744680851,0.0,0.0,0.999438832772166,0.006535947712418301,0.0594059405940594,0.08333333333333333,0.0,0.022388059701492536,0.0
hier_clust,False,30,weighted,True,1806,7520,0.2401595744680851,0.0,0.0,1.0,0.00944081336238199,0.019801980198019802,0.25,0.0,0.022388059701492536,0.0007204610951008645
hier_clust,10,32,single,True,1806,7520,0.2401595744680851,0.0,0.0,1.0,0.007262164124909223,0.034653465346534656,0.08333333333333333,0.0,0.029850746268656716,0.001440922190201729
hier_clust,False,35,average,True,1806,7520,0.2401595744680851,0.0,0.0,1.0,0.007262164124909223,0.0297029702970297,0.25,0.0,0.029850746268656716,0.0007204610951008645
hier_clust,10,20,median,True,1806,7520,0.2401595744680851,0.0,0.0,0.9983164983164983,0.005083514887436456,0.06435643564356436,0.25,0.0,0.029850746268656716,0.0
hier_clust,20,27,centroid,True,1806,7520,0.2401595744680851,0.0,0.0,1.0,0.008714596949891068,0.034653465346534656,0.08333333333333333,0.0,0.022388059701492536,0.0007204610951008645
hier_clust,20,32,single,True,1806,7520,0.2401595744680851,0.0,0.0,1.0,0.007988380537400145,0.024752475247524754,0.16666666666666666,0.0,0.029850746268656716,0.001440922190201729
hier_clust,False,21,average,False,1806,7520,0.2401595744680851,0.0,0.0,1.0,0.005809731299927378,0.06930693069306931,0.08333333333333333,0.029411764705882353,0.0,0.0
hier_clust,5,20,single,False,1806,7520,0.2401595744680851,0.0,0.0,0.999438832772166,0.010167029774872912,0.04950495049504951,0.0,0.0,0.0,0.0007204610951008645
hier_clust,10,20,weighted,True,1806,7520,0.2401595744680851,0.0,0.0,0.9983164983164983,0.005809731299927378,0.06435643564356436,0.25,0.0,0.022388059701492536,0.0
hier_clust,5,30,single,True,1806,7520,0.2401595744680851,0.0,0.0,0.999438832772166,0.006535947712418301,0.054455445544554455,0.08333333333333333,0.0,0.022388059701492536,0.0007204610951008645
hier_clust,20,20,weighted,True,1806,7520,0.2401595744680851,0.0,0.0,0.9988776655443322,0.004357298474945534,0.06930693069306931,0.25,0.0,0.014925373134328358,0.0007204610951008645
hier_clust,3,27,single,True,1806,7520,0.2401595744680851,0.0,0.0,1.0,0.005809731299927378,0.054455445544554455,0.08333333333333333,0.0,0.022388059701492536,0.0007204610951008645
hier_clust,False,25,centroid,False,1805,7520,0.24002659574468085,0.0,0.0,1.0,0.006535947712418301,0.054455445544554455,0.25,0.0,0.0,0.0
hier_clust,4,30,single,True,1805,7520,0.24002659574468085,0.0,0.0,0.999438832772166,0.006535947712418301,0.04950495049504951,0.08333333333333333,0.0,0.022388059701492536,0.0007204610951008645
hier_clust,10,17,centroid,True,1805,7520,0.24002659574468085,0.0,0.0,0.999438832772166,0.005809731299927378,0.0594059405940594,0.08333333333333333,0.0,0.022388059701492536,0.0
hier_clust,5,13,weighted,True,1805,7520,0.24002659574468085,0.0,0.0,0.9988776655443322,0.002178649237472767,0.09405940594059406,0.08333333333333333,0.0,0.014925373134328358,0.0
hier_clust,False,20,average,False,1805,7520,0.24002659574468085,0.0,0.0,1.0,0.005083514887436456,0.06930693069306931,0.08333333333333333,0.029411764705882353,0.0,0.0
hier_clust,20,25,single,False,1805,7520,0.24002659574468085,0.0,0.0,1.0,0.0036310820624546117,0.07425742574257425,0.16666666666666666,0.029411764705882353,0.0,0.0
hier_clust,5,14,weighted,True,1805,7520,0.24002659574468085,0.0,0.0,0.9988776655443322,0.002904865649963689,0.0891089108910891,0.08333333333333333,0.0,0.014925373134328358,0.0
hier_clust,20,10,centroid,False,1805,7520,0.24002659574468085,0.0,0.0,0.9983164983164983,0.010893246187363835,0.054455445544554455,0.0,0.0,0.0,0.0
hier_clust,3,21,single,False,1805,7520,0.24002659574468085,0.0,0.0,1.0,0.008714596949891068,0.04455445544554455,0.08333333333333333,0.0,0.007462686567164179,0.0
hier_clust,20,12,centroid,False,1805,7520,0.24002659574468085,0.0,0.0,0.9983164983164983,0.010893246187363835,0.054455445544554455,0.0,0.0,0.0,0.0
hier_clust,5,20,median,True,1805,7520,0.24002659574468085,0.0,0.0,0.999438832772166,0.006535947712418301,0.0594059405940594,0.08333333333333333,0.0,0.014925373134328358,0.0
hier_clust,2,21,single,False,1805,7520,0.24002659574468085,0.0,0.0,0.9988776655443322,0.010893246187363835,0.024752475247524754,0.0,0.0,0.03731343283582089,0.0
hier_clust,False,25,single,False,1805,7520,0.24002659574468085,0.0,0.0,1.0,0.005809731299927378,0.0594059405940594,0.16666666666666666,0.029411764705882353,0.0,0.0
hier_clust,20,11,centroid,False,1805,7520,0.24002659574468085,0.0,0.0,0.9983164983164983,0.010893246187363835,0.054455445544554455,0.0,0.0,0.0,0.0
hier_clust,20,8,centroid,False,1805,7520,0.24002659574468085,0.0,0.0,0.9983164983164983,0.00944081336238199,0.06435643564356436,0.0,0.0,0.0,0.0
hier_clust,20,9,centroid,False,1805,7520,0.24002659574468085,0.0,0.0,0.9983164983164983,0.010893246187363835,0.054455445544554455,0.0,0.0,0.0,0.0
hier_clust,5,17,median,True,1804,7520,0.2398936170212766,0.0,0.0,0.9988776655443322,0.005809731299927378,0.06435643564356436,0.08333333333333333,0.0,0.014925373134328358,0.0
hier_clust,False,32,single,True,1804,7520,0.2398936170212766,0.0,0.0,1.0,0.006535947712418301,0.0297029702970297,0.16666666666666666,0.0,0.029850746268656716,0.0007204610951008645
hier_clust,20,30,single,True,1804,7520,0.2398936170212766,0.0,0.0,1.0,0.007262164124909223,0.024752475247524754,0.08333333333333333,0.0,0.029850746268656716,0.001440922190201729
hier_clust,5,27,single,True,1804,7520,0.2398936170212766,0.0,0.0,0.999438832772166,0.005809731299927378,0.04950495049504951,0.08333333333333333,0.0,0.022388059701492536,0.0007204610951008645
hier_clust,False,32,centroid,True,1804,7520,0.2398936170212766,0.0,0.0,1.0,0.006535947712418301,0.0297029702970297,0.16666666666666666,0.0,0.029850746268656716,0.0007204610951008645
hier_clust,10,30,single,True,1804,7520,0.2398936170212766,0.0,0.0,1.0,0.007262164124909223,0.024752475247524754,0.08333333333333333,0.0,0.029850746268656716,0.001440922190201729
hier_clust,False,32,average,True,1804,7520,0.2398936170212766,0.0,0.0,1.0,0.006535947712418301,0.0297029702970297,0.16666666666666666,0.0,0.029850746268656716,0.0007204610951008645
hier_clust,4,18,single,False,1804,7520,0.2398936170212766,0.0,0.0,0.999438832772166,0.008714596949891068,0.04455445544554455,0.0,0.029411764705882353,0.0,0.0007204610951008645
hier_clust,3,20,single,False,1804,7520,0.2398936170212766,0.0,0.0,1.0,0.008714596949891068,0.04455445544554455,0.0,0.0,0.007462686567164179,0.0
hier_clust,10,18,single,False,1804,7520,0.2398936170212766,0.0,0.0,1.0,0.007988380537400145,0.04950495049504951,0.08333333333333333,0.0,0.0,0.0
hier_clust,2,20,single,False,1804,7520,0.2398936170212766,0.0,0.0,0.9988776655443322,0.010167029774872912,0.024752475247524754,0.0,0.0,0.03731343283582089,0.0
hier_clust,5,18,median,True,1804,7520,0.2398936170212766,0.0,0.0,0.9988776655443322,0.005809731299927378,0.06435643564356436,0.08333333333333333,0.0,0.014925373134328358,0.0
hier_clust,4,20,average,True,1804,7520,0.2398936170212766,0.0,0.0,0.9983164983164983,0.005809731299927378,0.04950495049504951,0.08333333333333333,0.0,0.04477611940298507,0.0
hier_clust,20,7,centroid,False,1804,7520,0.2398936170212766,0.0,0.0,0.9983164983164983,0.008714596949891068,0.06435643564356436,0.0,0.0,0.0,0.0
hier_clust,10,18,weighted,True,1804,7520,0.2398936170212766,0.0,0.0,0.9983164983164983,0.004357298474945534,0.06435643564356436,0.25,0.0,0.022388059701492536,0.0
hier_clust,3,18,single,False,1803,7520,0.23976063829787234,0.0,0.0,1.0,0.008714596949891068,0.039603960396039604,0.0,0.0,0.007462686567164179,0.0
hier_clust,5,18,single,False,1803,7520,0.23976063829787234,0.0,0.0,0.999438832772166,0.00944081336238199,0.039603960396039604,0.0,0.0,0.0,0.0007204610951008645
hier_clust,10,15,median,True,1803,7520,0.23976063829787234,0.0,0.0,0.9977553310886644,0.0036310820624546117,0.06435643564356436,0.25,0.0,0.029850746268656716,0.0
hier_clust,20,23,single,False,1803,7520,0.23976063829787234,0.0,0.0,1.0,0.0036310820624546117,0.06930693069306931,0.16666666666666666,0.0,0.0,0.0
hier_clust,False,27,complete,True,1803,7520,0.23976063829787234,0.0,0.0,1.0,0.007988380537400145,0.019801980198019802,0.25,0.0,0.014925373134328358,0.0007204610951008645
hier_clust,10,17,median,True,1803,7520,0.23976063829787234,0.0,0.0,0.9977553310886644,0.0036310820624546117,0.06435643564356436,0.25,0.0,0.029850746268656716,0.0
hier_clust,10,18,median,True,1803,7520,0.23976063829787234,0.0,0.0,0.9983164983164983,0.002904865649963689,0.06435643564356436,0.25,0.0,0.029850746268656716,0.0
hier_clust,2,25,single,True,1803,7520,0.23976063829787234,0.0,0.0,1.0,0.004357298474945534,0.04455445544554455,0.08333333333333333,0.0,0.029850746268656716,0.0007204610951008645
hier_clust,False,30,centroid,True,1803,7520,0.23976063829787234,0.0,0.0,1.0,0.006535947712418301,0.0297029702970297,0.16666666666666666,0.0,0.022388059701492536,0.0007204610951008645
hier_clust,10,17,weighted,True,1803,7520,0.23976063829787234,0.0,0.0,0.9983164983164983,0.0036310820624546117,0.06435643564356436,0.25,0.0,0.022388059701492536,0.0
hier_clust,10,27,single,True,1803,7520,0.23976063829787234,0.0,0.0,1.0,0.007262164124909223,0.024752475247524754,0.08333333333333333,0.0,0.029850746268656716,0.0007204610951008645
hier_clust,2,27,single,True,1803,7520,0.23976063829787234,0.0,0.0,1.0,0.004357298474945534,0.04455445544554455,0.08333333333333333,0.0,0.029850746268656716,0.0007204610951008645
hier_clust,5,20,centroid,True,1803,7520,0.23976063829787234,0.0,0.0,0.999438832772166,0.006535947712418301,0.04455445544554455,0.08333333333333333,0.0,0.022388059701492536,0.0
hier_clust,20,18,complete,True,1803,7520,0.23976063829787234,0.0,0.0,0.9983164983164983,0.004357298474945534,0.054455445544554455,0.25,0.0,0.022388059701492536,0.0007204610951008645
hier_clust,20,17,complete,True,1803,7520,0.23976063829787234,0.0,0.0,0.9983164983164983,0.004357298474945534,0.054455445544554455,0.25,0.0,0.022388059701492536,0.0007204610951008645
hier_clust,2,18,single,False,1803,7520,0.23976063829787234,0.0,0.0,0.9988776655443322,0.010167029774872912,0.024752475247524754,0.0,0.0,0.029850746268656716,0.0
hier_clust,4,27,single,True,1803,7520,0.23976063829787234,0.0,0.0,0.999438832772166,0.005809731299927378,0.04455445544554455,0.08333333333333333,0.0,0.022388059701492536,0.0007204610951008645
hier_clust,4,17,single,False,1803,7520,0.23976063829787234,0.0,0.0,0.999438832772166,0.008714596949891068,0.04455445544554455,0.0,0.0,0.0,0.0007204610951008645
hier_clust,10,17,single,False,1803,7520,0.23976063829787234,0.0,0.0,1.0,0.007988380537400145,0.04950495049504951,0.0,0.0,0.0,0.0
hier_clust,False,30,average,True,1802,7520,0.23962765957446808,0.0,0.0,1.0,0.006535947712418301,0.0297029702970297,0.08333333333333333,0.0,0.022388059701492536,0.0007204610951008645
hier_clust,4,18,average,True,1802,7520,0.23962765957446808,0.0,0.0,0.9983164983164983,0.004357298474945534,0.04950495049504951,0.08333333333333333,0.0,0.04477611940298507,0.0
hier_clust,3,25,single,True,1802,7520,0.23962765957446808,0.0,0.0,1.0,0.005083514887436456,0.039603960396039604,0.08333333333333333,0.0,0.022388059701492536,0.0007204610951008645
hier_clust,4,25,single,True,1802,7520,0.23962765957446808,0.0,0.0,0.999438832772166,0.005083514887436456,0.04455445544554455,0.08333333333333333,0.0,0.022388059701492536,0.0007204610951008645
hier_clust,5,15,median,True,1802,7520,0.23962765957446808,0.0,0.0,0.9983164983164983,0.005083514887436456,0.06435643564356436,0.08333333333333333,0.0,0.014925373134328358,0.0
hier_clust,10,15,weighted,True,1802,7520,0.23962765957446808,0.0,0.0,0.9983164983164983,0.0036310820624546117,0.06930693069306931,0.08333333333333333,0.0,0.022388059701492536,0.0
hier_clust,20,27,single,True,1802,7520,0.23962765957446808,0.0,0.0,1.0,0.006535947712418301,0.019801980198019802,0.08333333333333333,0.0,0.029850746268656716,0.001440922190201729
hier_clust,3,17,single,False,1802,7520,0.23962765957446808,0.0,0.0,1.0,0.007988380537400145,0.039603960396039604,0.0,0.0,0.007462686567164179,0.0
hier_clust,3,8,complete,True,1802,7520,0.23962765957446808,0.0,0.0,0.9960718294051627,0.006535947712418301,0.0891089108910891,0.0,0.0,0.0,0.0
hier_clust,2,17,single,False,1802,7520,0.23962765957446808,0.0,0.0,0.9988776655443322,0.010167029774872912,0.024752475247524754,0.0,0.0,0.022388059701492536,0.0
hier_clust,False,18,average,False,1802,7520,0.23962765957446808,0.0,0.0,1.0,0.0036310820624546117,0.06930693069306931,0.08333333333333333,0.0,0.0,0.0
hier_clust,False,17,average,False,1802,7520,0.23962765957446808,0.0,0.0,1.0,0.0036310820624546117,0.06930693069306931,0.08333333333333333,0.0,0.0,0.0
hier_clust,False,15,average,False,1802,7520,0.23962765957446808,0.0,0.0,1.0,0.0036310820624546117,0.06930693069306931,0.08333333333333333,0.0,0.0,0.0
hier_clust,5,18,centroid,True,1802,7520,0.23962765957446808,0.0,0.0,0.9988776655443322,0.005809731299927378,0.04950495049504951,0.08333333333333333,0.0,0.022388059701492536,0.0
hier_clust,False,23,single,False,1802,7520,0.23962765957446808,0.0,0.0,1.0,0.005809731299927378,0.04455445544554455,0.16666666666666666,0.029411764705882353,0.0,0.0
hier_clust,4,9,complete,True,1802,7520,0.23962765957446808,0.0,0.0,0.9971941638608305,0.0036310820624546117,0.07920792079207921,0.0,0.0,0.029850746268656716,0.0
hier_clust,3,7,complete,True,1802,7520,0.23962765957446808,0.0,0.0,0.9960718294051627,0.006535947712418301,0.0891089108910891,0.0,0.0,0.0,0.0
hier_clust,False,30,single,True,1802,7520,0.23962765957446808,0.0,0.0,1.0,0.006535947712418301,0.0297029702970297,0.16666666666666666,0.0,0.014925373134328358,0.0007204610951008645
hier_clust,5,25,single,True,1802,7520,0.23962765957446808,0.0,0.0,0.999438832772166,0.005809731299927378,0.039603960396039604,0.08333333333333333,0.0,0.022388059701492536,0.0007204610951008645
hier_clust,3,14,average,True,1801,7520,0.23949468085106382,0.0,0.0,0.999438832772166,0.004357298474945534,0.04950495049504951,0.08333333333333333,0.0,0.022388059701492536,0.0
hier_clust,False,14,average,False,1801,7520,0.23949468085106382,0.0,0.0,1.0,0.002904865649963689,0.06930693069306931,0.08333333333333333,0.0,0.0,0.0
hier_clust,10,14,weighted,True,1801,7520,0.23949468085106382,0.0,0.0,0.9983164983164983,0.0036310820624546117,0.06930693069306931,0.08333333333333333,0.0,0.014925373134328358,0.0
hier_clust,5,23,single,True,1801,7520,0.23949468085106382,0.0,0.0,0.999438832772166,0.005083514887436456,0.039603960396039604,0.08333333333333333,0.0,0.022388059701492536,0.0007204610951008645
hier_clust,20,25,single,True,1801,7520,0.23949468085106382,0.0,0.0,1.0,0.005809731299927378,0.019801980198019802,0.08333333333333333,0.0,0.029850746268656716,0.001440922190201729
hier_clust,20,20,median,True,1801,7520,0.23949468085106382,0.0,0.0,0.999438832772166,0.007262164124909223,0.0297029702970297,0.08333333333333333,0.0,0.014925373134328358,0.0007204610951008645
hier_clust,3,13,average,True,1801,7520,0.23949468085106382,0.0,0.0,0.999438832772166,0.004357298474945534,0.04950495049504951,0.08333333333333333,0.0,0.022388059701492536,0.0
hier_clust,False,27,centroid,True,1801,7520,0.23949468085106382,0.0,0.0,1.0,0.006535947712418301,0.024752475247524754,0.08333333333333333,0.0,0.022388059701492536,0.0007204610951008645
hier_clust,3,23,single,True,1801,7520,0.23949468085106382,0.0,0.0,1.0,0.005083514887436456,0.039603960396039604,0.08333333333333333,0.0,0.022388059701492536,0.0
hier_clust,5,17,centroid,True,1801,7520,0.23949468085106382,0.0,0.0,0.9988776655443322,0.005809731299927378,0.04950495049504951,0.08333333333333333,0.0,0.014925373134328358,0.0
hier_clust,4,17,average,True,1801,7520,0.23949468085106382,0.0,0.0,0.9977553310886644,0.004357298474945534,0.04950495049504951,0.08333333333333333,0.0,0.04477611940298507,0.0
hier_clust,4,15,average,True,1801,7520,0.23949468085106382,0.0,0.0,0.9977553310886644,0.004357298474945534,0.04950495049504951,0.08333333333333333,0.0,0.04477611940298507,0.0
hier_clust,10,25,single,True,1801,7520,0.23949468085106382,0.0,0.0,1.0,0.007262164124909223,0.019801980198019802,0.08333333333333333,0.0,0.022388059701492536,0.0007204610951008645
hier_clust,2,23,single,True,1801,7520,0.23949468085106382,0.0,0.0,1.0,0.004357298474945534,0.034653465346534656,0.08333333333333333,0.0,0.029850746268656716,0.0007204610951008645
hier_clust,20,23,centroid,True,1801,7520,0.23949468085106382,0.0,0.0,1.0,0.005809731299927378,0.0297029702970297,0.08333333333333333,0.0,0.022388059701492536,0.0007204610951008645
hier_clust,4,14,average,True,1801,7520,0.23949468085106382,0.0,0.0,0.9977553310886644,0.004357298474945534,0.04950495049504951,0.08333333333333333,0.0,0.04477611940298507,0.0
hier_clust,20,21,median,True,1801,7520,0.23949468085106382,0.0,0.0,0.999438832772166,0.007262164124909223,0.0297029702970297,0.08333333333333333,0.0,0.014925373134328358,0.0007204610951008645
hier_clust,20,25,centroid,True,1801,7520,0.23949468085106382,0.0,0.0,1.0,0.005809731299927378,0.0297029702970297,0.08333333333333333,0.0,0.022388059701492536,0.0007204610951008645
hier_clust,10,21,average,True,1801,7520,0.23949468085106382,0.0,0.0,0.999438832772166,0.007262164124909223,0.0297029702970297,0.08333333333333333,0.0,0.022388059701492536,0.0
hier_clust,False,27,weighted,True,1801,7520,0.23949468085106382,0.0,0.0,1.0,0.007262164124909223,0.019801980198019802,0.08333333333333333,0.0,0.022388059701492536,0.0007204610951008645
hier_clust,20,23,average,True,1801,7520,0.23949468085106382,0.0,0.0,1.0,0.007262164124909223,0.01485148514851485,0.25,0.0,0.014925373134328358,0.0007204610951008645
hier_clust,5,14,median,True,1801,7520,0.23949468085106382,0.0,0.0,0.9983164983164983,0.005083514887436456,0.06435643564356436,0.08333333333333333,0.0,0.007462686567164179,0.0
hier_clust,5,17,single,False,1801,7520,0.23949468085106382,0.0,0.0,1.0,0.007262164124909223,0.039603960396039604,0.0,0.0,0.0,0.0007204610951008645
hier_clust,20,21,single,False,1801,7520,0.23949468085106382,0.0,0.0,1.0,0.0036310820624546117,0.06435643564356436,0.08333333333333333,0.0,0.0,0.0
hier_clust,4,8,complete,True,1800,7520,0.2393617021276596,0.0,0.0,0.9971941638608305,0.005083514887436456,0.07920792079207921,0.0,0.0,0.0,0.0
hier_clust,5,15,single,False,1800,7520,0.2393617021276596,0.0,0.0,1.0,0.007262164124909223,0.039603960396039604,0.0,0.0,0.0,0.0
hier_clust,20,20,single,False,1800,7520,0.2393617021276596,0.0,0.0,1.0,0.0036310820624546117,0.0594059405940594,0.08333333333333333,0.0,0.0,0.0
hier_clust,False,27,average,True,1800,7520,0.2393617021276596,0.0,0.0,1.0,0.005809731299927378,0.024752475247524754,0.08333333333333333,0.0,0.022388059701492536,0.0007204610951008645
hier_clust,20,21,average,True,1800,7520,0.2393617021276596,0.0,0.0,1.0,0.006535947712418301,0.01485148514851485,0.25,0.0,0.014925373134328358,0.0007204610951008645
hier_clust,False,20,median,False,1800,7520,0.2393617021276596,0.0,0.0,1.0,0.002904865649963689,0.054455445544554455,0.25,0.0,0.0,0.0
hier_clust,20,18,median,True,1800,7520,0.2393617021276596,0.0,0.0,0.999438832772166,0.006535947712418301,0.0297029702970297,0.08333333333333333,0.0,0.014925373134328358,0.0007204610951008645
hier_clust,False,21,median,False,1800,7520,0.2393617021276596,0.0,0.0,1.0,0.002904865649963689,0.054455445544554455,0.25,0.0,0.0,0.0
hier_clust,False,25,complete,True,1800,7520,0.2393617021276596,0.0,0.0,1.0,0.007988380537400145,0.01485148514851485,0.08333333333333333,0.0,0.014925373134328358,0.0007204610951008645
hier_clust,False,25,weighted,True,1800,7520,0.2393617021276596,0.0,0.0,1.0,0.007262164124909223,0.01485148514851485,0.08333333333333333,0.0,0.022388059701492536,0.0007204610951008645
hier_clust,4,7,complete,True,1800,7520,0.2393617021276596,0.0,0.0,0.9971941638608305,0.002178649237472767,0.09900990099009901,0.0,0.0,0.0,0.0
hier_clust,2,15,single,False,1800,7520,0.2393617021276596,0.0,0.0,0.999438832772166,0.010167029774872912,0.01485148514851485,0.0,0.0,0.014925373134328358,0.0
hier_clust,False,23,centroid,False,1800,7520,0.2393617021276596,0.0,0.0,1.0,0.0036310820624546117,0.04950495049504951,0.25,0.0,0.0,0.0
hier_clust,False,27,single,True,1800,7520,0.2393617021276596,0.0,0.0,1.0,0.006535947712418301,0.024752475247524754,0.08333333333333333,0.0,0.014925373134328358,0.0007204610951008645
hier_clust,2,8,weighted,True,1800,7520,0.2393617021276596,0.0,0.0,0.999438832772166,0.0036310820624546117,0.06930693069306931,0.0,0.0,0.0,0.0
hier_clust,4,15,centroid,True,1800,7520,0.2393617021276596,0.0,0.0,0.9988776655443322,0.006535947712418301,0.039603960396039604,0.08333333333333333,0.0,0.014925373134328358,0.0
hier_clust,False,21,single,False,1800,7520,0.2393617021276596,0.0,0.0,1.0,0.005809731299927378,0.039603960396039604,0.16666666666666666,0.0,0.0,0.0
hier_clust,4,17,centroid,True,1800,7520,0.2393617021276596,0.0,0.0,0.999438832772166,0.005809731299927378,0.039603960396039604,0.08333333333333333,0.0,0.014925373134328358,0.0
hier_clust,10,18,average,True,1800,7520,0.2393617021276596,0.0,0.0,0.999438832772166,0.006535947712418301,0.0297029702970297,0.08333333333333333,0.0,0.022388059701492536,0.0
hier_clust,10,13,weighted,True,1800,7520,0.2393617021276596,0.0,0.0,0.9983164983164983,0.002178649237472767,0.07425742574257425,0.08333333333333333,0.0,0.014925373134328358,0.0
hier_clust,10,20,average,True,1800,7520,0.2393617021276596,0.0,0.0,0.999438832772166,0.006535947712418301,0.0297029702970297,0.08333333333333333,0.0,0.022388059701492536,0.0
hier_clust,2,21,single,True,1800,7520,0.2393617021276596,0.0,0.0,1.0,0.004357298474945534,0.034653465346534656,0.08333333333333333,0.0,0.022388059701492536,0.0007204610951008645
hier_clust,2,11,single,False,1799,7520,0.23922872340425533,0.0,0.0,0.9983164983164983,0.011619462599854757,0.009900990099009901,0.0,0.0,0.014925373134328358,0.0
hier_clust,False,13,average,False,1799,7520,0.23922872340425533,0.0,0.0,1.0,0.002904865649963689,0.0594059405940594,0.08333333333333333,0.0,0.0,0.0
hier_clust,False,25,centroid,True,1799,7520,0.23922872340425533,0.0,0.0,1.0,0.005809731299927378,0.019801980198019802,0.08333333333333333,0.0,0.022388059701492536,0.0007204610951008645
hier_clust,4,14,centroid,True,1799,7520,0.23922872340425533,0.0,0.0,0.9988776655443322,0.005809731299927378,0.039603960396039604,0.08333333333333333,0.0,0.014925373134328358,0.0
hier_clust,10,23,single,True,1799,7520,0.23922872340425533,0.0,0.0,1.0,0.006535947712418301,0.01485148514851485,0.08333333333333333,0.0,0.022388059701492536,0.0007204610951008645
hier_clust,False,25,average,True,1799,7520,0.23922872340425533,0.0,0.0,1.0,0.005809731299927378,0.019801980198019802,0.08333333333333333,0.0,0.022388059701492536,0.0007204610951008645
hier_clust,False,27,median,True,1799,7520,0.23922872340425533,0.0,0.0,1.0,0.005083514887436456,0.024752475247524754,0.08333333333333333,0.0,0.022388059701492536,0.0007204610951008645
hier_clust,4,13,centroid,True,1799,7520,0.23922872340425533,0.0,0.0,0.9983164983164983,0.005809731299927378,0.04455445544554455,0.08333333333333333,0.0,0.014925373134328358,0.0
hier_clust,20,23,single,True,1799,7520,0.23922872340425533,0.0,0.0,1.0,0.005809731299927378,0.019801980198019802,0.08333333333333333,0.0,0.022388059701492536,0.0007204610951008645
hier_clust,4,23,single,True,1799,7520,0.23922872340425533,0.0,0.0,0.999438832772166,0.004357298474945534,0.034653465346534656,0.08333333333333333,0.0,0.022388059701492536,0.0007204610951008645
hier_clust,20,21,centroid,True,1799,7520,0.23922872340425533,0.0,0.0,1.0,0.005083514887436456,0.0297029702970297,0.08333333333333333,0.0,0.014925373134328358,0.0007204610951008645
hier_clust,20,20,centroid,True,1799,7520,0.23922872340425533,0.0,0.0,1.0,0.005083514887436456,0.0297029702970297,0.08333333333333333,0.0,0.014925373134328358,0.0007204610951008645
hier_clust,20,18,weighted,True,1799,7520,0.23922872340425533,0.0,0.0,0.999438832772166,0.004357298474945534,0.0297029702970297,0.25,0.0,0.014925373134328358,0.0007204610951008645
hier_clust,2,14,single,False,1799,7520,0.23922872340425533,0.0,0.0,0.999438832772166,0.010167029774872912,0.009900990099009901,0.0,0.0,0.014925373134328358,0.0
hier_clust,2,13,single,False,1799,7520,0.23922872340425533,0.0,0.0,0.999438832772166,0.010167029774872912,0.009900990099009901,0.0,0.0,0.014925373134328358,0.0
hier_clust,2,12,single,False,1799,7520,0.23922872340425533,0.0,0.0,0.9983164983164983,0.011619462599854757,0.009900990099009901,0.0,0.0,0.014925373134328358,0.0
hier_clust,5,14,single,False,1799,7520,0.23922872340425533,0.0,0.0,1.0,0.006535947712418301,0.039603960396039604,0.0,0.0,0.0,0.0
hier_clust,False,20,single,False,1799,7520,0.23922872340425533,0.0,0.0,1.0,0.005083514887436456,0.039603960396039604,0.16666666666666666,0.0,0.0,0.0
hier_clust,4,13,single,False,1799,7520,0.23922872340425533,0.0,0.0,0.999438832772166,0.005809731299927378,0.04455445544554455,0.0,0.0,0.0,0.0007204610951008645
hier_clust,4,14,single,False,1799,7520,0.23922872340425533,0.0,0.0,0.999438832772166,0.005809731299927378,0.04455445544554455,0.0,0.0,0.0,0.0007204610951008645
hier_clust,4,15,single,False,1799,7520,0.23922872340425533,0.0,0.0,0.999438832772166,0.005809731299927378,0.04455445544554455,0.0,0.0,0.0,0.0007204610951008645
hier_clust,3,15,single,False,1799,7520,0.23922872340425533,0.0,0.0,1.0,0.007988380537400145,0.024752475247524754,0.0,0.0,0.007462686567164179,0.0
hier_clust,20,18,centroid,True,1798,7520,0.23909574468085107,0.0,0.0,0.999438832772166,0.005083514887436456,0.0297029702970297,0.08333333333333333,0.0,0.014925373134328358,0.0007204610951008645
hier_clust,3,14,single,False,1798,7520,0.23909574468085107,0.0,0.0,1.0,0.007988380537400145,0.024752475247524754,0.0,0.0,0.0,0.0
hier_clust,20,17,centroid,True,1798,7520,0.23909574468085107,0.0,0.0,0.999438832772166,0.005083514887436456,0.0297029702970297,0.08333333333333333,0.0,0.014925373134328358,0.0007204610951008645
hier_clust,3,11,average,True,1798,7520,0.23909574468085107,0.0,0.0,0.9983164983164983,0.005809731299927378,0.04950495049504951,0.08333333333333333,0.0,0.0,0.0
hier_clust,3,12,average,True,1798,7520,0.23909574468085107,0.0,0.0,0.999438832772166,0.004357298474945534,0.04950495049504951,0.08333333333333333,0.0,0.0,0.0
hier_clust,False,21,weighted,True,1798,7520,0.23909574468085107,0.0,0.0,1.0,0.005809731299927378,0.01485148514851485,0.08333333333333333,0.0,0.022388059701492536,0.0007204610951008645
hier_clust,False,25,single,True,1798,7520,0.23909574468085107,0.0,0.0,1.0,0.005083514887436456,0.024752475247524754,0.08333333333333333,0.0,0.014925373134328358,0.0007204610951008645
hier_clust,20,18,single,False,1798,7520,0.23909574468085107,0.0,0.0,1.0,0.0036310820624546117,0.054455445544554455,0.0,0.0,0.0,0.0
hier_clust,5,21,single,True,1798,7520,0.23909574468085107,0.0,0.0,1.0,0.005083514887436456,0.024752475247524754,0.08333333333333333,0.0,0.014925373134328358,0.0007204610951008645
hier_clust,4,12,centroid,True,1798,7520,0.23909574468085107,0.0,0.0,0.9983164983164983,0.007262164124909223,0.0297029702970297,0.08333333333333333,0.0,0.014925373134328358,0.0
hier_clust,False,15,median,False,1798,7520,0.23909574468085107,0.0,0.0,1.0,0.002904865649963689,0.04455445544554455,0.25,0.0,0.0,0.0
hier_clust,3,10,median,True,1798,7520,0.23909574468085107,0.0,0.0,0.9960718294051627,0.006535947712418301,0.06435643564356436,0.08333333333333333,0.0,0.0,0.0
hier_clust,False,12,average,False,1798,7520,0.23909574468085107,0.0,0.0,1.0,0.002904865649963689,0.054455445544554455,0.08333333333333333,0.0,0.0,0.0
hier_clust,3,11,median,True,1798,7520,0.23909574468085107,0.0,0.0,0.9960718294051627,0.006535947712418301,0.06435643564356436,0.08333333333333333,0.0,0.0,0.0
hier_clust,False,21,centroid,False,1798,7520,0.23909574468085107,0.0,0.0,1.0,0.0036310820624546117,0.04455445544554455,0.16666666666666666,0.0,0.0,0.0
hier_clust,False,23,weighted,True,1798,7520,0.23909574468085107,0.0,0.0,1.0,0.005809731299927378,0.01485148514851485,0.08333333333333333,0.0,0.022388059701492536,0.0007204610951008645
hier_clust,3,10,average,True,1798,7520,0.23909574468085107,0.0,0.0,0.9983164983164983,0.005809731299927378,0.04950495049504951,0.08333333333333333,0.0,0.0,0.0
hier_clust,3,11,centroid,True,1798,7520,0.23909574468085107,0.0,0.0,0.9983164983164983,0.005809731299927378,0.04950495049504951,0.08333333333333333,0.0,0.0,0.0
hier_clust,3,10,centroid,True,1798,7520,0.23909574468085107,0.0,0.0,0.9983164983164983,0.005809731299927378,0.04950495049504951,0.08333333333333333,0.0,0.0,0.0
hier_clust,False,20,weighted,True,1798,7520,0.23909574468085107,0.0,0.0,1.0,0.005809731299927378,0.01485148514851485,0.08333333333333333,0.0,0.022388059701492536,0.0007204610951008645
hier_clust,10,21,single,True,1798,7520,0.23909574468085107,0.0,0.0,0.999438832772166,0.006535947712418301,0.01485148514851485,0.08333333333333333,0.0,0.022388059701492536,0.0007204610951008645
hier_clust,5,15,centroid,True,1798,7520,0.23909574468085107,0.0,0.0,0.9988776655443322,0.004357298474945534,0.04950495049504951,0.08333333333333333,0.0,0.007462686567164179,0.0
hier_clust,False,25,median,True,1798,7520,0.23909574468085107,0.0,0.0,1.0,0.004357298474945534,0.024752475247524754,0.08333333333333333,0.0,0.022388059701492536,0.0007204610951008645
hier_clust,False,23,median,True,1798,7520,0.23909574468085107,0.0,0.0,1.0,0.004357298474945534,0.024752475247524754,0.08333333333333333,0.0,0.022388059701492536,0.0007204610951008645
hier_clust,4,13,average,True,1798,7520,0.23909574468085107,0.0,0.0,0.9983164983164983,0.004357298474945534,0.04950495049504951,0.08333333333333333,0.0,0.014925373134328358,0.0
hier_clust,False,17,median,False,1798,7520,0.23909574468085107,0.0,0.0,1.0,0.002904865649963689,0.04455445544554455,0.25,0.0,0.0,0.0
hier_clust,False,18,median,False,1798,7520,0.23909574468085107,0.0,0.0,1.0,0.002904865649963689,0.04455445544554455,0.25,0.0,0.0,0.0
hier_clust,20,20,average,True,1798,7520,0.23909574468085107,0.0,0.0,1.0,0.005083514887436456,0.01485148514851485,0.25,0.0,0.014925373134328358,0.0007204610951008645
hier_clust,20,21,single,True,1798,7520,0.23909574468085107,0.0,0.0,1.0,0.005809731299927378,0.01485148514851485,0.08333333333333333,0.0,0.022388059701492536,0.0007204610951008645
hier_clust,False,23,average,True,1798,7520,0.23909574468085107,0.0,0.0,1.0,0.005083514887436456,0.019801980198019802,0.08333333333333333,0.0,0.022388059701492536,0.0007204610951008645
hier_clust,20,20,single,True,1798,7520,0.23909574468085107,0.0,0.0,1.0,0.005809731299927378,0.01485148514851485,0.08333333333333333,0.0,0.022388059701492536,0.0007204610951008645
hier_clust,20,17,weighted,True,1798,7520,0.23909574468085107,0.0,0.0,0.999438832772166,0.004357298474945534,0.0297029702970297,0.25,0.0,0.007462686567164179,0.0007204610951008645
hier_clust,10,12,weighted,True,1798,7520,0.23909574468085107,0.0,0.0,0.9983164983164983,0.0007262164124909223,0.07425742574257425,0.08333333333333333,0.0,0.014925373134328358,0.0
hier_clust,4,12,single,False,1798,7520,0.23909574468085107,0.0,0.0,0.999438832772166,0.005809731299927378,0.039603960396039604,0.0,0.0,0.0,0.0007204610951008645
hier_clust,10,17,average,True,1798,7520,0.23909574468085107,0.0,0.0,0.999438832772166,0.005083514887436456,0.0297029702970297,0.08333333333333333,0.0,0.022388059701492536,0.0
hier_clust,5,14,average,True,1798,7520,0.23909574468085107,0.0,0.0,0.9988776655443322,0.0036310820624546117,0.04455445544554455,0.08333333333333333,0.0,0.022388059701492536,0.0
hier_clust,20,18,average,True,1798,7520,0.23909574468085107,0.0,0.0,0.999438832772166,0.005083514887436456,0.01485148514851485,0.25,0.0,0.022388059701492536,0.0007204610951008645
hier_clust,20,17,average,True,1798,7520,0.23909574468085107,0.0,0.0,0.999438832772166,0.005083514887436456,0.01485148514851485,0.25,0.0,0.022388059701492536,0.0007204610951008645
hier_clust,2,20,single,True,1798,7520,0.23909574468085107,0.0,0.0,1.0,0.004357298474945534,0.024752475247524754,0.08333333333333333,0.0,0.022388059701492536,0.0007204610951008645
hier_clust,4,21,single,True,1797,7520,0.2389627659574468,0.0,0.0,0.999438832772166,0.004357298474945534,0.0297029702970297,0.08333333333333333,0.0,0.014925373134328358,0.0007204610951008645
hier_clust,4,12,average,True,1797,7520,0.2389627659574468,0.0,0.0,0.9983164983164983,0.005809731299927378,0.034653465346534656,0.08333333333333333,0.0,0.014925373134328358,0.0
hier_clust,5,12,average,True,1797,7520,0.2389627659574468,0.0,0.0,0.9988776655443322,0.0036310820624546117,0.04455445544554455,0.08333333333333333,0.0,0.014925373134328358,0.0
hier_clust,5,13,average,True,1797,7520,0.2389627659574468,0.0,0.0,0.9988776655443322,0.0036310820624546117,0.04455445544554455,0.08333333333333333,0.0,0.014925373134328358,0.0
hier_clust,5,14,centroid,True,1797,7520,0.2389627659574468,0.0,0.0,0.9988776655443322,0.005809731299927378,0.034653465346534656,0.08333333333333333,0.0,0.007462686567164179,0.0
hier_clust,False,18,single,False,1797,7520,0.2389627659574468,0.0,0.0,1.0,0.004357298474945534,0.034653465346534656,0.16666666666666666,0.0,0.0,0.0
hier_clust,3,12,single,False,1797,7520,0.2389627659574468,0.0,0.0,1.0,0.007988380537400145,0.019801980198019802,0.0,0.0,0.0,0.0
hier_clust,3,13,single,False,1797,7520,0.2389627659574468,0.0,0.0,1.0,0.007988380537400145,0.019801980198019802,0.0,0.0,0.0,0.0
hier_clust,4,11,single,False,1797,7520,0.2389627659574468,0.0,0.0,1.0,0.005809731299927378,0.0297029702970297,0.0,0.0,0.0,0.0007204610951008645
hier_clust,False,23,centroid,True,1797,7520,0.2389627659574468,0.0,0.0,1.0,0.004357298474945534,0.019801980198019802,0.08333333333333333,0.0,0.022388059701492536,0.0007204610951008645
hier_clust,10,11,weighted,True,1797,7520,0.2389627659574468,0.0,0.0,0.9983164983164983,0.0007262164124909223,0.07425742574257425,0.08333333333333333,0.0,0.007462686567164179,0.0
hier_clust,5,13,single,False,1797,7520,0.2389627659574468,0.0,0.0,1.0,0.005083514887436456,0.039603960396039604,0.0,0.0,0.0,0.0
hier_clust,20,17,median,True,1797,7520,0.2389627659574468,0.0,0.0,0.999438832772166,0.006535947712418301,0.01485148514851485,0.08333333333333333,0.0,0.014925373134328358,0.0007204610951008645
hier_clust,10,15,single,False,1797,7520,0.2389627659574468,0.0,0.0,1.0,0.006535947712418301,0.0297029702970297,0.0,0.0,0.0,0.0
hier_clust,3,9,centroid,True,1797,7520,0.2389627659574468,0.0,0.0,0.9983164983164983,0.002904865649963689,0.06435643564356436,0.08333333333333333,0.0,0.0,0.0
hier_clust,3,10,weighted,True,1797,7520,0.2389627659574468,0.0,0.0,0.9960718294051627,0.005809731299927378,0.06435643564356436,0.08333333333333333,0.0,0.0,0.0
hier_clust,10,10,weighted,True,1797,7520,0.2389627659574468,0.0,0.0,0.9983164983164983,0.0007262164124909223,0.07425742574257425,0.08333333333333333,0.0,0.007462686567164179,0.0
hier_clust,False,20,centroid,False,1797,7520,0.2389627659574468,0.0,0.0,1.0,0.0036310820624546117,0.039603960396039604,0.16666666666666666,0.0,0.0,0.0
hier_clust,4,11,average,True,1797,7520,0.2389627659574468,0.0,0.0,0.9983164983164983,0.005083514887436456,0.039603960396039604,0.08333333333333333,0.0,0.014925373134328358,0.0
hier_clust,3,9,average,True,1797,7520,0.2389627659574468,0.0,0.0,0.9983164983164983,0.002904865649963689,0.06435643564356436,0.08333333333333333,0.0,0.0,0.0
hier_clust,4,10,single,False,1796,7520,0.23882978723404255,0.0,0.0,1.0,0.005809731299927378,0.024752475247524754,0.0,0.0,0.0,0.0007204610951008645
hier_clust,False,20,complete,True,1796,7520,0.23882978723404255,0.0,0.0,0.999438832772166,0.005809731299927378,0.01485148514851485,0.08333333333333333,0.0,0.014925373134328358,0.0007204610951008645
hier_clust,10,15,average,True,1796,7520,0.23882978723404255,0.0,0.0,0.999438832772166,0.0036310820624546117,0.0297029702970297,0.08333333333333333,0.0,0.022388059701492536,0.0
hier_clust,10,13,centroid,True,1796,7520,0.23882978723404255,0.0,0.0,1.0,0.002904865649963689,0.0297029702970297,0.08333333333333333,0.0,0.022388059701492536,0.0
hier_clust,False,21,median,True,1796,7520,0.23882978723404255,0.0,0.0,1.0,0.0036310820624546117,0.019801980198019802,0.08333333333333333,0.0,0.022388059701492536,0.0007204610951008645
hier_clust,20,17,single,False,1796,7520,0.23882978723404255,0.0,0.0,1.0,0.0036310820624546117,0.04455445544554455,0.0,0.0,0.0,0.0
hier_clust,False,18,centroid,False,1796,7520,0.23882978723404255,0.0,0.0,1.0,0.002904865649963689,0.039603960396039604,0.16666666666666666,0.0,0.0,0.0
hier_clust,3,8,centroid,True,1796,7520,0.23882978723404255,0.0,0.0,0.9983164983164983,0.0014524328249818446,0.06930693069306931,0.08333333333333333,0.0,0.0,0.0
hier_clust,10,14,centroid,True,1796,7520,0.23882978723404255,0.0,0.0,1.0,0.002904865649963689,0.0297029702970297,0.08333333333333333,0.0,0.022388059701492536,0.0
hier_clust,10,15,centroid,True,1796,7520,0.23882978723404255,0.0,0.0,1.0,0.004357298474945534,0.019801980198019802,0.08333333333333333,0.0,0.022388059701492536,0.0
hier_clust,False,21,complete,True,1796,7520,0.23882978723404255,0.0,0.0,0.999438832772166,0.005809731299927378,0.01485148514851485,0.08333333333333333,0.0,0.014925373134328358,0.0007204610951008645
hier_clust,False,20,median,True,1796,7520,0.23882978723404255,0.0,0.0,1.0,0.0036310820624546117,0.019801980198019802,0.08333333333333333,0.0,0.022388059701492536,0.0007204610951008645
hier_clust,5,20,single,True,1796,7520,0.23882978723404255,0.0,0.0,1.0,0.005083514887436456,0.01485148514851485,0.08333333333333333,0.0,0.014925373134328358,0.0007204610951008645
hier_clust,5,13,median,True,1796,7520,0.23882978723404255,0.0,0.0,0.999438832772166,0.005083514887436456,0.0297029702970297,0.08333333333333333,0.0,0.007462686567164179,0.0
hier_clust,3,11,single,False,1796,7520,0.23882978723404255,0.0,0.0,1.0,0.007262164124909223,0.019801980198019802,0.0,0.0,0.0,0.0
hier_clust,20,18,single,True,1796,7520,0.23882978723404255,0.0,0.0,1.0,0.005083514887436456,0.01485148514851485,0.08333333333333333,0.0,0.014925373134328358,0.0007204610951008645
hier_clust,False,23,complete,True,1796,7520,0.23882978723404255,0.0,0.0,0.999438832772166,0.005809731299927378,0.01485148514851485,0.08333333333333333,0.0,0.014925373134328358,0.0007204610951008645
hier_clust,20,14,weighted,True,1796,7520,0.23882978723404255,0.0,0.0,0.999438832772166,0.004357298474945534,0.0297029702970297,0.08333333333333333,0.0,0.007462686567164179,0.0007204610951008645
hier_clust,False,23,single,True,1796,7520,0.23882978723404255,0.0,0.0,1.0,0.004357298474945534,0.019801980198019802,0.08333333333333333,0.0,0.014925373134328358,0.0007204610951008645
hier_clust,20,15,weighted,True,1796,7520,0.23882978723404255,0.0,0.0,0.999438832772166,0.004357298474945534,0.0297029702970297,0.08333333333333333,0.0,0.007462686567164179,0.0007204610951008645
hier_clust,3,8,average,True,1796,7520,0.23882978723404255,0.0,0.0,0.9983164983164983,0.0014524328249818446,0.06930693069306931,0.08333333333333333,0.0,0.0,0.0
hier_clust,5,12,single,False,1796,7520,0.23882978723404255,0.0,0.0,1.0,0.004357298474945534,0.039603960396039604,0.0,0.0,0.0,0.0
hier_clust,4,11,centroid,True,1796,7520,0.23882978723404255,0.0,0.0,0.9983164983164983,0.005809731299927378,0.0297029702970297,0.08333333333333333,0.0,0.014925373134328358,0.0
hier_clust,False,21,average,True,1795,7520,0.2386968085106383,0.0,0.0,1.0,0.0036310820624546117,0.019801980198019802,0.08333333333333333,0.0,0.014925373134328358,0.0007204610951008645
hier_clust,2,18,single,True,1795,7520,0.2386968085106383,0.0,0.0,1.0,0.004357298474945534,0.01485148514851485,0.0,0.0,0.022388059701492536,0.0007204610951008645
hier_clust,20,14,complete,True,1795,7520,0.2386968085106383,0.0,0.0,0.9983164983164983,0.005809731299927378,0.01485148514851485,0.08333333333333333,0.0,0.022388059701492536,0.0007204610951008645
hier_clust,False,21,centroid,True,1795,7520,0.2386968085106383,0.0,0.0,1.0,0.0036310820624546117,0.019801980198019802,0.08333333333333333,0.0,0.014925373134328358,0.0007204610951008645
hier_clust,5,11,single,False,1795,7520,0.2386968085106383,0.0,0.0,1.0,0.004357298474945534,0.034653465346534656,0.0,0.0,0.0,0.0
hier_clust,4,10,average,True,1795,7520,0.2386968085106383,0.0,0.0,0.9983164983164983,0.005083514887436456,0.039603960396039604,0.08333333333333333,0.0,0.0,0.0
hier_clust,5,12,weighted,True,1795,7520,0.2386968085106383,0.0,0.0,0.9988776655443322,0.002178649237472767,0.04455445544554455,0.08333333333333333,0.0,0.014925373134328358,0.0
hier_clust,3,21,single,True,1795,7520,0.2386968085106383,0.0,0.0,1.0,0.005083514887436456,0.009900990099009901,0.08333333333333333,0.0,0.022388059701492536,0.0
hier_clust,20,14,centroid,True,1795,7520,0.2386968085106383,0.0,0.0,1.0,0.004357298474945534,0.01485148514851485,0.08333333333333333,0.0,0.014925373134328358,0.0007204610951008645
hier_clust,20,15,centroid,True,1795,7520,0.2386968085106383,0.0,0.0,1.0,0.004357298474945534,0.01485148514851485,0.08333333333333333,0.0,0.014925373134328358,0.0007204610951008645
hier_clust,3,20,single,True,1795,7520,0.2386968085106383,0.0,0.0,0.999438832772166,0.005809731299927378,0.009900990099009901,0.08333333333333333,0.0,0.022388059701492536,0.0
hier_clust,2,9,single,False,1795,7520,0.2386968085106383,0.0,0.0,1.0,0.006535947712418301,0.009900990099009901,0.0,0.0,0.014925373134328358,0.0
hier_clust,2,10,single,False,1795,7520,0.2386968085106383,0.0,0.0,1.0,0.006535947712418301,0.009900990099009901,0.0,0.0,0.014925373134328358,0.0
hier_clust,4,9,single,False,1795,7520,0.2386968085106383,0.0,0.0,1.0,0.005809731299927378,0.019801980198019802,0.0,0.0,0.0,0.0007204610951008645
hier_clust,20,15,complete,True,1795,7520,0.2386968085106383,0.0,0.0,0.999438832772166,0.004357298474945534,0.01485148514851485,0.08333333333333333,0.0,0.022388059701492536,0.0007204610951008645
hier_clust,False,17,centroid,False,1795,7520,0.2386968085106383,0.0,0.0,1.0,0.002178649237472767,0.039603960396039604,0.16666666666666666,0.0,0.0,0.0
hier_clust,3,7,average,True,1795,7520,0.2386968085106383,0.0,0.0,0.9983164983164983,0.0014524328249818446,0.06930693069306931,0.0,0.0,0.0,0.0
hier_clust,5,13,centroid,True,1795,7520,0.2386968085106383,0.0,0.0,0.9988776655443322,0.004357298474945534,0.034653465346534656,0.08333333333333333,0.0,0.007462686567164179,0.0
hier_clust,4,10,centroid,True,1795,7520,0.2386968085106383,0.0,0.0,0.9983164983164983,0.0036310820624546117,0.039603960396039604,0.08333333333333333,0.0,0.014925373134328358,0.0
hier_clust,5,11,average,True,1795,7520,0.2386968085106383,0.0,0.0,0.9988776655443322,0.0036310820624546117,0.04455445544554455,0.08333333333333333,0.0,0.0,0.0
hier_clust,20,15,average,True,1795,7520,0.2386968085106383,0.0,0.0,0.999438832772166,0.004357298474945534,0.01485148514851485,0.08333333333333333,0.0,0.022388059701492536,0.0007204610951008645
hier_clust,3,10,single,False,1795,7520,0.2386968085106383,0.0,0.0,0.999438832772166,0.007262164124909223,0.019801980198019802,0.0,0.0,0.0,0.0
hier_clust,4,20,single,True,1795,7520,0.2386968085106383,0.0,0.0,1.0,0.004357298474945534,0.01485148514851485,0.08333333333333333,0.0,0.014925373134328358,0.0007204610951008645
hier_clust,5,10,average,True,1795,7520,0.2386968085106383,0.0,0.0,0.9988776655443322,0.0036310820624546117,0.04455445544554455,0.08333333333333333,0.0,0.0,0.0
hier_clust,2,2,centroid,False,1795,7520,0.2386968085106383,0.0,0.0,0.9983164983164983,0.011619462599854757,0.0,0.0,0.0,0.0,0.0
hier_clust,False,21,single,True,1795,7520,0.2386968085106383,0.0,0.0,1.0,0.0036310820624546117,0.019801980198019802,0.08333333333333333,0.0,0.014925373134328358,0.0007204610951008645
hier_clust,20,14,average,True,1795,7520,0.2386968085106383,0.0,0.0,0.999438832772166,0.004357298474945534,0.01485148514851485,0.08333333333333333,0.0,0.022388059701492536,0.0007204610951008645
hier_clust,5,12,centroid,True,1795,7520,0.2386968085106383,0.0,0.0,0.9988776655443322,0.004357298474945534,0.034653465346534656,0.08333333333333333,0.0,0.007462686567164179,0.0
hier_clust,3,7,centroid,True,1795,7520,0.2386968085106383,0.0,0.0,0.9983164983164983,0.0014524328249818446,0.06930693069306931,0.0,0.0,0.0,0.0
hier_clust,10,20,single,True,1795,7520,0.2386968085106383,0.0,0.0,1.0,0.0036310820624546117,0.01485148514851485,0.08333333333333333,0.0,0.022388059701492536,0.0007204610951008645
hier_clust,5,11,median,True,1794,7520,0.23856382978723403,0.0,0.0,0.999438832772166,0.0036310820624546117,0.0297029702970297,0.08333333333333333,0.0,0.007462686567164179,0.0
hier_clust,5,17,single,True,1794,7520,0.23856382978723403,0.0,0.0,1.0,0.005083514887436456,0.009900990099009901,0.08333333333333333,0.0,0.014925373134328358,0.0
hier_clust,20,11,median,False,1794,7520,0.23856382978723403,0.0,0.0,1.0,0.005809731299927378,0.019801980198019802,0.0,0.0,0.0,0.0
hier_clust,False,17,single,False,1794,7520,0.23856382978723403,0.0,0.0,1.0,0.002178649237472767,0.034653465346534656,0.16666666666666666,0.0,0.0,0.0
hier_clust,5,12,median,True,1794,7520,0.23856382978723403,0.0,0.0,0.999438832772166,0.0036310820624546117,0.0297029702970297,0.08333333333333333,0.0,0.007462686567164179,0.0
hier_clust,5,18,single,True,1794,7520,0.23856382978723403,0.0,0.0,1.0,0.005083514887436456,0.009900990099009901,0.08333333333333333,0.0,0.014925373134328358,0.0
hier_clust,3,9,median,True,1794,7520,0.23856382978723403,0.0,0.0,0.9960718294051627,0.006535947712418301,0.04455445544554455,0.08333333333333333,0.0,0.0,0.0
hier_clust,5,10,single,False,1794,7520,0.23856382978723403,0.0,0.0,1.0,0.004357298474945534,0.0297029702970297,0.0,0.0,0.0,0.0
hier_clust,2,6,average,True,1794,7520,0.23856382978723403,0.0,0.0,0.9988776655443322,0.0036310820624546117,0.04455445544554455,0.0,0.0,0.0,0.0
hier_clust,False,11,average,False,1794,7520,0.23856382978723403,0.0,0.0,1.0,0.002904865649963689,0.034653465346534656,0.08333333333333333,0.0,0.0,0.0
hier_clust,10,14,median,True,1794,7520,0.23856382978723403,0.0,0.0,0.999438832772166,0.0036310820624546117,0.01485148514851485,0.25,0.0,0.014925373134328358,0.0
hier_clust,2,5,average,True,1794,7520,0.23856382978723403,0.0,0.0,0.9988776655443322,0.0036310820624546117,0.04455445544554455,0.0,0.0,0.0,0.0
hier_clust,20,12,median,False,1794,7520,0.23856382978723403,0.0,0.0,1.0,0.005809731299927378,0.019801980198019802,0.0,0.0,0.0,0.0
hier_clust,2,17,single,True,1794,7520,0.23856382978723403,0.0,0.0,1.0,0.004357298474945534,0.01485148514851485,0.0,0.0,0.022388059701492536,0.0
hier_clust,20,13,average,True,1794,7520,0.23856382978723403,0.0,0.0,1.0,0.004357298474945534,0.01485148514851485,0.08333333333333333,0.0,0.007462686567164179,0.0007204610951008645
hier_clust,5,10,centroid,True,1794,7520,0.23856382978723403,0.0,0.0,0.9988776655443322,0.0007262164124909223,0.054455445544554455,0.08333333333333333,0.0,0.007462686567164179,0.0
hier_clust,False,17,complete,True,1794,7520,0.23856382978723403,0.0,0.0,0.9988776655443322,0.005083514887436456,0.01485148514851485,0.08333333333333333,0.0,0.014925373134328358,0.0007204610951008645
hier_clust,3,8,single,False,1794,7520,0.23856382978723403,0.0,0.0,0.999438832772166,0.006535947712418301,0.019801980198019802,0.0,0.0,0.0,0.0
hier_clust,False,18,weighted,True,1794,7520,0.23856382978723403,0.0,0.0,1.0,0.002904865649963689,0.01485148514851485,0.08333333333333333,0.0,0.022388059701492536,0.0007204610951008645
hier_clust,False,15,complete,True,1794,7520,0.23856382978723403,0.0,0.0,0.9988776655443322,0.005083514887436456,0.01485148514851485,0.08333333333333333,0.0,0.014925373134328358,0.0007204610951008645
hier_clust,False,20,centroid,True,1794,7520,0.23856382978723403,0.0,0.0,1.0,0.002904865649963689,0.019801980198019802,0.08333333333333333,0.0,0.014925373134328358,0.0007204610951008645
hier_clust,20,15,single,False,1794,7520,0.23856382978723403,0.0,0.0,1.0,0.002178649237472767,0.04455445544554455,0.0,0.0,0.0,0.0
hier_clust,False,14,complete,True,1794,7520,0.23856382978723403,0.0,0.0,0.9988776655443322,0.005083514887436456,0.01485148514851485,0.08333333333333333,0.0,0.014925373134328358,0.0007204610951008645
hier_clust,3,9,single,False,1794,7520,0.23856382978723403,0.0,0.0,0.999438832772166,0.006535947712418301,0.019801980198019802,0.0,0.0,0.0,0.0
hier_clust,20,15,median,True,1794,7520,0.23856382978723403,0.0,0.0,0.999438832772166,0.004357298474945534,0.01485148514851485,0.08333333333333333,0.0,0.014925373134328358,0.0007204610951008645
hier_clust,5,11,centroid,True,1794,7520,0.23856382978723403,0.0,0.0,0.9988776655443322,0.002904865649963689,0.039603960396039604,0.08333333333333333,0.0,0.007462686567164179,0.0
hier_clust,5,11,weighted,True,1794,7520,0.23856382978723403,0.0,0.0,0.9988776655443322,0.0036310820624546117,0.0297029702970297,0.08333333333333333,0.0,0.014925373134328358,0.0
hier_clust,3,17,single,True,1794,7520,0.23856382978723403,0.0,0.0,0.999438832772166,0.005083514887436456,0.009900990099009901,0.08333333333333333,0.0,0.022388059701492536,0.0
hier_clust,3,18,single,True,1794,7520,0.23856382978723403,0.0,0.0,0.999438832772166,0.005083514887436456,0.009900990099009901,0.08333333333333333,0.0,0.022388059701492536,0.0
hier_clust,4,8,single,False,1794,7520,0.23856382978723403,0.0,0.0,1.0,0.005809731299927378,0.019801980198019802,0.0,0.0,0.0,0.0
hier_clust,False,20,average,True,1794,7520,0.23856382978723403,0.0,0.0,1.0,0.002904865649963689,0.019801980198019802,0.08333333333333333,0.0,0.014925373134328358,0.0007204610951008645
hier_clust,10,9,weighted,True,1794,7520,0.23856382978723403,0.0,0.0,0.9983164983164983,0.0007262164124909223,0.0594059405940594,0.08333333333333333,0.0,0.007462686567164179,0.0
hier_clust,False,18,complete,True,1794,7520,0.23856382978723403,0.0,0.0,0.999438832772166,0.004357298474945534,0.01485148514851485,0.08333333333333333,0.0,0.014925373134328358,0.0007204610951008645
hier_clust,4,9,average,True,1794,7520,0.23856382978723403,0.0,0.0,0.9983164983164983,0.005083514887436456,0.039603960396039604,0.0,0.0,0.0,0.0
hier_clust,False,20,single,True,1794,7520,0.23856382978723403,0.0,0.0,1.0,0.002904865649963689,0.019801980198019802,0.08333333333333333,0.0,0.014925373134328358,0.0007204610951008645
hier_clust,20,13,weighted,True,1793,7520,0.23843085106382977,0.0,0.0,0.999438832772166,0.004357298474945534,0.01485148514851485,0.08333333333333333,0.0,0.007462686567164179,0.0007204610951008645
hier_clust,4,18,single,True,1793,7520,0.23843085106382977,0.0,0.0,1.0,0.0036310820624546117,0.009900990099009901,0.08333333333333333,0.0,0.014925373134328358,0.0007204610951008645
hier_clust,3,7,single,False,1793,7520,0.23843085106382977,0.0,0.0,0.999438832772166,0.006535947712418301,0.01485148514851485,0.0,0.0,0.0,0.0
hier_clust,10,12,complete,True,1793,7520,0.23843085106382977,0.0,0.0,0.999438832772166,0.0036310820624546117,0.019801980198019802,0.08333333333333333,0.0,0.014925373134328358,0.0
hier_clust,10,13,median,True,1793,7520,0.23843085106382977,0.0,0.0,0.999438832772166,0.0036310820624546117,0.019801980198019802,0.08333333333333333,0.0,0.014925373134328358,0.0
hier_clust,3,6,average,True,1793,7520,0.23843085106382977,0.0,0.0,0.9983164983164983,0.0,0.06930693069306931,0.0,0.0,0.0,0.0
hier_clust,20,14,single,False,1793,7520,0.23843085106382977,0.0,0.0,1.0,0.0014524328249818446,0.04455445544554455,0.0,0.0,0.0,0.0
hier_clust,3,8,median,True,1793,7520,0.23843085106382977,0.0,0.0,0.9960718294051627,0.006535947712418301,0.04455445544554455,0.0,0.0,0.0,0.0
hier_clust,3,7,median,True,1793,7520,0.23843085106382977,0.0,0.0,0.9960718294051627,0.006535947712418301,0.04455445544554455,0.0,0.0,0.0,0.0
hier_clust,10,14,single,False,1793,7520,0.23843085106382977,0.0,0.0,1.0,0.0036310820624546117,0.0297029702970297,0.0,0.0,0.0,0.0
hier_clust,False,18,centroid,True,1793,7520,0.23843085106382977,0.0,0.0,1.0,0.002178649237472767,0.019801980198019802,0.08333333333333333,0.0,0.014925373134328358,0.0007204610951008645
hier_clust,False,18,median,True,1793,7520,0.23843085106382977,0.0,0.0,1.0,0.002904865649963689,0.019801980198019802,0.08333333333333333,0.0,0.007462686567164179,0.0007204610951008645
hier_clust,False,18,average,True,1793,7520,0.23843085106382977,0.0,0.0,1.0,0.002178649237472767,0.019801980198019802,0.08333333333333333,0.0,0.014925373134328358,0.0007204610951008645
hier_clust,False,17,weighted,True,1793,7520,0.23843085106382977,0.0,0.0,1.0,0.002178649237472767,0.01485148514851485,0.08333333333333333,0.0,0.022388059701492536,0.0007204610951008645
hier_clust,3,6,centroid,True,1793,7520,0.23843085106382977,0.0,0.0,0.9983164983164983,0.0,0.06930693069306931,0.0,0.0,0.0,0.0
hier_clust,4,9,centroid,True,1793,7520,0.23843085106382977,0.0,0.0,0.9983164983164983,0.0036310820624546117,0.039603960396039604,0.08333333333333333,0.0,0.0,0.0
hier_clust,5,9,centroid,True,1793,7520,0.23843085106382977,0.0,0.0,0.9988776655443322,0.0007262164124909223,0.054455445544554455,0.08333333333333333,0.0,0.0,0.0
hier_clust,2,8,single,False,1793,7520,0.23843085106382977,0.0,0.0,1.0,0.005083514887436456,0.009900990099009901,0.0,0.0,0.014925373134328358,0.0
hier_clust,20,8,median,False,1793,7520,0.23843085106382977,0.0,0.0,0.999438832772166,0.005809731299927378,0.019801980198019802,0.0,0.0,0.0,0.0
hier_clust,20,9,median,False,1793,7520,0.23843085106382977,0.0,0.0,0.999438832772166,0.005809731299927378,0.019801980198019802,0.0,0.0,0.0,0.0
hier_clust,4,7,single,False,1793,7520,0.23843085106382977,0.0,0.0,1.0,0.005083514887436456,0.019801980198019802,0.0,0.0,0.0,0.0
hier_clust,10,14,average,True,1793,7520,0.23843085106382977,0.0,0.0,0.999438832772166,0.0036310820624546117,0.01485148514851485,0.08333333333333333,0.0,0.022388059701492536,0.0
hier_clust,3,9,weighted,True,1793,7520,0.23843085106382977,0.0,0.0,0.9960718294051627,0.005809731299927378,0.04455445544554455,0.08333333333333333,0.0,0.0,0.0
hier_clust,5,10,weighted,True,1793,7520,0.23843085106382977,0.0,0.0,0.9971941638608305,0.0036310820624546117,0.039603960396039604,0.08333333333333333,0.0,0.014925373134328358,0.0
hier_clust,False,10,average,False,1793,7520,0.23843085106382977,0.0,0.0,1.0,0.002904865649963689,0.034653465346534656,0.0,0.0,0.0,0.0
hier_clust,False,9,average,False,1793,7520,0.23843085106382977,0.0,0.0,1.0,0.002904865649963689,0.034653465346534656,0.0,0.0,0.0,0.0
hier_clust,False,15,centroid,False,1793,7520,0.23843085106382977,0.0,0.0,1.0,0.0014524328249818446,0.034653465346534656,0.16666666666666666,0.0,0.0,0.0
hier_clust,10,13,complete,True,1793,7520,0.23843085106382977,0.0,0.0,0.999438832772166,0.0036310820624546117,0.019801980198019802,0.08333333333333333,0.0,0.014925373134328358,0.0
hier_clust,3,8,weighted,True,1793,7520,0.23843085106382977,0.0,0.0,0.9960718294051627,0.005809731299927378,0.04455445544554455,0.08333333333333333,0.0,0.0,0.0
hier_clust,20,10,median,False,1793,7520,0.23843085106382977,0.0,0.0,0.999438832772166,0.005809731299927378,0.019801980198019802,0.0,0.0,0.0,0.0
hier_clust,10,18,single,True,1793,7520,0.23843085106382977,0.0,0.0,1.0,0.002178649237472767,0.01485148514851485,0.08333333333333333,0.0,0.022388059701492536,0.0007204610951008645
hier_clust,False,14,median,False,1793,7520,0.23843085106382977,0.0,0.0,1.0,0.002904865649963689,0.0297029702970297,0.08333333333333333,0.0,0.0,0.0
hier_clust,10,12,average,True,1792,7520,0.23829787234042554,0.0,0.0,0.999438832772166,0.0036310820624546117,0.01485148514851485,0.08333333333333333,0.0,0.014925373134328358,0.0
hier_clust,False,14,centroid,False,1792,7520,0.23829787234042554,0.0,0.0,1.0,0.0014524328249818446,0.0297029702970297,0.16666666666666666,0.0,0.0,0.0
hier_clust,False,11,median,False,1792,7520,0.23829787234042554,0.0,0.0,1.0,0.002904865649963689,0.024752475247524754,0.08333333333333333,0.0,0.0,0.0
hier_clust,False,12,median,False,1792,7520,0.23829787234042554,0.0,0.0,1.0,0.002904865649963689,0.024752475247524754,0.08333333333333333,0.0,0.0,0.0
hier_clust,False,13,median,False,1792,7520,0.23829787234042554,0.0,0.0,1.0,0.002904865649963689,0.024752475247524754,0.08333333333333333,0.0,0.0,0.0
hier_clust,10,13,average,True,1792,7520,0.23829787234042554,0.0,0.0,0.999438832772166,0.0036310820624546117,0.01485148514851485,0.08333333333333333,0.0,0.014925373134328358,0.0
hier_clust,False,17,centroid,True,1792,7520,0.23829787234042554,0.0,0.0,1.0,0.0014524328249818446,0.019801980198019802,0.08333333333333333,0.0,0.014925373134328358,0.0007204610951008645
hier_clust,3,6,single,False,1792,7520,0.23829787234042554,0.0,0.0,1.0,0.005083514887436456,0.01485148514851485,0.0,0.0,0.0,0.0
hier_clust,5,9,complete,True,1792,7520,0.23829787234042554,0.0,0.0,0.9977553310886644,0.005809731299927378,0.0049504950495049506,0.0,0.0,0.03731343283582089,0.0
hier_clust,2,15,single,True,1792,7520,0.23829787234042554,0.0,0.0,1.0,0.0036310820624546117,0.009900990099009901,0.0,0.0,0.022388059701492536,0.0
hier_clust,3,15,single,True,1792,7520,0.23829787234042554,0.0,0.0,1.0,0.002904865649963689,0.009900990099009901,0.08333333333333333,0.0,0.022388059701492536,0.0
hier_clust,5,9,average,True,1792,7520,0.23829787234042554,0.0,0.0,0.9988776655443322,0.0007262164124909223,0.04950495049504951,0.08333333333333333,0.0,0.0,0.0
hier_clust,2,14,single,True,1792,7520,0.23829787234042554,0.0,0.0,1.0,0.0036310820624546117,0.009900990099009901,0.0,0.0,0.022388059701492536,0.0
hier_clust,2,13,single,True,1792,7520,0.23829787234042554,0.0,0.0,1.0,0.0036310820624546117,0.009900990099009901,0.0,0.0,0.022388059701492536,0.0
hier_clust,2,12,single,True,1792,7520,0.23829787234042554,0.0,0.0,1.0,0.0036310820624546117,0.009900990099009901,0.0,0.0,0.022388059701492536,0.0
hier_clust,10,11,complete,True,1792,7520,0.23829787234042554,0.0,0.0,0.9977553310886644,0.005083514887436456,0.019801980198019802,0.08333333333333333,0.0,0.014925373134328358,0.0
hier_clust,2,11,single,True,1792,7520,0.23829787234042554,0.0,0.0,1.0,0.0036310820624546117,0.009900990099009901,0.0,0.0,0.022388059701492536,0.0
hier_clust,False,8,average,False,1792,7520,0.23829787234042554,0.0,0.0,1.0,0.002904865649963689,0.0297029702970297,0.0,0.0,0.0,0.0
hier_clust,20,17,single,True,1792,7520,0.23829787234042554,0.0,0.0,1.0,0.002178649237472767,0.01485148514851485,0.08333333333333333,0.0,0.014925373134328358,0.0007204610951008645
hier_clust,10,17,single,True,1792,7520,0.23829787234042554,0.0,0.0,1.0,0.002178649237472767,0.01485148514851485,0.08333333333333333,0.0,0.022388059701492536,0.0
hier_clust,False,17,average,True,1792,7520,0.23829787234042554,0.0,0.0,1.0,0.0014524328249818446,0.019801980198019802,0.08333333333333333,0.0,0.014925373134328358,0.0007204610951008645
hier_clust,4,17,single,True,1792,7520,0.23829787234042554,0.0,0.0,1.0,0.0036310820624546117,0.009900990099009901,0.08333333333333333,0.0,0.014925373134328358,0.0
hier_clust,20,5,average,False,1792,7520,0.23829787234042554,0.0,0.0,0.9988776655443322,0.005809731299927378,0.019801980198019802,0.0,0.0,0.0,0.0
hier_clust,20,13,single,False,1792,7520,0.23829787234042554,0.0,0.0,1.0,0.0014524328249818446,0.039603960396039604,0.0,0.0,0.0,0.0
hier_clust,False,18,single,True,1792,7520,0.23829787234042554,0.0,0.0,1.0,0.002178649237472767,0.01485148514851485,0.08333333333333333,0.0,0.014925373134328358,0.0007204610951008645
hier_clust,False,17,single,True,1792,7520,0.23829787234042554,0.0,0.0,1.0,0.002178649237472767,0.01485148514851485,0.08333333333333333,0.0,0.014925373134328358,0.0007204610951008645
hier_clust,2,7,single,False,1792,7520,0.23829787234042554,0.0,0.0,1.0,0.005083514887436456,0.009900990099009901,0.0,0.0,0.007462686567164179,0.0
hier_clust,False,15,single,False,1792,7520,0.23829787234042554,0.0,0.0,1.0,0.002178649237472767,0.024752475247524754,0.16666666666666666,0.0,0.0,0.0
hier_clust,3,7,weighted,True,1792,7520,0.23829787234042554,0.0,0.0,0.9960718294051627,0.005809731299927378,0.04455445544554455,0.0,0.0,0.0,0.0
hier_clust,10,13,single,False,1792,7520,0.23829787234042554,0.0,0.0,1.0,0.002904865649963689,0.0297029702970297,0.0,0.0,0.0,0.0
hier_clust,20,13,centroid,True,1791,7520,0.23816489361702128,0.0,0.0,1.0,0.0014524328249818446,0.01485148514851485,0.08333333333333333,0.0,0.014925373134328358,0.0007204610951008645
hier_clust,10,10,average,True,1791,7520,0.23816489361702128,0.0,0.0,0.999438832772166,0.0036310820624546117,0.01485148514851485,0.08333333333333333,0.0,0.007462686567164179,0.0
hier_clust,20,14,median,True,1791,7520,0.23816489361702128,0.0,0.0,1.0,0.0014524328249818446,0.01485148514851485,0.08333333333333333,0.0,0.014925373134328358,0.0007204610951008645
hier_clust,2,10,single,True,1791,7520,0.23816489361702128,0.0,0.0,1.0,0.0036310820624546117,0.0049504950495049506,0.0,0.0,0.022388059701492536,0.0
hier_clust,20,13,median,True,1791,7520,0.23816489361702128,0.0,0.0,1.0,0.0014524328249818446,0.01485148514851485,0.08333333333333333,0.0,0.014925373134328358,0.0007204610951008645
hier_clust,20,12,median,True,1791,7520,0.23816489361702128,0.0,0.0,1.0,0.0014524328249818446,0.01485148514851485,0.08333333333333333,0.0,0.014925373134328358,0.0007204610951008645
hier_clust,10,15,single,True,1791,7520,0.23816489361702128,0.0,0.0,1.0,0.0014524328249818446,0.01485148514851485,0.08333333333333333,0.0,0.022388059701492536,0.0
hier_clust,20,15,single,True,1791,7520,0.23816489361702128,0.0,0.0,1.0,0.0014524328249818446,0.01485148514851485,0.08333333333333333,0.0,0.014925373134328358,0.0007204610951008645
hier_clust,False,13,complete,True,1791,7520,0.23816489361702128,0.0,0.0,1.0,0.0014524328249818446,0.01485148514851485,0.08333333333333333,0.0,0.014925373134328358,0.0007204610951008645
hier_clust,10,11,average,True,1791,7520,0.23816489361702128,0.0,0.0,0.999438832772166,0.0036310820624546117,0.01485148514851485,0.08333333333333333,0.0,0.007462686567164179,0.0
hier_clust,10,12,single,False,1791,7520,0.23816489361702128,0.0,0.0,1.0,0.002904865649963689,0.024752475247524754,0.0,0.0,0.0,0.0
hier_clust,5,9,weighted,True,1791,7520,0.23816489361702128,0.0,0.0,0.9971941638608305,0.0036310820624546117,0.039603960396039604,0.08333333333333333,0.0,0.0,0.0
hier_clust,5,9,median,True,1791,7520,0.23816489361702128,0.0,0.0,0.999438832772166,0.0007262164124909223,0.034653465346534656,0.08333333333333333,0.0,0.007462686567164179,0.0
hier_clust,5,10,median,True,1791,7520,0.23816489361702128,0.0,0.0,0.999438832772166,0.0007262164124909223,0.034653465346534656,0.08333333333333333,0.0,0.007462686567164179,0.0
hier_clust,False,15,weighted,True,1791,7520,0.23816489361702128,0.0,0.0,1.0,0.002178649237472767,0.01485148514851485,0.08333333333333333,0.0,0.007462686567164179,0.0007204610951008645
hier_clust,20,11,single,False,1791,7520,0.23816489361702128,0.0,0.0,1.0,0.0014524328249818446,0.034653465346534656,0.0,0.0,0.0,0.0
hier_clust,20,12,single,False,1791,7520,0.23816489361702128,0.0,0.0,1.0,0.0014524328249818446,0.034653465346534656,0.0,0.0,0.0,0.0
hier_clust,4,15,single,True,1791,7520,0.23816489361702128,0.0,0.0,1.0,0.0036310820624546117,0.009900990099009901,0.08333333333333333,0.0,0.007462686567164179,0.0
hier_clust,4,14,single,True,1791,7520,0.23816489361702128,0.0,0.0,1.0,0.0036310820624546117,0.009900990099009901,0.08333333333333333,0.0,0.007462686567164179,0.0
hier_clust,4,13,single,True,1791,7520,0.23816489361702128,0.0,0.0,1.0,0.0036310820624546117,0.009900990099009901,0.08333333333333333,0.0,0.007462686567164179,0.0
hier_clust,False,17,median,True,1791,7520,0.23816489361702128,0.0,0.0,1.0,0.002178649237472767,0.01485148514851485,0.08333333333333333,0.0,0.007462686567164179,0.0007204610951008645
hier_clust,False,15,median,True,1791,7520,0.23816489361702128,0.0,0.0,1.0,0.002178649237472767,0.01485148514851485,0.08333333333333333,0.0,0.007462686567164179,0.0007204610951008645
hier_clust,False,14,median,True,1791,7520,0.23816489361702128,0.0,0.0,1.0,0.002178649237472767,0.01485148514851485,0.08333333333333333,0.0,0.007462686567164179,0.0007204610951008645
hier_clust,False,9,median,False,1791,7520,0.23816489361702128,0.0,0.0,1.0,0.002178649237472767,0.024752475247524754,0.08333333333333333,0.0,0.0,0.0
hier_clust,5,8,average,True,1791,7520,0.23816489361702128,0.0,0.0,0.9988776655443322,0.0007262164124909223,0.04950495049504951,0.0,0.0,0.0,0.0
hier_clust,2,6,single,False,1791,7520,0.23816489361702128,0.0,0.0,1.0,0.005083514887436456,0.0049504950495049506,0.0,0.0,0.007462686567164179,0.0
hier_clust,3,6,median,True,1791,7520,0.23816489361702128,0.0,0.0,0.9971941638608305,0.0036310820624546117,0.04455445544554455,0.0,0.0,0.0,0.0
hier_clust,2,5,single,False,1791,7520,0.23816489361702128,0.0,0.0,1.0,0.005083514887436456,0.0049504950495049506,0.0,0.0,0.007462686567164179,0.0
hier_clust,10,12,centroid,True,1791,7520,0.23816489361702128,0.0,0.0,1.0,0.002904865649963689,0.0049504950495049506,0.08333333333333333,0.0,0.022388059701492536,0.0
hier_clust,5,14,single,True,1791,7520,0.23816489361702128,0.0,0.0,1.0,0.0036310820624546117,0.009900990099009901,0.08333333333333333,0.0,0.007462686567164179,0.0
hier_clust,10,12,median,True,1791,7520,0.23816489361702128,0.0,0.0,0.999438832772166,0.002178649237472767,0.019801980198019802,0.08333333333333333,0.0,0.014925373134328358,0.0
hier_clust,10,10,complete,True,1791,7520,0.23816489361702128,0.0,0.0,0.9977553310886644,0.005083514887436456,0.019801980198019802,0.08333333333333333,0.0,0.007462686567164179,0.0
hier_clust,False,13,centroid,False,1791,7520,0.23816489361702128,0.0,0.0,1.0,0.0007262164124909223,0.0297029702970297,0.16666666666666666,0.0,0.0,0.0
hier_clust,5,15,single,True,1791,7520,0.23816489361702128,0.0,0.0,1.0,0.0036310820624546117,0.009900990099009901,0.08333333333333333,0.0,0.007462686567164179,0.0
hier_clust,10,11,centroid,True,1791,7520,0.23816489361702128,0.0,0.0,1.0,0.002904865649963689,0.0049504950495049506,0.08333333333333333,0.0,0.022388059701492536,0.0
hier_clust,False,12,centroid,False,1791,7520,0.23816489361702128,0.0,0.0,1.0,0.0007262164124909223,0.0297029702970297,0.16666666666666666,0.0,0.0,0.0
hier_clust,20,13,complete,True,1791,7520,0.23816489361702128,0.0,0.0,0.999438832772166,0.0014524328249818446,0.01485148514851485,0.08333333333333333,0.0,0.022388059701492536,0.0007204610951008645
hier_clust,False,10,median,False,1791,7520,0.23816489361702128,0.0,0.0,1.0,0.002178649237472767,0.024752475247524754,0.08333333333333333,0.0,0.0,0.0
hier_clust,False,14,single,False,1791,7520,0.23816489361702128,0.0,0.0,1.0,0.002178649237472767,0.024752475247524754,0.08333333333333333,0.0,0.0,0.0
hier_clust,5,13,single,True,1790,7520,0.23803191489361702,0.0,0.0,1.0,0.0036310820624546117,0.0049504950495049506,0.08333333333333333,0.0,0.007462686567164179,0.0
hier_clust,False,12,complete,True,1790,7520,0.23803191489361702,0.0,0.0,1.0,0.0014524328249818446,0.01485148514851485,0.08333333333333333,0.0,0.007462686567164179,0.0007204610951008645
hier_clust,20,12,complete,True,1790,7520,0.23803191489361702,0.0,0.0,1.0,0.0014524328249818446,0.01485148514851485,0.08333333333333333,0.0,0.007462686567164179,0.0007204610951008645
hier_clust,3,13,single,True,1790,7520,0.23803191489361702,0.0,0.0,1.0,0.002904865649963689,0.009900990099009901,0.08333333333333333,0.0,0.007462686567164179,0.0
hier_clust,3,14,single,True,1790,7520,0.23803191489361702,0.0,0.0,1.0,0.002904865649963689,0.009900990099009901,0.08333333333333333,0.0,0.007462686567164179,0.0
hier_clust,20,12,single,True,1790,7520,0.23803191489361702,0.0,0.0,1.0,0.0014524328249818446,0.01485148514851485,0.08333333333333333,0.0,0.007462686567164179,0.0007204610951008645
hier_clust,20,13,single,True,1790,7520,0.23803191489361702,0.0,0.0,1.0,0.0014524328249818446,0.01485148514851485,0.08333333333333333,0.0,0.007462686567164179,0.0007204610951008645
hier_clust,20,14,single,True,1790,7520,0.23803191489361702,0.0,0.0,1.0,0.0014524328249818446,0.01485148514851485,0.08333333333333333,0.0,0.007462686567164179,0.0007204610951008645
hier_clust,False,10,median,True,1790,7520,0.23803191489361702,0.0,0.0,1.0,0.0014524328249818446,0.01485148514851485,0.08333333333333333,0.0,0.007462686567164179,0.0007204610951008645
hier_clust,3,6,weighted,True,1790,7520,0.23803191489361702,0.0,0.0,0.9960718294051627,0.010167029774872912,0.0049504950495049506,0.0,0.0,0.0,0.0
hier_clust,False,11,median,True,1790,7520,0.23803191489361702,0.0,0.0,1.0,0.0014524328249818446,0.01485148514851485,0.08333333333333333,0.0,0.007462686567164179,0.0007204610951008645
hier_clust,False,12,median,True,1790,7520,0.23803191489361702,0.0,0.0,1.0,0.0014524328249818446,0.01485148514851485,0.08333333333333333,0.0,0.007462686567164179,0.0007204610951008645
hier_clust,False,13,median,True,1790,7520,0.23803191489361702,0.0,0.0,1.0,0.0014524328249818446,0.01485148514851485,0.08333333333333333,0.0,0.007462686567164179,0.0007204610951008645
hier_clust,False,14,weighted,True,1790,7520,0.23803191489361702,0.0,0.0,1.0,0.0014524328249818446,0.01485148514851485,0.08333333333333333,0.0,0.007462686567164179,0.0007204610951008645
hier_clust,False,13,weighted,True,1790,7520,0.23803191489361702,0.0,0.0,1.0,0.0014524328249818446,0.01485148514851485,0.08333333333333333,0.0,0.007462686567164179,0.0007204610951008645
hier_clust,False,7,average,False,1790,7520,0.23803191489361702,0.0,0.0,1.0,0.002904865649963689,0.019801980198019802,0.0,0.0,0.0,0.0
hier_clust,4,3,centroid,False,1790,7520,0.23803191489361702,0.0,0.0,0.999438832772166,0.0036310820624546117,0.019801980198019802,0.0,0.0,0.0,0.0
hier_clust,4,12,single,True,1790,7520,0.23803191489361702,0.0,0.0,1.0,0.0036310820624546117,0.0049504950495049506,0.08333333333333333,0.0,0.007462686567164179,0.0
hier_clust,10,11,single,False,1790,7520,0.23803191489361702,0.0,0.0,1.0,0.002178649237472767,0.024752475247524754,0.0,0.0,0.0,0.0
hier_clust,5,8,weighted,True,1790,7520,0.23803191489361702,0.0,0.0,0.9971941638608305,0.0036310820624546117,0.039603960396039604,0.0,0.0,0.0,0.0
hier_clust,False,11,centroid,False,1790,7520,0.23803191489361702,0.0,0.0,1.0,0.0007262164124909223,0.024752475247524754,0.16666666666666666,0.0,0.0,0.0
hier_clust,5,9,single,False,1790,7520,0.23803191489361702,0.0,0.0,1.0,0.0014524328249818446,0.0297029702970297,0.0,0.0,0.0,0.0
hier_clust,20,3,average,False,1790,7520,0.23803191489361702,0.0,0.0,0.9988776655443322,0.005809731299927378,0.009900990099009901,0.0,0.0,0.0,0.0
hier_clust,20,4,average,False,1790,7520,0.23803191489361702,0.0,0.0,0.9988776655443322,0.005809731299927378,0.009900990099009901,0.0,0.0,0.0,0.0
hier_clust,5,8,complete,True,1790,7520,0.23803191489361702,0.0,0.0,0.9977553310886644,0.002904865649963689,0.039603960396039604,0.0,0.0,0.0,0.0
hier_clust,5,12,single,True,1790,7520,0.23803191489361702,0.0,0.0,1.0,0.0036310820624546117,0.0049504950495049506,0.08333333333333333,0.0,0.007462686567164179,0.0
hier_clust,20,12,average,True,1790,7520,0.23803191489361702,0.0,0.0,1.0,0.0014524328249818446,0.01485148514851485,0.08333333333333333,0.0,0.007462686567164179,0.0007204610951008645
hier_clust,False,12,weighted,True,1790,7520,0.23803191489361702,0.0,0.0,1.0,0.0014524328249818446,0.01485148514851485,0.08333333333333333,0.0,0.007462686567164179,0.0007204610951008645
hier_clust,5,8,centroid,True,1790,7520,0.23803191489361702,0.0,0.0,0.999438832772166,0.0007262164124909223,0.034653465346534656,0.08333333333333333,0.0,0.0,0.0
hier_clust,4,4,centroid,False,1790,7520,0.23803191489361702,0.0,0.0,0.999438832772166,0.0036310820624546117,0.019801980198019802,0.0,0.0,0.0,0.0
hier_clust,False,13,single,False,1790,7520,0.23803191489361702,0.0,0.0,1.0,0.002178649237472767,0.019801980198019802,0.08333333333333333,0.0,0.0,0.0
hier_clust,20,12,weighted,True,1790,7520,0.23803191489361702,0.0,0.0,1.0,0.0014524328249818446,0.01485148514851485,0.08333333333333333,0.0,0.007462686567164179,0.0007204610951008645
hier_clust,False,12,single,False,1790,7520,0.23803191489361702,0.0,0.0,1.0,0.002178649237472767,0.019801980198019802,0.08333333333333333,0.0,0.0,0.0
hier_clust,False,15,average,True,1790,7520,0.23803191489361702,0.0,0.0,1.0,0.0014524328249818446,0.01485148514851485,0.08333333333333333,0.0,0.007462686567164179,0.0007204610951008645
hier_clust,3,5,single,False,1790,7520,0.23803191489361702,0.0,0.0,1.0,0.0036310820624546117,0.01485148514851485,0.0,0.0,0.0,0.0
hier_clust,False,14,single,True,1790,7520,0.23803191489361702,0.0,0.0,1.0,0.0014524328249818446,0.01485148514851485,0.08333333333333333,0.0,0.007462686567164179,0.0007204610951008645
hier_clust,10,5,centroid,False,1790,7520,0.23803191489361702,0.0,0.0,0.999438832772166,0.0036310820624546117,0.019801980198019802,0.0,0.0,0.0,0.0
hier_clust,20,12,centroid,True,1790,7520,0.23803191489361702,0.0,0.0,1.0,0.0014524328249818446,0.01485148514851485,0.08333333333333333,0.0,0.007462686567164179,0.0007204610951008645
hier_clust,10,14,single,True,1790,7520,0.23803191489361702,0.0,0.0,1.0,0.0014524328249818446,0.009900990099009901,0.08333333333333333,0.0,0.022388059701492536,0.0
hier_clust,2,7,centroid,True,1790,7520,0.23803191489361702,0.0,0.0,0.9955106621773289,0.0036310820624546117,0.054455445544554455,0.0,0.0,0.0,0.0
hier_clust,5,2,weighted,False,1790,7520,0.23803191489361702,0.0,0.0,1.0,0.0,0.039603960396039604,0.0,0.0,0.0,0.0
hier_clust,False,15,single,True,1790,7520,0.23803191489361702,0.0,0.0,1.0,0.0014524328249818446,0.01485148514851485,0.08333333333333333,0.0,0.007462686567164179,0.0007204610951008645
hier_clust,False,14,centroid,True,1790,7520,0.23803191489361702,0.0,0.0,1.0,0.0014524328249818446,0.01485148514851485,0.08333333333333333,0.0,0.007462686567164179,0.0007204610951008645
hier_clust,False,15,centroid,True,1790,7520,0.23803191489361702,0.0,0.0,1.0,0.0014524328249818446,0.01485148514851485,0.08333333333333333,0.0,0.007462686567164179,0.0007204610951008645
hier_clust,20,11,weighted,True,1790,7520,0.23803191489361702,0.0,0.0,1.0,0.0014524328249818446,0.01485148514851485,0.08333333333333333,0.0,0.007462686567164179,0.0007204610951008645
hier_clust,False,14,average,True,1790,7520,0.23803191489361702,0.0,0.0,1.0,0.0014524328249818446,0.01485148514851485,0.08333333333333333,0.0,0.007462686567164179,0.0007204610951008645
hier_clust,20,11,median,True,1790,7520,0.23803191489361702,0.0,0.0,1.0,0.0014524328249818446,0.01485148514851485,0.08333333333333333,0.0,0.007462686567164179,0.0007204610951008645
hier_clust,20,10,median,True,1790,7520,0.23803191489361702,0.0,0.0,1.0,0.0014524328249818446,0.01485148514851485,0.08333333333333333,0.0,0.007462686567164179,0.0007204610951008645
hier_clust,False,9,centroid,False,1789,7520,0.23789893617021277,0.0,0.0,1.0,0.0,0.024752475247524754,0.16666666666666666,0.0,0.0,0.0
hier_clust,5,8,single,False,1789,7520,0.23789893617021277,0.0,0.0,1.0,0.0007262164124909223,0.0297029702970297,0.0,0.0,0.0,0.0
hier_clust,20,6,centroid,False,1789,7520,0.23789893617021277,0.0,0.0,1.0,0.002178649237472767,0.019801980198019802,0.0,0.0,0.0,0.0
hier_clust,10,13,single,True,1789,7520,0.23789893617021277,0.0,0.0,1.0,0.0014524328249818446,0.009900990099009901,0.08333333333333333,0.0,0.014925373134328358,0.0
hier_clust,False,13,centroid,True,1789,7520,0.23789893617021277,0.0,0.0,1.0,0.0014524328249818446,0.009900990099009901,0.08333333333333333,0.0,0.007462686567164179,0.0007204610951008645
hier_clust,10,10,centroid,True,1789,7520,0.23789893617021277,0.0,0.0,1.0,0.0014524328249818446,0.0049504950495049506,0.08333333333333333,0.0,0.022388059701492536,0.0
hier_clust,20,10,single,False,1789,7520,0.23789893617021277,0.0,0.0,1.0,0.0014524328249818446,0.024752475247524754,0.0,0.0,0.0,0.0
hier_clust,False,13,average,True,1789,7520,0.23789893617021277,0.0,0.0,1.0,0.0014524328249818446,0.009900990099009901,0.08333333333333333,0.0,0.007462686567164179,0.0007204610951008645
hier_clust,False,10,centroid,False,1789,7520,0.23789893617021277,0.0,0.0,1.0,0.0,0.024752475247524754,0.16666666666666666,0.0,0.0,0.0
hier_clust,20,5,centroid,False,1789,7520,0.23789893617021277,0.0,0.0,1.0,0.002178649237472767,0.019801980198019802,0.0,0.0,0.0,0.0
hier_clust,5,11,single,True,1789,7520,0.23789893617021277,0.0,0.0,1.0,0.002904865649963689,0.0049504950495049506,0.08333333333333333,0.0,0.007462686567164179,0.0
hier_clust,10,10,single,False,1789,7520,0.23789893617021277,0.0,0.0,1.0,0.0014524328249818446,0.024752475247524754,0.0,0.0,0.0,0.0
hier_clust,False,11,complete,True,1789,7520,0.23789893617021277,0.0,0.0,1.0,0.0007262164124909223,0.01485148514851485,0.08333333333333333,0.0,0.007462686567164179,0.0007204610951008645
hier_clust,False,10,complete,True,1789,7520,0.23789893617021277,0.0,0.0,1.0,0.0007262164124909223,0.01485148514851485,0.08333333333333333,0.0,0.007462686567164179,0.0007204610951008645
hier_clust,10,12,single,True,1789,7520,0.23789893617021277,0.0,0.0,1.0,0.0007262164124909223,0.01485148514851485,0.08333333333333333,0.0,0.014925373134328358,0.0
hier_clust,20,10,weighted,True,1789,7520,0.23789893617021277,0.0,0.0,1.0,0.0007262164124909223,0.01485148514851485,0.08333333333333333,0.0,0.007462686567164179,0.0007204610951008645
hier_clust,20,11,complete,True,1789,7520,0.23789893617021277,0.0,0.0,1.0,0.0007262164124909223,0.01485148514851485,0.08333333333333333,0.0,0.007462686567164179,0.0007204610951008645
hier_clust,20,10,complete,True,1789,7520,0.23789893617021277,0.0,0.0,1.0,0.0007262164124909223,0.01485148514851485,0.08333333333333333,0.0,0.007462686567164179,0.0007204610951008645
hier_clust,3,6,complete,True,1789,7520,0.23789893617021277,0.0,0.0,0.9983164983164983,0.006535947712418301,0.0049504950495049506,0.0,0.0,0.0,0.0
hier_clust,5,7,average,True,1789,7520,0.23789893617021277,0.0,0.0,0.999438832772166,0.0007262164124909223,0.034653465346534656,0.0,0.0,0.0,0.0
hier_clust,5,7,centroid,True,1789,7520,0.23789893617021277,0.0,0.0,0.999438832772166,0.0007262164124909223,0.034653465346534656,0.0,0.0,0.0,0.0
hier_clust,False,13,single,True,1789,7520,0.23789893617021277,0.0,0.0,1.0,0.0014524328249818446,0.009900990099009901,0.08333333333333333,0.0,0.007462686567164179,0.0007204610951008645
hier_clust,10,11,median,True,1789,7520,0.23789893617021277,0.0,0.0,0.999438832772166,0.002904865649963689,0.0049504950495049506,0.08333333333333333,0.0,0.014925373134328358,0.0
hier_clust,4,8,weighted,True,1789,7520,0.23789893617021277,0.0,0.0,0.9983164983164983,0.006535947712418301,0.0049504950495049506,0.0,0.0,0.0,0.0
hier_clust,False,11,single,False,1789,7520,0.23789893617021277,0.0,0.0,1.0,0.0014524328249818446,0.019801980198019802,0.08333333333333333,0.0,0.0,0.0
hier_clust,10,9,complete,True,1789,7520,0.23789893617021277,0.0,0.0,1.0,0.0007262164124909223,0.019801980198019802,0.08333333333333333,0.0,0.007462686567164179,0.0
hier_clust,5,7,complete,True,1789,7520,0.23789893617021277,0.0,0.0,0.9988776655443322,0.0007262164124909223,0.039603960396039604,0.0,0.0,0.0,0.0
hier_clust,3,4,single,False,1789,7520,0.23789893617021277,0.0,0.0,1.0,0.0036310820624546117,0.009900990099009901,0.0,0.0,0.0,0.0
hier_clust,5,10,single,True,1788,7520,0.2377659574468085,0.0,0.0,1.0,0.002904865649963689,0.0049504950495049506,0.08333333333333333,0.0,0.0,0.0
hier_clust,10,9,single,False,1788,7520,0.2377659574468085,0.0,0.0,1.0,0.0007262164124909223,0.024752475247524754,0.0,0.0,0.0,0.0
hier_clust,10,9,average,True,1788,7520,0.2377659574468085,0.0,0.0,1.0,0.0007262164124909223,0.01485148514851485,0.08333333333333333,0.0,0.007462686567164179,0.0
hier_clust,20,11,single,True,1788,7520,0.2377659574468085,0.0,0.0,1.0,0.0014524328249818446,0.0049504950495049506,0.08333333333333333,0.0,0.007462686567164179,0.0007204610951008645
hier_clust,5,7,single,False,1788,7520,0.2377659574468085,0.0,0.0,1.0,0.0007262164124909223,0.024752475247524754,0.0,0.0,0.0,0.0
hier_clust,False,11,weighted,True,1788,7520,0.2377659574468085,0.0,0.0,1.0,0.0014524328249818446,0.0049504950495049506,0.08333333333333333,0.0,0.007462686567164179,0.0007204610951008645
hier_clust,3,5,average,True,1788,7520,0.2377659574468085,0.0,0.0,0.999438832772166,0.0,0.034653465346534656,0.0,0.0,0.0,0.0
hier_clust,3,5,median,True,1788,7520,0.2377659574468085,0.0,0.0,0.9971941638608305,0.007262164124909223,0.0049504950495049506,0.0,0.0,0.0,0.0
hier_clust,False,10,single,False,1788,7520,0.2377659574468085,0.0,0.0,1.0,0.0014524328249818446,0.01485148514851485,0.08333333333333333,0.0,0.0,0.0
hier_clust,10,10,median,True,1788,7520,0.2377659574468085,0.0,0.0,0.999438832772166,0.002904865649963689,0.0049504950495049506,0.08333333333333333,0.0,0.007462686567164179,0.0
hier_clust,4,8,average,True,1788,7520,0.2377659574468085,0.0,0.0,0.9988776655443322,0.005083514887436456,0.0049504950495049506,0.0,0.0,0.0,0.0
hier_clust,4,6,single,False,1788,7520,0.2377659574468085,0.0,0.0,1.0,0.0014524328249818446,0.019801980198019802,0.0,0.0,0.0,0.0
hier_clust,20,10,single,True,1788,7520,0.2377659574468085,0.0,0.0,1.0,0.0014524328249818446,0.0049504950495049506,0.08333333333333333,0.0,0.007462686567164179,0.0007204610951008645
hier_clust,10,9,median,True,1788,7520,0.2377659574468085,0.0,0.0,0.999438832772166,0.002904865649963689,0.0049504950495049506,0.08333333333333333,0.0,0.007462686567164179,0.0
hier_clust,4,8,centroid,True,1788,7520,0.2377659574468085,0.0,0.0,0.999438832772166,0.0036310820624546117,0.0049504950495049506,0.08333333333333333,0.0,0.0,0.0
hier_clust,3,5,weighted,True,1788,7520,0.2377659574468085,0.0,0.0,0.9971941638608305,0.007262164124909223,0.0049504950495049506,0.0,0.0,0.0,0.0
hier_clust,3,12,single,True,1788,7520,0.2377659574468085,0.0,0.0,1.0,0.0014524328249818446,0.009900990099009901,0.08333333333333333,0.0,0.007462686567164179,0.0
hier_clust,4,10,single,True,1788,7520,0.2377659574468085,0.0,0.0,1.0,0.002178649237472767,0.0049504950495049506,0.08333333333333333,0.0,0.007462686567164179,0.0
hier_clust,False,11,average,True,1788,7520,0.2377659574468085,0.0,0.0,1.0,0.0014524328249818446,0.0049504950495049506,0.08333333333333333,0.0,0.007462686567164179,0.0007204610951008645
hier_clust,4,2,centroid,False,1788,7520,0.2377659574468085,0.0,0.0,0.999438832772166,0.005083514887436456,0.0,0.0,0.0,0.0,0.0
hier_clust,False,11,single,True,1788,7520,0.2377659574468085,0.0,0.0,1.0,0.0014524328249818446,0.0049504950495049506,0.08333333333333333,0.0,0.007462686567164179,0.0007204610951008645
hier_clust,3,5,complete,True,1788,7520,0.2377659574468085,0.0,0.0,0.9977553310886644,0.006535947712418301,0.0049504950495049506,0.0,0.0,0.0,0.0
hier_clust,False,8,median,False,1788,7520,0.2377659574468085,0.0,0.0,1.0,0.0007262164124909223,0.019801980198019802,0.08333333333333333,0.0,0.0,0.0
hier_clust,False,7,median,False,1788,7520,0.2377659574468085,0.0,0.0,1.0,0.0007262164124909223,0.019801980198019802,0.08333333333333333,0.0,0.0,0.0
hier_clust,20,2,average,False,1788,7520,0.2377659574468085,0.0,0.0,0.9988776655443322,0.005809731299927378,0.0,0.0,0.0,0.0,0.0
hier_clust,False,12,single,True,1788,7520,0.2377659574468085,0.0,0.0,1.0,0.0014524328249818446,0.0049504950495049506,0.08333333333333333,0.0,0.007462686567164179,0.0007204610951008645
hier_clust,2,9,single,True,1788,7520,0.2377659574468085,0.0,0.0,1.0,0.0014524328249818446,0.0049504950495049506,0.0,0.0,0.022388059701492536,0.0
hier_clust,5,9,single,True,1788,7520,0.2377659574468085,0.0,0.0,1.0,0.002904865649963689,0.0049504950495049506,0.08333333333333333,0.0,0.0,0.0
hier_clust,False,11,centroid,True,1788,7520,0.2377659574468085,0.0,0.0,1.0,0.0014524328249818446,0.0049504950495049506,0.08333333333333333,0.0,0.007462686567164179,0.0007204610951008645
hier_clust,False,12,centroid,True,1788,7520,0.2377659574468085,0.0,0.0,1.0,0.0014524328249818446,0.0049504950495049506,0.08333333333333333,0.0,0.007462686567164179,0.0007204610951008645
hier_clust,20,11,centroid,True,1788,7520,0.2377659574468085,0.0,0.0,1.0,0.0014524328249818446,0.0049504950495049506,0.08333333333333333,0.0,0.007462686567164179,0.0007204610951008645
hier_clust,4,11,single,True,1788,7520,0.2377659574468085,0.0,0.0,1.0,0.002178649237472767,0.0049504950495049506,0.08333333333333333,0.0,0.007462686567164179,0.0
hier_clust,False,12,average,True,1788,7520,0.2377659574468085,0.0,0.0,1.0,0.0014524328249818446,0.0049504950495049506,0.08333333333333333,0.0,0.007462686567164179,0.0007204610951008645
hier_clust,20,11,average,True,1788,7520,0.2377659574468085,0.0,0.0,1.0,0.0014524328249818446,0.0049504950495049506,0.08333333333333333,0.0,0.007462686567164179,0.0007204610951008645
hier_clust,3,5,centroid,True,1788,7520,0.2377659574468085,0.0,0.0,0.999438832772166,0.0,0.034653465346534656,0.0,0.0,0.0,0.0
hier_clust,20,3,weighted,False,1788,7520,0.2377659574468085,0.0,0.0,1.0,0.002904865649963689,0.009900990099009901,0.0,0.0,0.0,0.0
hier_clust,False,7,centroid,False,1788,7520,0.2377659574468085,0.0,0.0,1.0,0.0,0.024752475247524754,0.08333333333333333,0.0,0.0,0.0
hier_clust,False,8,centroid,False,1788,7520,0.2377659574468085,0.0,0.0,1.0,0.0,0.024752475247524754,0.08333333333333333,0.0,0.0,0.0
hier_clust,False,6,average,False,1788,7520,0.2377659574468085,0.0,0.0,1.0,0.002904865649963689,0.009900990099009901,0.0,0.0,0.0,0.0
hier_clust,10,3,median,False,1788,7520,0.2377659574468085,0.0,0.0,0.999438832772166,0.002904865649963689,0.01485148514851485,0.0,0.0,0.0,0.0
hier_clust,10,2,median,False,1788,7520,0.2377659574468085,0.0,0.0,0.999438832772166,0.002904865649963689,0.01485148514851485,0.0,0.0,0.0,0.0
hier_clust,20,10,average,True,1788,7520,0.2377659574468085,0.0,0.0,1.0,0.0014524328249818446,0.0049504950495049506,0.08333333333333333,0.0,0.007462686567164179,0.0007204610951008645
hier_clust,20,8,single,False,1788,7520,0.2377659574468085,0.0,0.0,1.0,0.0007262164124909223,0.024752475247524754,0.0,0.0,0.0,0.0
hier_clust,20,10,centroid,True,1788,7520,0.2377659574468085,0.0,0.0,1.0,0.0014524328249818446,0.0049504950495049506,0.08333333333333333,0.0,0.007462686567164179,0.0007204610951008645
hier_clust,20,9,single,False,1788,7520,0.2377659574468085,0.0,0.0,1.0,0.0007262164124909223,0.024752475247524754,0.0,0.0,0.0,0.0
hier_clust,20,9,median,True,1787,7520,0.23763297872340425,0.0,0.0,1.0,0.0007262164124909223,0.0049504950495049506,0.08333333333333333,0.0,0.007462686567164179,0.0007204610951008645
hier_clust,False,10,average,True,1787,7520,0.23763297872340425,0.0,0.0,1.0,0.0007262164124909223,0.0049504950495049506,0.08333333333333333,0.0,0.007462686567164179,0.0007204610951008645
hier_clust,False,5,average,False,1787,7520,0.23763297872340425,0.0,0.0,1.0,0.002904865649963689,0.0049504950495049506,0.0,0.0,0.0,0.0
hier_clust,False,9,single,False,1787,7520,0.23763297872340425,0.0,0.0,1.0,0.0014524328249818446,0.01485148514851485,0.0,0.0,0.0,0.0
hier_clust,4,7,average,True,1787,7520,0.23763297872340425,0.0,0.0,0.999438832772166,0.0036310820624546117,0.0049504950495049506,0.0,0.0,0.0,0.0
hier_clust,False,6,median,False,1787,7520,0.23763297872340425,0.0,0.0,1.0,0.0007262164124909223,0.019801980198019802,0.0,0.0,0.0,0.0
hier_clust,2,4,complete,True,1787,7520,0.23763297872340425,0.0,0.0,0.999438832772166,0.0036310820624546117,0.0049504950495049506,0.0,0.0,0.0,0.0
hier_clust,20,9,centroid,True,1787,7520,0.23763297872340425,0.0,0.0,1.0,0.0014524328249818446,0.0049504950495049506,0.08333333333333333,0.0,0.0,0.0007204610951008645
hier_clust,False,9,single,True,1787,7520,0.23763297872340425,0.0,0.0,1.0,0.0007262164124909223,0.0049504950495049506,0.08333333333333333,0.0,0.007462686567164179,0.0007204610951008645
hier_clust,False,10,single,True,1787,7520,0.23763297872340425,0.0,0.0,1.0,0.0007262164124909223,0.0049504950495049506,0.08333333333333333,0.0,0.007462686567164179,0.0007204610951008645
hier_clust,10,11,single,True,1787,7520,0.23763297872340425,0.0,0.0,1.0,0.0007262164124909223,0.0049504950495049506,0.08333333333333333,0.0,0.014925373134328358,0.0
hier_clust,10,10,single,True,1787,7520,0.23763297872340425,0.0,0.0,1.0,0.0007262164124909223,0.0049504950495049506,0.08333333333333333,0.0,0.014925373134328358,0.0
hier_clust,2,6,centroid,True,1787,7520,0.23763297872340425,0.0,0.0,0.999438832772166,0.0036310820624546117,0.0049504950495049506,0.0,0.0,0.0,0.0
hier_clust,2,5,centroid,True,1787,7520,0.23763297872340425,0.0,0.0,0.999438832772166,0.0036310820624546117,0.0049504950495049506,0.0,0.0,0.0,0.0
hier_clust,20,9,complete,True,1787,7520,0.23763297872340425,0.0,0.0,1.0,0.0007262164124909223,0.0049504950495049506,0.08333333333333333,0.0,0.007462686567164179,0.0007204610951008645
hier_clust,2,4,centroid,True,1787,7520,0.23763297872340425,0.0,0.0,0.9988776655443322,0.004357298474945534,0.0049504950495049506,0.0,0.0,0.0,0.0
hier_clust,20,4,centroid,False,1787,7520,0.23763297872340425,0.0,0.0,1.0,0.0007262164124909223,0.019801980198019802,0.0,0.0,0.0,0.0
hier_clust,2,7,single,True,1787,7520,0.23763297872340425,0.0,0.0,1.0,0.0014524328249818446,0.0049504950495049506,0.0,0.0,0.014925373134328358,0.0
hier_clust,4,7,centroid,True,1787,7520,0.23763297872340425,0.0,0.0,0.999438832772166,0.0036310820624546117,0.0049504950495049506,0.0,0.0,0.0,0.0
hier_clust,20,7,single,False,1787,7520,0.23763297872340425,0.0,0.0,1.0,0.0007262164124909223,0.019801980198019802,0.0,0.0,0.0,0.0
hier_clust,False,10,weighted,True,1787,7520,0.23763297872340425,0.0,0.0,1.0,0.0007262164124909223,0.0049504950495049506,0.08333333333333333,0.0,0.007462686567164179,0.0007204610951008645
hier_clust,4,9,single,True,1787,7520,0.23763297872340425,0.0,0.0,1.0,0.002178649237472767,0.0049504950495049506,0.08333333333333333,0.0,0.0,0.0
hier_clust,5,6,single,False,1787,7520,0.23763297872340425,0.0,0.0,1.0,0.0007262164124909223,0.019801980198019802,0.0,0.0,0.0,0.0
hier_clust,20,9,average,True,1787,7520,0.23763297872340425,0.0,0.0,1.0,0.0014524328249818446,0.0049504950495049506,0.08333333333333333,0.0,0.0,0.0007204610951008645
hier_clust,2,5,weighted,True,1787,7520,0.23763297872340425,0.0,0.0,0.999438832772166,0.0036310820624546117,0.0049504950495049506,0.0,0.0,0.0,0.0
hier_clust,2,6,weighted,True,1787,7520,0.23763297872340425,0.0,0.0,0.999438832772166,0.0036310820624546117,0.0049504950495049506,0.0,0.0,0.0,0.0
hier_clust,2,7,weighted,True,1787,7520,0.23763297872340425,0.0,0.0,0.999438832772166,0.0036310820624546117,0.0049504950495049506,0.0,0.0,0.0,0.0
hier_clust,False,10,centroid,True,1787,7520,0.23763297872340425,0.0,0.0,1.0,0.0007262164124909223,0.0049504950495049506,0.08333333333333333,0.0,0.007462686567164179,0.0007204610951008645
hier_clust,10,7,single,False,1787,7520,0.23763297872340425,0.0,0.0,1.0,0.0007262164124909223,0.019801980198019802,0.0,0.0,0.0,0.0
hier_clust,10,8,single,False,1787,7520,0.23763297872340425,0.0,0.0,1.0,0.0007262164124909223,0.019801980198019802,0.0,0.0,0.0,0.0
hier_clust,20,6,single,False,1787,7520,0.23763297872340425,0.0,0.0,1.0,0.0007262164124909223,0.019801980198019802,0.0,0.0,0.0,0.0
hier_clust,5,7,weighted,True,1787,7520,0.23763297872340425,0.0,0.0,0.9977553310886644,0.0007262164124909223,0.039603960396039604,0.0,0.0,0.0,0.0
hier_clust,2,4,average,True,1787,7520,0.23763297872340425,0.0,0.0,0.999438832772166,0.0036310820624546117,0.0049504950495049506,0.0,0.0,0.0,0.0
hier_clust,4,7,weighted,True,1787,7520,0.23763297872340425,0.0,0.0,0.999438832772166,0.0036310820624546117,0.0049504950495049506,0.0,0.0,0.0,0.0
hier_clust,False,9,weighted,True,1787,7520,0.23763297872340425,0.0,0.0,1.0,0.0007262164124909223,0.0049504950495049506,0.08333333333333333,0.0,0.007462686567164179,0.0007204610951008645
hier_clust,5,8,single,True,1787,7520,0.23763297872340425,0.0,0.0,1.0,0.002178649237472767,0.0049504950495049506,0.08333333333333333,0.0,0.0,0.0
hier_clust,False,9,median,True,1787,7520,0.23763297872340425,0.0,0.0,1.0,0.0007262164124909223,0.0049504950495049506,0.08333333333333333,0.0,0.007462686567164179,0.0007204610951008645
hier_clust,20,7,median,False,1787,7520,0.23763297872340425,0.0,0.0,0.999438832772166,0.002904865649963689,0.009900990099009901,0.0,0.0,0.0,0.0
hier_clust,20,6,median,False,1787,7520,0.23763297872340425,0.0,0.0,0.999438832772166,0.002904865649963689,0.009900990099009901,0.0,0.0,0.0,0.0
hier_clust,20,5,median,False,1787,7520,0.23763297872340425,0.0,0.0,0.999438832772166,0.002904865649963689,0.009900990099009901,0.0,0.0,0.0,0.0
hier_clust,4,5,single,False,1787,7520,0.23763297872340425,0.0,0.0,1.0,0.0014524328249818446,0.01485148514851485,0.0,0.0,0.0,0.0
hier_clust,20,4,median,False,1787,7520,0.23763297872340425,0.0,0.0,0.999438832772166,0.002904865649963689,0.009900990099009901,0.0,0.0,0.0,0.0
hier_clust,False,9,complete,True,1787,7520,0.23763297872340425,0.0,0.0,1.0,0.0007262164124909223,0.0049504950495049506,0.08333333333333333,0.0,0.007462686567164179,0.0007204610951008645
hier_clust,3,11,single,True,1787,7520,0.23763297872340425,0.0,0.0,1.0,0.0014524328249818446,0.009900990099009901,0.08333333333333333,0.0,0.0,0.0
hier_clust,3,10,single,True,1787,7520,0.23763297872340425,0.0,0.0,1.0,0.0014524328249818446,0.009900990099009901,0.08333333333333333,0.0,0.0,0.0
hier_clust,20,9,weighted,True,1787,7520,0.23763297872340425,0.0,0.0,1.0,0.0007262164124909223,0.0049504950495049506,0.08333333333333333,0.0,0.007462686567164179,0.0007204610951008645
hier_clust,20,9,single,True,1787,7520,0.23763297872340425,0.0,0.0,1.0,0.0014524328249818446,0.0049504950495049506,0.08333333333333333,0.0,0.0,0.0007204610951008645
hier_clust,10,4,centroid,False,1787,7520,0.23763297872340425,0.0,0.0,0.999438832772166,0.0036310820624546117,0.0049504950495049506,0.0,0.0,0.0,0.0
hier_clust,2,8,single,True,1787,7520,0.23763297872340425,0.0,0.0,1.0,0.0014524328249818446,0.0049504950495049506,0.0,0.0,0.014925373134328358,0.0
hier_clust,2,5,median,True,1787,7520,0.23763297872340425,0.0,0.0,0.9971941638608305,0.0014524328249818446,0.0049504950495049506,0.0,0.0,0.05223880597014925,0.0
hier_clust,False,9,average,True,1786,7520,0.2375,0.0,0.0,1.0,0.0007262164124909223,0.0049504950495049506,0.08333333333333333,0.0,0.0,0.0007204610951008645
hier_clust,False,8,average,True,1786,7520,0.2375,0.0,0.0,1.0,0.0007262164124909223,0.0049504950495049506,0.08333333333333333,0.0,0.0,0.0007204610951008645
hier_clust,False,2,ward,True,1786,7520,0.2375,0.0,0.0,0.9988776655443322,0.004357298474945534,0.0,0.0,0.0,0.0,0.0
hier_clust,3,7,single,True,1786,7520,0.2375,0.0,0.0,1.0,0.0014524328249818446,0.0049504950495049506,0.08333333333333333,0.0,0.0,0.0
hier_clust,10,8,median,True,1786,7520,0.2375,0.0,0.0,1.0,0.0007262164124909223,0.0049504950495049506,0.08333333333333333,0.0,0.007462686567164179,0.0
hier_clust,False,8,complete,True,1786,7520,0.2375,0.0,0.0,1.0,0.0007262164124909223,0.0049504950495049506,0.08333333333333333,0.0,0.0,0.0007204610951008645
hier_clust,10,9,centroid,True,1786,7520,0.2375,0.0,0.0,1.0,0.0014524328249818446,0.0049504950495049506,0.08333333333333333,0.0,0.0,0.0
hier_clust,20,8,complete,True,1786,7520,0.2375,0.0,0.0,1.0,0.0007262164124909223,0.0049504950495049506,0.08333333333333333,0.0,0.0,0.0007204610951008645
hier_clust,False,3,average,False,1786,7520,0.2375,0.0,0.0,1.0,0.002904865649963689,0.0,0.0,0.0,0.0,0.0
hier_clust,False,4,average,False,1786,7520,0.2375,0.0,0.0,1.0,0.002904865649963689,0.0,0.0,0.0,0.0,0.0
hier_clust,False,9,centroid,True,1786,7520,0.2375,0.0,0.0,1.0,0.0007262164124909223,0.0049504950495049506,0.08333333333333333,0.0,0.0,0.0007204610951008645
hier_clust,False,6,centroid,False,1786,7520,0.2375,0.0,0.0,1.0,0.0,0.01485148514851485,0.08333333333333333,0.0,0.0,0.0
hier_clust,False,8,centroid,True,1786,7520,0.2375,0.0,0.0,1.0,0.0007262164124909223,0.0049504950495049506,0.08333333333333333,0.0,0.0,0.0007204610951008645
hier_clust,10,9,single,True,1786,7520,0.2375,0.0,0.0,1.0,0.0007262164124909223,0.0049504950495049506,0.08333333333333333,0.0,0.007462686567164179,0.0
hier_clust,20,8,weighted,True,1786,7520,0.2375,0.0,0.0,1.0,0.0007262164124909223,0.0049504950495049506,0.08333333333333333,0.0,0.0,0.0007204610951008645
hier_clust,3,8,single,True,1786,7520,0.2375,0.0,0.0,1.0,0.0014524328249818446,0.0049504950495049506,0.08333333333333333,0.0,0.0,0.0
hier_clust,10,8,complete,True,1786,7520,0.2375,0.0,0.0,1.0,0.0007262164124909223,0.0049504950495049506,0.08333333333333333,0.0,0.007462686567164179,0.0
hier_clust,10,8,weighted,True,1786,7520,0.2375,0.0,0.0,1.0,0.0007262164124909223,0.0049504950495049506,0.08333333333333333,0.0,0.007462686567164179,0.0
hier_clust,10,7,complete,True,1786,7520,0.2375,0.0,0.0,1.0,0.0007262164124909223,0.0049504950495049506,0.08333333333333333,0.0,0.007462686567164179,0.0
hier_clust,20,8,single,True,1786,7520,0.2375,0.0,0.0,1.0,0.0007262164124909223,0.0049504950495049506,0.08333333333333333,0.0,0.0,0.0007204610951008645
hier_clust,20,2,weighted,False,1786,7520,0.2375,0.0,0.0,1.0,0.002904865649963689,0.0,0.0,0.0,0.0,0.0
hier_clust,2,4,weighted,True,1786,7520,0.2375,0.0,0.0,0.9971941638608305,0.005809731299927378,0.0049504950495049506,0.0,0.0,0.0,0.0
hier_clust,False,8,single,False,1786,7520,0.2375,0.0,0.0,1.0,0.0007262164124909223,0.01485148514851485,0.0,0.0,0.0,0.0
hier_clust,False,8,weighted,True,1786,7520,0.2375,0.0,0.0,1.0,0.0007262164124909223,0.0049504950495049506,0.08333333333333333,0.0,0.0,0.0007204610951008645
hier_clust,5,8,median,True,1786,7520,0.2375,0.0,0.0,1.0,0.0007262164124909223,0.0049504950495049506,0.08333333333333333,0.0,0.007462686567164179,0.0
hier_clust,20,5,single,False,1786,7520,0.2375,0.0,0.0,1.0,0.0007262164124909223,0.01485148514851485,0.0,0.0,0.0,0.0
hier_clust,20,8,centroid,True,1786,7520,0.2375,0.0,0.0,1.0,0.0007262164124909223,0.0049504950495049506,0.08333333333333333,0.0,0.0,0.0007204610951008645
hier_clust,3,9,single,True,1786,7520,0.2375,0.0,0.0,1.0,0.0014524328249818446,0.0049504950495049506,0.08333333333333333,0.0,0.0,0.0
hier_clust,20,8,average,True,1786,7520,0.2375,0.0,0.0,1.0,0.0007262164124909223,0.0049504950495049506,0.08333333333333333,0.0,0.0,0.0007204610951008645
hier_clust,10,8,average,True,1786,7520,0.2375,0.0,0.0,1.0,0.0007262164124909223,0.0049504950495049506,0.08333333333333333,0.0,0.007462686567164179,0.0
hier_clust,False,8,single,True,1786,7520,0.2375,0.0,0.0,1.0,0.0007262164124909223,0.0049504950495049506,0.08333333333333333,0.0,0.0,0.0007204610951008645
hier_clust,5,5,single,False,1786,7520,0.2375,0.0,0.0,1.0,0.0007262164124909223,0.01485148514851485,0.0,0.0,0.0,0.0
hier_clust,10,3,centroid,False,1786,7520,0.2375,0.0,0.0,0.999438832772166,0.0036310820624546117,0.0,0.0,0.0,0.0,0.0
hier_clust,20,8,median,True,1786,7520,0.2375,0.0,0.0,1.0,0.0007262164124909223,0.0049504950495049506,0.08333333333333333,0.0,0.0,0.0007204610951008645
hier_clust,2,6,single,True,1786,7520,0.2375,0.0,0.0,1.0,0.0014524328249818446,0.0049504950495049506,0.0,0.0,0.007462686567164179,0.0
hier_clust,4,8,single,True,1786,7520,0.2375,0.0,0.0,1.0,0.0014524328249818446,0.0049504950495049506,0.08333333333333333,0.0,0.0,0.0
hier_clust,False,8,median,True,1786,7520,0.2375,0.0,0.0,1.0,0.0007262164124909223,0.0049504950495049506,0.08333333333333333,0.0,0.0,0.0007204610951008645
hier_clust,10,6,single,False,1786,7520,0.2375,0.0,0.0,1.0,0.0007262164124909223,0.01485148514851485,0.0,0.0,0.0,0.0
hier_clust,False,5,weighted,True,1785,7520,0.23736702127659576,0.0,0.0,1.0,0.0007262164124909223,0.0049504950495049506,0.08333333333333333,0.0,0.0,0.0
hier_clust,4,7,single,True,1785,7520,0.23736702127659576,0.0,0.0,1.0,0.0007262164124909223,0.0049504950495049506,0.08333333333333333,0.0,0.0,0.0
hier_clust,False,6,weighted,True,1785,7520,0.23736702127659576,0.0,0.0,1.0,0.0007262164124909223,0.0049504950495049506,0.08333333333333333,0.0,0.0,0.0
hier_clust,4,6,single,True,1785,7520,0.23736702127659576,0.0,0.0,1.0,0.0007262164124909223,0.0049504950495049506,0.08333333333333333,0.0,0.0,0.0
hier_clust,20,7,single,True,1785,7520,0.23736702127659576,0.0,0.0,1.0,0.0007262164124909223,0.0049504950495049506,0.08333333333333333,0.0,0.0,0.0
hier_clust,4,4,single,False,1785,7520,0.23736702127659576,0.0,0.0,1.0,0.0,0.01485148514851485,0.0,0.0,0.0,0.0
hier_clust,20,6,single,True,1785,7520,0.23736702127659576,0.0,0.0,1.0,0.0007262164124909223,0.0049504950495049506,0.08333333333333333,0.0,0.0,0.0
hier_clust,10,8,single,True,1785,7520,0.23736702127659576,0.0,0.0,1.0,0.0007262164124909223,0.0049504950495049506,0.08333333333333333,0.0,0.0,0.0
hier_clust,5,4,single,False,1785,7520,0.23736702127659576,0.0,0.0,1.0,0.0007262164124909223,0.009900990099009901,0.0,0.0,0.0,0.0
hier_clust,20,4,single,False,1785,7520,0.23736702127659576,0.0,0.0,1.0,0.0,0.01485148514851485,0.0,0.0,0.0,0.0
hier_clust,10,5,single,False,1785,7520,0.23736702127659576,0.0,0.0,1.0,0.0007262164124909223,0.009900990099009901,0.0,0.0,0.0,0.0
hier_clust,10,7,single,True,1785,7520,0.23736702127659576,0.0,0.0,1.0,0.0007262164124909223,0.0049504950495049506,0.08333333333333333,0.0,0.0,0.0
hier_clust,10,6,single,True,1785,7520,0.23736702127659576,0.0,0.0,1.0,0.0007262164124909223,0.0049504950495049506,0.08333333333333333,0.0,0.0,0.0
hier_clust,5,7,single,True,1785,7520,0.23736702127659576,0.0,0.0,1.0,0.0007262164124909223,0.0049504950495049506,0.08333333333333333,0.0,0.0,0.0
hier_clust,False,7,weighted,True,1785,7520,0.23736702127659576,0.0,0.0,1.0,0.0007262164124909223,0.0049504950495049506,0.08333333333333333,0.0,0.0,0.0
hier_clust,False,7,single,False,1785,7520,0.23736702127659576,0.0,0.0,1.0,0.0007262164124909223,0.009900990099009901,0.0,0.0,0.0,0.0
hier_clust,5,6,single,True,1785,7520,0.23736702127659576,0.0,0.0,1.0,0.0007262164124909223,0.0049504950495049506,0.08333333333333333,0.0,0.0,0.0
hier_clust,10,5,single,True,1785,7520,0.23736702127659576,0.0,0.0,1.0,0.0007262164124909223,0.0049504950495049506,0.08333333333333333,0.0,0.0,0.0
hier_clust,10,4,weighted,True,1785,7520,0.23736702127659576,0.0,0.0,1.0,0.0007262164124909223,0.0049504950495049506,0.08333333333333333,0.0,0.0,0.0
hier_clust,20,5,centroid,True,1785,7520,0.23736702127659576,0.0,0.0,1.0,0.0007262164124909223,0.0049504950495049506,0.08333333333333333,0.0,0.0,0.0
hier_clust,10,6,median,True,1785,7520,0.23736702127659576,0.0,0.0,1.0,0.0007262164124909223,0.0049504950495049506,0.08333333333333333,0.0,0.0,0.0
hier_clust,10,5,median,True,1785,7520,0.23736702127659576,0.0,0.0,1.0,0.0007262164124909223,0.0049504950495049506,0.08333333333333333,0.0,0.0,0.0
hier_clust,10,4,median,True,1785,7520,0.23736702127659576,0.0,0.0,1.0,0.0007262164124909223,0.0049504950495049506,0.08333333333333333,0.0,0.0,0.0
hier_clust,20,5,median,True,1785,7520,0.23736702127659576,0.0,0.0,1.0,0.0007262164124909223,0.0049504950495049506,0.08333333333333333,0.0,0.0,0.0
hier_clust,20,6,median,True,1785,7520,0.23736702127659576,0.0,0.0,1.0,0.0007262164124909223,0.0049504950495049506,0.08333333333333333,0.0,0.0,0.0
hier_clust,20,7,median,True,1785,7520,0.23736702127659576,0.0,0.0,1.0,0.0007262164124909223,0.0049504950495049506,0.08333333333333333,0.0,0.0,0.0
hier_clust,5,7,median,True,1785,7520,0.23736702127659576,0.0,0.0,1.0,0.0007262164124909223,0.0049504950495049506,0.0,0.0,0.007462686567164179,0.0
hier_clust,2,4,median,True,1785,7520,0.23736702127659576,0.0,0.0,1.0,0.0014524328249818446,0.0049504950495049506,0.0,0.0,0.0,0.0
hier_clust,False,7,median,True,1785,7520,0.23736702127659576,0.0,0.0,1.0,0.0007262164124909223,0.0049504950495049506,0.08333333333333333,0.0,0.0,0.0
hier_clust,False,6,median,True,1785,7520,0.23736702127659576,0.0,0.0,1.0,0.0007262164124909223,0.0049504950495049506,0.08333333333333333,0.0,0.0,0.0
hier_clust,False,5,median,True,1785,7520,0.23736702127659576,0.0,0.0,1.0,0.0007262164124909223,0.0049504950495049506,0.08333333333333333,0.0,0.0,0.0
hier_clust,20,7,centroid,True,1785,7520,0.23736702127659576,0.0,0.0,1.0,0.0007262164124909223,0.0049504950495049506,0.08333333333333333,0.0,0.0,0.0
hier_clust,20,6,centroid,True,1785,7520,0.23736702127659576,0.0,0.0,1.0,0.0007262164124909223,0.0049504950495049506,0.08333333333333333,0.0,0.0,0.0
hier_clust,False,5,average,True,1785,7520,0.23736702127659576,0.0,0.0,1.0,0.0007262164124909223,0.0049504950495049506,0.08333333333333333,0.0,0.0,0.0
hier_clust,10,5,weighted,True,1785,7520,0.23736702127659576,0.0,0.0,1.0,0.0007262164124909223,0.0049504950495049506,0.08333333333333333,0.0,0.0,0.0
hier_clust,False,6,average,True,1785,7520,0.23736702127659576,0.0,0.0,1.0,0.0007262164124909223,0.0049504950495049506,0.08333333333333333,0.0,0.0,0.0
hier_clust,False,7,average,True,1785,7520,0.23736702127659576,0.0,0.0,1.0,0.0007262164124909223,0.0049504950495049506,0.08333333333333333,0.0,0.0,0.0
hier_clust,10,8,centroid,True,1785,7520,0.23736702127659576,0.0,0.0,1.0,0.0007262164124909223,0.0049504950495049506,0.08333333333333333,0.0,0.0,0.0
hier_clust,10,7,centroid,True,1785,7520,0.23736702127659576,0.0,0.0,1.0,0.0007262164124909223,0.0049504950495049506,0.08333333333333333,0.0,0.0,0.0
hier_clust,10,6,centroid,True,1785,7520,0.23736702127659576,0.0,0.0,1.0,0.0007262164124909223,0.0049504950495049506,0.08333333333333333,0.0,0.0,0.0
hier_clust,10,5,centroid,True,1785,7520,0.23736702127659576,0.0,0.0,1.0,0.0007262164124909223,0.0049504950495049506,0.08333333333333333,0.0,0.0,0.0
hier_clust,False,7,centroid,True,1785,7520,0.23736702127659576,0.0,0.0,1.0,0.0007262164124909223,0.0049504950495049506,0.08333333333333333,0.0,0.0,0.0
hier_clust,False,6,centroid,True,1785,7520,0.23736702127659576,0.0,0.0,1.0,0.0007262164124909223,0.0049504950495049506,0.08333333333333333,0.0,0.0,0.0
hier_clust,False,5,centroid,True,1785,7520,0.23736702127659576,0.0,0.0,1.0,0.0007262164124909223,0.0049504950495049506,0.08333333333333333,0.0,0.0,0.0
hier_clust,20,7,weighted,True,1785,7520,0.23736702127659576,0.0,0.0,1.0,0.0007262164124909223,0.0049504950495049506,0.08333333333333333,0.0,0.0,0.0
hier_clust,20,5,weighted,True,1785,7520,0.23736702127659576,0.0,0.0,1.0,0.0007262164124909223,0.0049504950495049506,0.08333333333333333,0.0,0.0,0.0
hier_clust,10,7,weighted,True,1785,7520,0.23736702127659576,0.0,0.0,1.0,0.0007262164124909223,0.0049504950495049506,0.08333333333333333,0.0,0.0,0.0
hier_clust,10,6,weighted,True,1785,7520,0.23736702127659576,0.0,0.0,1.0,0.0007262164124909223,0.0049504950495049506,0.08333333333333333,0.0,0.0,0.0
hier_clust,20,6,weighted,True,1785,7520,0.23736702127659576,0.0,0.0,1.0,0.0007262164124909223,0.0049504950495049506,0.08333333333333333,0.0,0.0,0.0
hier_clust,10,7,median,True,1785,7520,0.23736702127659576,0.0,0.0,1.0,0.0007262164124909223,0.0049504950495049506,0.08333333333333333,0.0,0.0,0.0
hier_clust,10,5,complete,True,1785,7520,0.23736702127659576,0.0,0.0,1.0,0.0007262164124909223,0.0049504950495049506,0.08333333333333333,0.0,0.0,0.0
hier_clust,20,7,average,True,1785,7520,0.23736702127659576,0.0,0.0,1.0,0.0007262164124909223,0.0049504950495049506,0.08333333333333333,0.0,0.0,0.0
hier_clust,False,5,centroid,False,1785,7520,0.23736702127659576,0.0,0.0,1.0,0.0,0.009900990099009901,0.08333333333333333,0.0,0.0,0.0
hier_clust,False,5,single,True,1785,7520,0.23736702127659576,0.0,0.0,1.0,0.0007262164124909223,0.0049504950495049506,0.08333333333333333,0.0,0.0,0.0
hier_clust,4,6,complete,True,1785,7520,0.23736702127659576,0.0,0.0,0.999438832772166,0.002178649237472767,0.0049504950495049506,0.0,0.0,0.0,0.0
hier_clust,False,6,single,True,1785,7520,0.23736702127659576,0.0,0.0,1.0,0.0007262164124909223,0.0049504950495049506,0.08333333333333333,0.0,0.0,0.0
hier_clust,20,7,complete,True,1785,7520,0.23736702127659576,0.0,0.0,1.0,0.0007262164124909223,0.0049504950495049506,0.08333333333333333,0.0,0.0,0.0
hier_clust,False,7,single,True,1785,7520,0.23736702127659576,0.0,0.0,1.0,0.0007262164124909223,0.0049504950495049506,0.08333333333333333,0.0,0.0,0.0
hier_clust,False,7,complete,True,1785,7520,0.23736702127659576,0.0,0.0,1.0,0.0007262164124909223,0.0049504950495049506,0.08333333333333333,0.0,0.0,0.0
hier_clust,False,6,complete,True,1785,7520,0.23736702127659576,0.0,0.0,1.0,0.0007262164124909223,0.0049504950495049506,0.08333333333333333,0.0,0.0,0.0
hier_clust,2,4,single,True,1785,7520,0.23736702127659576,0.0,0.0,1.0,0.0014524328249818446,0.0049504950495049506,0.0,0.0,0.0,0.0
hier_clust,False,5,complete,True,1785,7520,0.23736702127659576,0.0,0.0,1.0,0.0007262164124909223,0.0049504950495049506,0.08333333333333333,0.0,0.0,0.0
hier_clust,2,5,single,True,1785,7520,0.23736702127659576,0.0,0.0,1.0,0.0014524328249818446,0.0049504950495049506,0.0,0.0,0.0,0.0
hier_clust,4,5,complete,True,1785,7520,0.23736702127659576,0.0,0.0,0.999438832772166,0.002178649237472767,0.0049504950495049506,0.0,0.0,0.0,0.0
hier_clust,20,6,average,True,1785,7520,0.23736702127659576,0.0,0.0,1.0,0.0007262164124909223,0.0049504950495049506,0.08333333333333333,0.0,0.0,0.0
hier_clust,10,6,average,True,1785,7520,0.23736702127659576,0.0,0.0,1.0,0.0007262164124909223,0.0049504950495049506,0.08333333333333333,0.0,0.0,0.0
hier_clust,20,5,average,True,1785,7520,0.23736702127659576,0.0,0.0,1.0,0.0007262164124909223,0.0049504950495049506,0.08333333333333333,0.0,0.0,0.0
hier_clust,20,6,complete,True,1785,7520,0.23736702127659576,0.0,0.0,1.0,0.0007262164124909223,0.0049504950495049506,0.08333333333333333,0.0,0.0,0.0
hier_clust,10,6,complete,True,1785,7520,0.23736702127659576,0.0,0.0,1.0,0.0007262164124909223,0.0049504950495049506,0.08333333333333333,0.0,0.0,0.0
hier_clust,10,2,weighted,False,1785,7520,0.23736702127659576,0.0,0.0,0.999438832772166,0.002904865649963689,0.0,0.0,0.0,0.0,0.0
hier_clust,20,5,complete,True,1785,7520,0.23736702127659576,0.0,0.0,1.0,0.0007262164124909223,0.0049504950495049506,0.08333333333333333,0.0,0.0,0.0
hier_clust,5,2,centroid,False,1785,7520,0.23736702127659576,0.0,0.0,1.0,0.002178649237472767,0.0,0.0,0.0,0.0,0.0
hier_clust,10,7,average,True,1785,7520,0.23736702127659576,0.0,0.0,1.0,0.0007262164124909223,0.0049504950495049506,0.08333333333333333,0.0,0.0,0.0
hier_clust,10,5,average,True,1785,7520,0.23736702127659576,0.0,0.0,1.0,0.0007262164124909223,0.0049504950495049506,0.08333333333333333,0.0,0.0,0.0
hier_clust,20,4,weighted,True,1784,7520,0.2372340425531915,0.0,0.0,1.0,0.0,0.0049504950495049506,0.08333333333333333,0.0,0.0,0.0
hier_clust,10,2,average,False,1784,7520,0.2372340425531915,0.0,0.0,1.0,0.0,0.009900990099009901,0.0,0.0,0.0,0.0
hier_clust,20,4,complete,True,1784,7520,0.2372340425531915,0.0,0.0,1.0,0.0007262164124909223,0.0049504950495049506,0.0,0.0,0.0,0.0
hier_clust,4,6,weighted,True,1784,7520,0.2372340425531915,0.0,0.0,1.0,0.0007262164124909223,0.0049504950495049506,0.0,0.0,0.0,0.0
hier_clust,5,6,weighted,True,1784,7520,0.2372340425531915,0.0,0.0,1.0,0.0007262164124909223,0.0049504950495049506,0.0,0.0,0.0,0.0
hier_clust,False,4,weighted,True,1784,7520,0.2372340425531915,0.0,0.0,1.0,0.0,0.0049504950495049506,0.08333333333333333,0.0,0.0,0.0
hier_clust,20,5,single,True,1784,7520,0.2372340425531915,0.0,0.0,1.0,0.0,0.0049504950495049506,0.08333333333333333,0.0,0.0,0.0
hier_clust,5,6,complete,True,1784,7520,0.2372340425531915,0.0,0.0,1.0,0.0007262164124909223,0.0049504950495049506,0.0,0.0,0.0,0.0
hier_clust,10,4,complete,True,1784,7520,0.2372340425531915,0.0,0.0,1.0,0.0007262164124909223,0.0049504950495049506,0.0,0.0,0.0,0.0
hier_clust,4,4,complete,True,1784,7520,0.2372340425531915,0.0,0.0,0.999438832772166,0.0014524328249818446,0.0049504950495049506,0.0,0.0,0.0,0.0
hier_clust,3,6,single,True,1784,7520,0.2372340425531915,0.0,0.0,1.0,0.0,0.0049504950495049506,0.08333333333333333,0.0,0.0,0.0
hier_clust,10,4,centroid,True,1784,7520,0.2372340425531915,0.0,0.0,1.0,0.0,0.0049504950495049506,0.08333333333333333,0.0,0.0,0.0
hier_clust,False,4,centroid,True,1784,7520,0.2372340425531915,0.0,0.0,1.0,0.0,0.0049504950495049506,0.08333333333333333,0.0,0.0,0.0
hier_clust,False,4,centroid,False,1784,7520,0.2372340425531915,0.0,0.0,1.0,0.0,0.009900990099009901,0.0,0.0,0.0,0.0
hier_clust,10,4,average,True,1784,7520,0.2372340425531915,0.0,0.0,1.0,0.0,0.0049504950495049506,0.08333333333333333,0.0,0.0,0.0
hier_clust,10,3,median,True,1784,7520,0.2372340425531915,0.0,0.0,1.0,0.0,0.0049504950495049506,0.08333333333333333,0.0,0.0,0.0
hier_clust,20,4,median,True,1784,7520,0.2372340425531915,0.0,0.0,1.0,0.0,0.0049504950495049506,0.08333333333333333,0.0,0.0,0.0
hier_clust,5,6,median,True,1784,7520,0.2372340425531915,0.0,0.0,1.0,0.0007262164124909223,0.0049504950495049506,0.0,0.0,0.0,0.0
hier_clust,4,6,median,True,1784,7520,0.2372340425531915,0.0,0.0,1.0,0.0007262164124909223,0.0049504950495049506,0.0,0.0,0.0,0.0
hier_clust,20,4,average,True,1784,7520,0.2372340425531915,0.0,0.0,1.0,0.0,0.0049504950495049506,0.08333333333333333,0.0,0.0,0.0
hier_clust,False,4,median,True,1784,7520,0.2372340425531915,0.0,0.0,1.0,0.0,0.0049504950495049506,0.08333333333333333,0.0,0.0,0.0
hier_clust,False,4,complete,True,1784,7520,0.2372340425531915,0.0,0.0,1.0,0.0,0.0049504950495049506,0.08333333333333333,0.0,0.0,0.0
hier_clust,20,4,centroid,True,1784,7520,0.2372340425531915,0.0,0.0,1.0,0.0,0.0049504950495049506,0.08333333333333333,0.0,0.0,0.0
hier_clust,False,4,average,True,1784,7520,0.2372340425531915,0.0,0.0,1.0,0.0,0.0049504950495049506,0.08333333333333333,0.0,0.0,0.0
hier_clust,False,4,median,False,1784,7520,0.2372340425531915,0.0,0.0,1.0,0.0007262164124909223,0.0049504950495049506,0.0,0.0,0.0,0.0
hier_clust,False,5,median,False,1784,7520,0.2372340425531915,0.0,0.0,1.0,0.0007262164124909223,0.0049504950495049506,0.0,0.0,0.0,0.0
hier_clust,5,6,centroid,True,1784,7520,0.2372340425531915,0.0,0.0,1.0,0.0007262164124909223,0.0049504950495049506,0.0,0.0,0.0,0.0
hier_clust,4,6,centroid,True,1784,7520,0.2372340425531915,0.0,0.0,1.0,0.0007262164124909223,0.0049504950495049506,0.0,0.0,0.0,0.0
hier_clust,3,4,complete,True,1784,7520,0.2372340425531915,0.0,0.0,0.9983164983164983,0.002904865649963689,0.0049504950495049506,0.0,0.0,0.0,0.0
hier_clust,10,4,single,True,1784,7520,0.2372340425531915,0.0,0.0,1.0,0.0,0.0049504950495049506,0.08333333333333333,0.0,0.0,0.0
hier_clust,10,3,weighted,True,1784,7520,0.2372340425531915,0.0,0.0,1.0,0.0,0.0049504950495049506,0.08333333333333333,0.0,0.0,0.0
hier_clust,20,3,centroid,False,1784,7520,0.2372340425531915,0.0,0.0,1.0,0.0007262164124909223,0.0049504950495049506,0.0,0.0,0.0,0.0
hier_clust,4,5,single,True,1784,7520,0.2372340425531915,0.0,0.0,1.0,0.0007262164124909223,0.0049504950495049506,0.0,0.0,0.0,0.0
hier_clust,False,6,single,False,1784,7520,0.2372340425531915,0.0,0.0,1.0,0.0,0.009900990099009901,0.0,0.0,0.0,0.0
hier_clust,5,3,single,False,1784,7520,0.2372340425531915,0.0,0.0,1.0,0.0,0.009900990099009901,0.0,0.0,0.0,0.0
hier_clust,4,6,average,True,1784,7520,0.2372340425531915,0.0,0.0,1.0,0.0007262164124909223,0.0049504950495049506,0.0,0.0,0.0,0.0
hier_clust,4,3,single,False,1784,7520,0.2372340425531915,0.0,0.0,1.0,0.0,0.009900990099009901,0.0,0.0,0.0,0.0
hier_clust,10,3,single,False,1784,7520,0.2372340425531915,0.0,0.0,1.0,0.0007262164124909223,0.0049504950495049506,0.0,0.0,0.0,0.0
hier_clust,5,6,average,True,1784,7520,0.2372340425531915,0.0,0.0,1.0,0.0007262164124909223,0.0049504950495049506,0.0,0.0,0.0,0.0
hier_clust,10,4,single,False,1784,7520,0.2372340425531915,0.0,0.0,1.0,0.0007262164124909223,0.0049504950495049506,0.0,0.0,0.0,0.0
hier_clust,3,5,single,True,1784,7520,0.2372340425531915,0.0,0.0,1.0,0.0,0.0049504950495049506,0.08333333333333333,0.0,0.0,0.0
hier_clust,2,4,single,False,1784,7520,0.2372340425531915,0.0,0.0,1.0,0.0,0.0049504950495049506,0.0,0.0,0.007462686567164179,0.0
hier_clust,3,3,single,False,1784,7520,0.2372340425531915,0.0,0.0,1.0,0.0,0.009900990099009901,0.0,0.0,0.0,0.0
hier_clust,5,5,single,True,1784,7520,0.2372340425531915,0.0,0.0,1.0,0.0,0.0049504950495049506,0.08333333333333333,0.0,0.0,0.0
hier_clust,False,4,single,True,1784,7520,0.2372340425531915,0.0,0.0,1.0,0.0,0.0049504950495049506,0.08333333333333333,0.0,0.0,0.0
hier_clust,False,3,average,True,1783,7520,0.23710106382978724,0.0,0.0,1.0,0.0,0.0049504950495049506,0.0,0.0,0.0,0.0
hier_clust,False,3,median,False,1783,7520,0.23710106382978724,0.0,0.0,1.0,0.0007262164124909223,0.0,0.0,0.0,0.0,0.0
hier_clust,False,2,average,True,1783,7520,0.23710106382978724,0.0,0.0,1.0,0.0,0.0049504950495049506,0.0,0.0,0.0,0.0
hier_clust,20,3,centroid,True,1783,7520,0.23710106382978724,0.0,0.0,1.0,0.0,0.0049504950495049506,0.0,0.0,0.0,0.0
hier_clust,2,3,single,True,1783,7520,0.23710106382978724,0.0,0.0,1.0,0.0,0.0049504950495049506,0.0,0.0,0.0,0.0
hier_clust,10,2,single,False,1783,7520,0.23710106382978724,0.0,0.0,1.0,0.0,0.0049504950495049506,0.0,0.0,0.0,0.0
hier_clust,2,2,complete,True,1783,7520,0.23710106382978724,0.0,0.0,1.0,0.0,0.0049504950495049506,0.0,0.0,0.0,0.0
hier_clust,20,2,centroid,True,1783,7520,0.23710106382978724,0.0,0.0,1.0,0.0,0.0049504950495049506,0.0,0.0,0.0,0.0
hier_clust,20,2,single,False,1783,7520,0.23710106382978724,0.0,0.0,1.0,0.0,0.0049504950495049506,0.0,0.0,0.0,0.0
hier_clust,20,3,single,False,1783,7520,0.23710106382978724,0.0,0.0,1.0,0.0,0.0049504950495049506,0.0,0.0,0.0,0.0
hier_clust,5,2,single,False,1783,7520,0.23710106382978724,0.0,0.0,1.0,0.0,0.0049504950495049506,0.0,0.0,0.0,0.0
hier_clust,2,2,single,True,1783,7520,0.23710106382978724,0.0,0.0,1.0,0.0,0.0049504950495049506,0.0,0.0,0.0,0.0
hier_clust,2,3,complete,True,1783,7520,0.23710106382978724,0.0,0.0,1.0,0.0,0.0049504950495049506,0.0,0.0,0.0,0.0
hier_clust,False,2,complete,True,1783,7520,0.23710106382978724,0.0,0.0,1.0,0.0,0.0049504950495049506,0.0,0.0,0.0,0.0
hier_clust,10,3,centroid,True,1783,7520,0.23710106382978724,0.0,0.0,1.0,0.0,0.0049504950495049506,0.0,0.0,0.0,0.0
hier_clust,10,2,centroid,True,1783,7520,0.23710106382978724,0.0,0.0,1.0,0.0,0.0049504950495049506,0.0,0.0,0.0,0.0
hier_clust,5,5,centroid,True,1783,7520,0.23710106382978724,0.0,0.0,1.0,0.0,0.0049504950495049506,0.0,0.0,0.0,0.0
hier_clust,5,4,centroid,True,1783,7520,0.23710106382978724,0.0,0.0,1.0,0.0,0.0049504950495049506,0.0,0.0,0.0,0.0
hier_clust,5,3,centroid,True,1783,7520,0.23710106382978724,0.0,0.0,1.0,0.0,0.0049504950495049506,0.0,0.0,0.0,0.0
hier_clust,5,2,centroid,True,1783,7520,0.23710106382978724,0.0,0.0,1.0,0.0,0.0049504950495049506,0.0,0.0,0.0,0.0
hier_clust,4,2,single,False,1783,7520,0.23710106382978724,0.0,0.0,1.0,0.0,0.0049504950495049506,0.0,0.0,0.0,0.0
hier_clust,4,5,centroid,True,1783,7520,0.23710106382978724,0.0,0.0,1.0,0.0,0.0049504950495049506,0.0,0.0,0.0,0.0
hier_clust,3,2,complete,True,1783,7520,0.23710106382978724,0.0,0.0,1.0,0.0,0.0049504950495049506,0.0,0.0,0.0,0.0
hier_clust,3,3,complete,True,1783,7520,0.23710106382978724,0.0,0.0,1.0,0.0,0.0049504950495049506,0.0,0.0,0.0,0.0
hier_clust,False,3,complete,True,1783,7520,0.23710106382978724,0.0,0.0,1.0,0.0,0.0049504950495049506,0.0,0.0,0.0,0.0
hier_clust,3,2,single,True,1783,7520,0.23710106382978724,0.0,0.0,1.0,0.0,0.0049504950495049506,0.0,0.0,0.0,0.0
hier_clust,False,2,median,True,1783,7520,0.23710106382978724,0.0,0.0,1.0,0.0,0.0049504950495049506,0.0,0.0,0.0,0.0
hier_clust,5,2,median,True,1783,7520,0.23710106382978724,0.0,0.0,1.0,0.0,0.0049504950495049506,0.0,0.0,0.0,0.0
hier_clust,10,2,average,True,1783,7520,0.23710106382978724,0.0,0.0,1.0,0.0,0.0049504950495049506,0.0,0.0,0.0,0.0
hier_clust,10,3,average,True,1783,7520,0.23710106382978724,0.0,0.0,1.0,0.0,0.0049504950495049506,0.0,0.0,0.0,0.0
hier_clust,4,3,single,True,1783,7520,0.23710106382978724,0.0,0.0,1.0,0.0,0.0049504950495049506,0.0,0.0,0.0,0.0
hier_clust,4,4,single,True,1783,7520,0.23710106382978724,0.0,0.0,1.0,0.0,0.0049504950495049506,0.0,0.0,0.0,0.0
hier_clust,10,2,median,True,1783,7520,0.23710106382978724,0.0,0.0,1.0,0.0,0.0049504950495049506,0.0,0.0,0.0,0.0
hier_clust,20,2,median,True,1783,7520,0.23710106382978724,0.0,0.0,1.0,0.0,0.0049504950495049506,0.0,0.0,0.0,0.0
hier_clust,20,3,median,True,1783,7520,0.23710106382978724,0.0,0.0,1.0,0.0,0.0049504950495049506,0.0,0.0,0.0,0.0
hier_clust,3,4,single,True,1783,7520,0.23710106382978724,0.0,0.0,1.0,0.0,0.0049504950495049506,0.0,0.0,0.0,0.0
hier_clust,3,3,single,True,1783,7520,0.23710106382978724,0.0,0.0,1.0,0.0,0.0049504950495049506,0.0,0.0,0.0,0.0
hier_clust,20,2,average,True,1783,7520,0.23710106382978724,0.0,0.0,1.0,0.0,0.0049504950495049506,0.0,0.0,0.0,0.0
hier_clust,5,5,average,True,1783,7520,0.23710106382978724,0.0,0.0,1.0,0.0,0.0049504950495049506,0.0,0.0,0.0,0.0
hier_clust,5,5,median,True,1783,7520,0.23710106382978724,0.0,0.0,1.0,0.0,0.0049504950495049506,0.0,0.0,0.0,0.0
hier_clust,5,4,median,True,1783,7520,0.23710106382978724,0.0,0.0,1.0,0.0,0.0049504950495049506,0.0,0.0,0.0,0.0
hier_clust,5,3,median,True,1783,7520,0.23710106382978724,0.0,0.0,1.0,0.0,0.0049504950495049506,0.0,0.0,0.0,0.0
hier_clust,5,4,average,True,1783,7520,0.23710106382978724,0.0,0.0,1.0,0.0,0.0049504950495049506,0.0,0.0,0.0,0.0
hier_clust,False,3,median,True,1783,7520,0.23710106382978724,0.0,0.0,1.0,0.0,0.0049504950495049506,0.0,0.0,0.0,0.0
hier_clust,4,5,median,True,1783,7520,0.23710106382978724,0.0,0.0,1.0,0.0,0.0049504950495049506,0.0,0.0,0.0,0.0
hier_clust,4,4,median,True,1783,7520,0.23710106382978724,0.0,0.0,1.0,0.0,0.0049504950495049506,0.0,0.0,0.0,0.0
hier_clust,4,3,median,True,1783,7520,0.23710106382978724,0.0,0.0,1.0,0.0,0.0049504950495049506,0.0,0.0,0.0,0.0
hier_clust,4,2,median,True,1783,7520,0.23710106382978724,0.0,0.0,1.0,0.0,0.0049504950495049506,0.0,0.0,0.0,0.0
hier_clust,3,4,median,True,1783,7520,0.23710106382978724,0.0,0.0,1.0,0.0,0.0049504950495049506,0.0,0.0,0.0,0.0
hier_clust,3,3,median,True,1783,7520,0.23710106382978724,0.0,0.0,1.0,0.0,0.0049504950495049506,0.0,0.0,0.0,0.0
hier_clust,3,2,median,True,1783,7520,0.23710106382978724,0.0,0.0,1.0,0.0,0.0049504950495049506,0.0,0.0,0.0,0.0
hier_clust,20,3,average,True,1783,7520,0.23710106382978724,0.0,0.0,1.0,0.0,0.0049504950495049506,0.0,0.0,0.0,0.0
hier_clust,2,3,median,True,1783,7520,0.23710106382978724,0.0,0.0,1.0,0.0,0.0049504950495049506,0.0,0.0,0.0,0.0
hier_clust,2,2,median,True,1783,7520,0.23710106382978724,0.0,0.0,1.0,0.0,0.0049504950495049506,0.0,0.0,0.0,0.0
hier_clust,5,3,average,True,1783,7520,0.23710106382978724,0.0,0.0,1.0,0.0,0.0049504950495049506,0.0,0.0,0.0,0.0
hier_clust,5,2,average,True,1783,7520,0.23710106382978724,0.0,0.0,1.0,0.0,0.0049504950495049506,0.0,0.0,0.0,0.0
hier_clust,False,3,weighted,False,1783,7520,0.23710106382978724,0.0,0.0,1.0,0.0,0.0049504950495049506,0.0,0.0,0.0,0.0
hier_clust,10,3,single,True,1783,7520,0.23710106382978724,0.0,0.0,1.0,0.0,0.0,0.08333333333333333,0.0,0.0,0.0
hier_clust,4,4,centroid,True,1783,7520,0.23710106382978724,0.0,0.0,1.0,0.0,0.0049504950495049506,0.0,0.0,0.0,0.0
hier_clust,4,3,centroid,True,1783,7520,0.23710106382978724,0.0,0.0,1.0,0.0,0.0049504950495049506,0.0,0.0,0.0,0.0
hier_clust,4,2,centroid,True,1783,7520,0.23710106382978724,0.0,0.0,1.0,0.0,0.0049504950495049506,0.0,0.0,0.0,0.0
hier_clust,5,4,weighted,True,1783,7520,0.23710106382978724,0.0,0.0,1.0,0.0,0.0049504950495049506,0.0,0.0,0.0,0.0
hier_clust,5,2,weighted,True,1783,7520,0.23710106382978724,0.0,0.0,1.0,0.0,0.0049504950495049506,0.0,0.0,0.0,0.0
hier_clust,4,3,average,True,1783,7520,0.23710106382978724,0.0,0.0,1.0,0.0,0.0049504950495049506,0.0,0.0,0.0,0.0
hier_clust,20,3,complete,True,1783,7520,0.23710106382978724,0.0,0.0,1.0,0.0,0.0049504950495049506,0.0,0.0,0.0,0.0
hier_clust,3,4,centroid,True,1783,7520,0.23710106382978724,0.0,0.0,1.0,0.0,0.0049504950495049506,0.0,0.0,0.0,0.0
hier_clust,20,2,single,True,1783,7520,0.23710106382978724,0.0,0.0,1.0,0.0,0.0049504950495049506,0.0,0.0,0.0,0.0
hier_clust,5,2,median,False,1783,7520,0.23710106382978724,0.0,0.0,1.0,0.0,0.0049504950495049506,0.0,0.0,0.0,0.0
hier_clust,4,5,weighted,True,1783,7520,0.23710106382978724,0.0,0.0,1.0,0.0,0.0049504950495049506,0.0,0.0,0.0,0.0
hier_clust,4,4,weighted,True,1783,7520,0.23710106382978724,0.0,0.0,1.0,0.0,0.0049504950495049506,0.0,0.0,0.0,0.0
hier_clust,4,3,weighted,True,1783,7520,0.23710106382978724,0.0,0.0,1.0,0.0,0.0049504950495049506,0.0,0.0,0.0,0.0
hier_clust,4,2,weighted,True,1783,7520,0.23710106382978724,0.0,0.0,1.0,0.0,0.0049504950495049506,0.0,0.0,0.0,0.0
hier_clust,3,4,weighted,True,1783,7520,0.23710106382978724,0.0,0.0,1.0,0.0,0.0049504950495049506,0.0,0.0,0.0,0.0
hier_clust,3,3,weighted,True,1783,7520,0.23710106382978724,0.0,0.0,1.0,0.0,0.0049504950495049506,0.0,0.0,0.0,0.0
hier_clust,3,2,weighted,True,1783,7520,0.23710106382978724,0.0,0.0,1.0,0.0,0.0049504950495049506,0.0,0.0,0.0,0.0
hier_clust,4,2,average,True,1783,7520,0.23710106382978724,0.0,0.0,1.0,0.0,0.0049504950495049506,0.0,0.0,0.0,0.0
hier_clust,2,3,weighted,True,1783,7520,0.23710106382978724,0.0,0.0,1.0,0.0,0.0049504950495049506,0.0,0.0,0.0,0.0
hier_clust,2,2,weighted,True,1783,7520,0.23710106382978724,0.0,0.0,1.0,0.0,0.0049504950495049506,0.0,0.0,0.0,0.0
hier_clust,20,3,single,True,1783,7520,0.23710106382978724,0.0,0.0,1.0,0.0,0.0049504950495049506,0.0,0.0,0.0,0.0
hier_clust,10,3,complete,True,1783,7520,0.23710106382978724,0.0,0.0,1.0,0.0,0.0049504950495049506,0.0,0.0,0.0,0.0
hier_clust,False,5,single,False,1783,7520,0.23710106382978724,0.0,0.0,1.0,0.0,0.0049504950495049506,0.0,0.0,0.0,0.0
hier_clust,False,4,single,False,1783,7520,0.23710106382978724,0.0,0.0,1.0,0.0,0.0049504950495049506,0.0,0.0,0.0,0.0
hier_clust,False,3,weighted,True,1783,7520,0.23710106382978724,0.0,0.0,1.0,0.0,0.0049504950495049506,0.0,0.0,0.0,0.0
hier_clust,3,2,average,True,1783,7520,0.23710106382978724,0.0,0.0,1.0,0.0,0.0049504950495049506,0.0,0.0,0.0,0.0
hier_clust,3,3,average,True,1783,7520,0.23710106382978724,0.0,0.0,1.0,0.0,0.0049504950495049506,0.0,0.0,0.0,0.0
hier_clust,3,4,average,True,1783,7520,0.23710106382978724,0.0,0.0,1.0,0.0,0.0049504950495049506,0.0,0.0,0.0,0.0
hier_clust,False,2,weighted,True,1783,7520,0.23710106382978724,0.0,0.0,1.0,0.0,0.0049504950495049506,0.0,0.0,0.0,0.0
hier_clust,False,3,single,False,1783,7520,0.23710106382978724,0.0,0.0,1.0,0.0,0.0049504950495049506,0.0,0.0,0.0,0.0
hier_clust,20,4,single,True,1783,7520,0.23710106382978724,0.0,0.0,1.0,0.0,0.0049504950495049506,0.0,0.0,0.0,0.0
hier_clust,5,3,weighted,True,1783,7520,0.23710106382978724,0.0,0.0,1.0,0.0,0.0049504950495049506,0.0,0.0,0.0,0.0
hier_clust,5,5,weighted,True,1783,7520,0.23710106382978724,0.0,0.0,1.0,0.0,0.0049504950495049506,0.0,0.0,0.0,0.0
hier_clust,20,2,complete,True,1783,7520,0.23710106382978724,0.0,0.0,1.0,0.0,0.0049504950495049506,0.0,0.0,0.0,0.0
hier_clust,2,3,average,True,1783,7520,0.23710106382978724,0.0,0.0,1.0,0.0,0.0049504950495049506,0.0,0.0,0.0,0.0
hier_clust,3,3,centroid,True,1783,7520,0.23710106382978724,0.0,0.0,1.0,0.0,0.0049504950495049506,0.0,0.0,0.0,0.0
hier_clust,3,2,centroid,True,1783,7520,0.23710106382978724,0.0,0.0,1.0,0.0,0.0049504950495049506,0.0,0.0,0.0,0.0
hier_clust,2,3,centroid,True,1783,7520,0.23710106382978724,0.0,0.0,1.0,0.0,0.0049504950495049506,0.0,0.0,0.0,0.0
hier_clust,2,2,centroid,True,1783,7520,0.23710106382978724,0.0,0.0,1.0,0.0,0.0049504950495049506,0.0,0.0,0.0,0.0
hier_clust,3,2,single,False,1783,7520,0.23710106382978724,0.0,0.0,1.0,0.0,0.0049504950495049506,0.0,0.0,0.0,0.0
hier_clust,False,3,centroid,False,1783,7520,0.23710106382978724,0.0,0.0,1.0,0.0,0.0049504950495049506,0.0,0.0,0.0,0.0
hier_clust,20,2,centroid,False,1783,7520,0.23710106382978724,0.0,0.0,1.0,0.0,0.0049504950495049506,0.0,0.0,0.0,0.0
hier_clust,2,3,single,False,1783,7520,0.23710106382978724,0.0,0.0,1.0,0.0,0.0049504950495049506,0.0,0.0,0.0,0.0
hier_clust,False,3,centroid,True,1783,7520,0.23710106382978724,0.0,0.0,1.0,0.0,0.0049504950495049506,0.0,0.0,0.0,0.0
hier_clust,False,2,centroid,True,1783,7520,0.23710106382978724,0.0,0.0,1.0,0.0,0.0049504950495049506,0.0,0.0,0.0,0.0
hier_clust,4,2,complete,True,1783,7520,0.23710106382978724,0.0,0.0,1.0,0.0,0.0049504950495049506,0.0,0.0,0.0,0.0
hier_clust,4,3,complete,True,1783,7520,0.23710106382978724,0.0,0.0,1.0,0.0,0.0049504950495049506,0.0,0.0,0.0,0.0
hier_clust,5,4,single,True,1783,7520,0.23710106382978724,0.0,0.0,1.0,0.0,0.0049504950495049506,0.0,0.0,0.0,0.0
hier_clust,False,3,single,True,1783,7520,0.23710106382978724,0.0,0.0,1.0,0.0,0.0049504950495049506,0.0,0.0,0.0,0.0
hier_clust,20,3,weighted,True,1783,7520,0.23710106382978724,0.0,0.0,1.0,0.0,0.0049504950495049506,0.0,0.0,0.0,0.0
hier_clust,5,3,single,True,1783,7520,0.23710106382978724,0.0,0.0,1.0,0.0,0.0049504950495049506,0.0,0.0,0.0,0.0
hier_clust,20,2,weighted,True,1783,7520,0.23710106382978724,0.0,0.0,1.0,0.0,0.0049504950495049506,0.0,0.0,0.0,0.0
hier_clust,4,5,average,True,1783,7520,0.23710106382978724,0.0,0.0,1.0,0.0,0.0049504950495049506,0.0,0.0,0.0,0.0
hier_clust,5,2,complete,True,1783,7520,0.23710106382978724,0.0,0.0,1.0,0.0,0.0049504950495049506,0.0,0.0,0.0,0.0
hier_clust,5,3,complete,True,1783,7520,0.23710106382978724,0.0,0.0,1.0,0.0,0.0049504950495049506,0.0,0.0,0.0,0.0
hier_clust,5,4,complete,True,1783,7520,0.23710106382978724,0.0,0.0,1.0,0.0,0.0049504950495049506,0.0,0.0,0.0,0.0
hier_clust,5,5,complete,True,1783,7520,0.23710106382978724,0.0,0.0,1.0,0.0,0.0049504950495049506,0.0,0.0,0.0,0.0
hier_clust,4,2,single,True,1783,7520,0.23710106382978724,0.0,0.0,1.0,0.0,0.0049504950495049506,0.0,0.0,0.0,0.0
hier_clust,10,2,weighted,True,1783,7520,0.23710106382978724,0.0,0.0,1.0,0.0,0.0049504950495049506,0.0,0.0,0.0,0.0
hier_clust,4,4,average,True,1783,7520,0.23710106382978724,0.0,0.0,1.0,0.0,0.0049504950495049506,0.0,0.0,0.0,0.0
hier_clust,2,2,average,True,1783,7520,0.23710106382978724,0.0,0.0,1.0,0.0,0.0049504950495049506,0.0,0.0,0.0,0.0
hier_clust,5,2,single,True,1783,7520,0.23710106382978724,0.0,0.0,1.0,0.0,0.0049504950495049506,0.0,0.0,0.0,0.0
hier_clust,False,2,single,True,1782,7520,0.23696808510638298,0.0,0.0,1.0,0.0,0.0,0.0,0.0,0.0,0.0
hier_clust,20,3,median,False,1782,7520,0.23696808510638298,0.0,0.0,1.0,0.0,0.0,0.0,0.0,0.0,0.0
hier_clust,False,2,single,False,1782,7520,0.23696808510638298,0.0,0.0,1.0,0.0,0.0,0.0,0.0,0.0,0.0
hier_clust,10,2,centroid,False,1782,7520,0.23696808510638298,0.0,0.0,1.0,0.0,0.0,0.0,0.0,0.0,0.0
hier_clust,10,2,complete,True,1782,7520,0.23696808510638298,0.0,0.0,1.0,0.0,0.0,0.0,0.0,0.0,0.0
hier_clust,False,2,weighted,False,1782,7520,0.23696808510638298,0.0,0.0,1.0,0.0,0.0,0.0,0.0,0.0,0.0
hier_clust,20,2,median,False,1782,7520,0.23696808510638298,0.0,0.0,1.0,0.0,0.0,0.0,0.0,0.0,0.0
hier_clust,False,2,median,False,1782,7520,0.23696808510638298,0.0,0.0,1.0,0.0,0.0,0.0,0.0,0.0,0.0
hier_clust,2,2,single,False,1782,7520,0.23696808510638298,0.0,0.0,1.0,0.0,0.0,0.0,0.0,0.0,0.0
hier_clust,False,2,centroid,False,1782,7520,0.23696808510638298,0.0,0.0,1.0,0.0,0.0,0.0,0.0,0.0,0.0
hier_clust,False,2,average,False,1782,7520,0.23696808510638298,0.0,0.0,1.0,0.0,0.0,0.0,0.0,0.0,0.0
hier_clust,10,2,single,True,1782,7520,0.23696808510638298,0.0,0.0,1.0,0.0,0.0,0.0,0.0,0.0,0.0
