clustering_method,pca_n_components,num_clusters,linkage,standardize,sum_cluster_values,all_cluster_values,accuracy_total,accuracy_Type_A,accuracy_Type_B,accuracy_Type_C,accuracy_Type_D,accuracy_Type_E,accuracy_Type_F,accuracy_Type_G,accuracy_Type_H,accuracy_Type_J
hier_clust,4,100,ward,False,4185,7520,0.5565159574468085,0.7255172413793104,0.4198071866783523,0.4685746352413019,0.5875090777051561,0.16336633663366337,0.0,0.0,0.26119402985074625,0.6786743515850144
hier_clust,False,100,ward,False,4184,7520,0.5563829787234043,0.6758620689655173,0.5223488168273445,0.44388327721661053,0.5976761074800291,0.33663366336633666,0.0,0.0,0.15671641791044777,0.6520172910662824
hier_clust,4,92,ward,False,4181,7520,0.5559840425531914,0.7255172413793104,0.4136722173531989,0.4792368125701459,0.5875090777051561,0.16336633663366337,0.0,0.0,0.26119402985074625,0.6671469740634006
hier_clust,4,85,ward,False,4177,7520,0.5554521276595744,0.7255172413793104,0.4136722173531989,0.4792368125701459,0.6013071895424836,0.06435643564356436,0.0,0.0,0.35074626865671643,0.6563400576368876
hier_clust,False,92,ward,False,4163,7520,0.5535904255319148,0.6758620689655173,0.50920245398773,0.4337822671156005,0.6063907044299202,0.33663366336633666,0.0,0.0,0.15671641791044777,0.6520172910662824
hier_clust,False,85,ward,False,4160,7520,0.5531914893617021,0.6758620689655173,0.49780893952673094,0.4450056116722783,0.599128540305011,0.33663366336633666,0.0,0.0,0.15671641791044777,0.6520172910662824
hier_clust,4,78,ward,False,4148,7520,0.551595744680851,0.7255172413793104,0.39176161262050835,0.48428731762065097,0.5838779956427015,0.1188118811881188,0.0,0.0,0.35074626865671643,0.6563400576368876
hier_clust,4,72,ward,False,4147,7520,0.5514627659574468,0.7255172413793104,0.3978965819456617,0.4797979797979798,0.5838779956427015,0.1188118811881188,0.0,0.0,0.35074626865671643,0.6563400576368876
hier_clust,False,78,ward,False,4139,7520,0.5503989361702127,0.6758620689655173,0.49780893952673094,0.42592592592592593,0.6085693536673928,0.33663366336633666,0.0,0.0,0.15671641791044777,0.6520172910662824
hier_clust,20,100,ward,False,4138,7520,0.5502659574468085,0.6737931034482758,0.4794040315512708,0.4567901234567901,0.560639070442992,0.2524752475247525,0.0,0.0,0.26865671641791045,0.6779538904899135
hier_clust,5,100,ward,False,4135,7520,0.5498670212765957,0.6841379310344827,0.4723926380368098,0.4208754208754209,0.6339869281045751,0.27722772277227725,0.0,0.0,0.2537313432835821,0.6419308357348703
hier_clust,4,67,ward,False,4132,7520,0.549468085106383,0.7255172413793104,0.3978965819456617,0.4837261503928171,0.560639070442992,0.1188118811881188,0.0,0.0,0.35074626865671643,0.6635446685878963
hier_clust,5,92,ward,False,4127,7520,0.5488031914893617,0.7062068965517241,0.44171779141104295,0.4337822671156005,0.6136528685548294,0.27722772277227725,0.0,0.0,0.2537313432835821,0.6419308357348703
hier_clust,5,85,ward,False,4126,7520,0.5486702127659574,0.7062068965517241,0.44171779141104295,0.44219977553310885,0.6020334059549746,0.27722772277227725,0.0,0.0,0.2537313432835821,0.6419308357348703
hier_clust,10,100,ward,True,4123,7520,0.5482712765957447,0.7055172413793104,0.42506573181419804,0.45847362514029183,0.5722585330428468,0.3069306930693069,0.0,0.0,0.16417910447761194,0.6671469740634006
hier_clust,20,92,ward,False,4122,7520,0.5481382978723405,0.6586206896551724,0.49517966695880805,0.4612794612794613,0.5461147421931736,0.3069306930693069,0.0,0.0,0.26865671641791045,0.670028818443804
hier_clust,10,92,ward,True,4121,7520,0.5480053191489361,0.7055172413793104,0.42506573181419804,0.4556677890011223,0.5744371822803195,0.3069306930693069,0.0,0.0,0.16417910447761194,0.6671469740634006
hier_clust,4,100,complete,False,4117,7520,0.5474734042553191,0.6806896551724138,0.4890446976336547,0.44668911335578004,0.5461147421931736,0.21782178217821782,0.0,0.0,0.30597014925373134,0.6765129682997119
hier_clust,4,100,average,False,4117,7520,0.5474734042553191,0.7489655172413793,0.3689745836985101,0.46464646464646464,0.5875090777051561,0.1782178217821782,0.0,0.0,0.3283582089552239,0.6433717579250721
hier_clust,10,100,ward,False,4117,7520,0.5474734042553191,0.6765517241379311,0.4092900964066608,0.4781144781144781,0.5613652868554829,0.400990099009901,0.0,0.0,0.1417910447761194,0.6801152737752162
hier_clust,4,61,ward,False,4116,7520,0.5473404255319149,0.7255172413793104,0.3698510078878177,0.5050505050505051,0.560639070442992,0.1188118811881188,0.0,0.0,0.35074626865671643,0.6476945244956772
hier_clust,5,78,ward,False,4114,7520,0.5470744680851064,0.7062068965517241,0.44171779141104295,0.4601571268237935,0.5773420479302832,0.22772277227722773,0.0,0.0,0.2537313432835821,0.6419308357348703
hier_clust,10,92,ward,False,4112,7520,0.5468085106382978,0.6510344827586206,0.45311130587204207,0.468013468013468,0.5613652868554829,0.400990099009901,0.0,0.0,0.1417910447761194,0.6801152737752162
hier_clust,4,57,ward,False,4108,7520,0.5462765957446809,0.7255172413793104,0.32865907099035935,0.5269360269360269,0.560639070442992,0.1188118811881188,0.0,0.0,0.35074626865671643,0.6476945244956772
hier_clust,False,72,ward,False,4107,7520,0.5461436170212766,0.6758620689655173,0.5127081507449606,0.38439955106621776,0.6267247639796659,0.33663366336633666,0.0,0.0,0.15671641791044777,0.6520172910662824
hier_clust,4,92,average,False,4105,7520,0.5458776595744681,0.7489655172413793,0.3689745836985101,0.4444444444444444,0.6049382716049383,0.1782178217821782,0.0,0.0,0.3283582089552239,0.6433717579250721
hier_clust,5,100,complete,False,4104,7520,0.5457446808510639,0.7455172413793103,0.4504820333041192,0.44163860830527496,0.533042846768337,0.2871287128712871,0.0,0.0,0.30597014925373134,0.6404899135446686
hier_clust,10,85,ward,True,4104,7520,0.5457446808510639,0.7055172413793104,0.42506573181419804,0.4450056116722783,0.5744371822803195,0.3069306930693069,0.0,0.0,0.16417910447761194,0.6685878962536023
hier_clust,4,92,complete,False,4102,7520,0.5454787234042553,0.6806896551724138,0.4934268185801928,0.43546576879910215,0.5461147421931736,0.21782178217821782,0.0,0.0,0.30597014925373134,0.6765129682997119
hier_clust,4,85,average,False,4100,7520,0.5452127659574468,0.7441379310344828,0.3689745836985101,0.44276094276094274,0.6013071895424836,0.1782178217821782,0.0,0.0,0.3283582089552239,0.6505763688760807
hier_clust,10,85,ward,False,4097,7520,0.544813829787234,0.6510344827586206,0.4732690622261174,0.4590347923681257,0.5570079883805374,0.400990099009901,0.0,0.0,0.1417910447761194,0.6685878962536023
hier_clust,5,92,complete,False,4097,7520,0.544813829787234,0.7455172413793103,0.4504820333041192,0.43153759820426485,0.5403050108932462,0.2871287128712871,0.0,0.0,0.31343283582089554,0.6404899135446686
hier_clust,5,72,ward,False,4097,7520,0.544813829787234,0.7062068965517241,0.45311130587204207,0.44332210998877664,0.5773420479302832,0.22772277227722773,0.0,0.0,0.2537313432835821,0.6419308357348703
hier_clust,False,67,ward,False,4096,7520,0.5446808510638298,0.6758620689655173,0.5293602103418055,0.3877665544332211,0.6005809731299927,0.33663366336633666,0.0,0.0,0.15671641791044777,0.6520172910662824
hier_clust,4,85,complete,False,4095,7520,0.5445478723404256,0.6806896551724138,0.4934268185801928,0.42312008978675647,0.5548293391430646,0.21782178217821782,0.0,0.0,0.30597014925373134,0.6786743515850144
hier_clust,10,78,ward,True,4095,7520,0.5445478723404256,0.7055172413793104,0.43733567046450483,0.4371492704826038,0.5679012345679012,0.3069306930693069,0.0,0.0,0.16417910447761194,0.6685878962536023
hier_clust,5,85,complete,False,4089,7520,0.54375,0.7455172413793103,0.4504820333041192,0.43041526374859707,0.5439360929557008,0.2871287128712871,0.0,0.0,0.23880597014925373,0.6397694524495677
hier_clust,False,100,ward,True,4087,7520,0.5434840425531915,0.6924137931034483,0.4785276073619632,0.44668911335578004,0.5541031227305737,0.30198019801980197,0.0,0.0,0.3283582089552239,0.6289625360230547
hier_clust,4,78,complete,False,4086,7520,0.5433510638297873,0.6806896551724138,0.4934268185801928,0.41470258136924804,0.5497458242556281,0.2376237623762376,0.0,0.0,0.30597014925373134,0.6851585014409222
hier_clust,4,100,centroid,False,4086,7520,0.5433510638297873,0.7537931034482759,0.4680105170902717,0.372615039281706,0.6339869281045751,0.18811881188118812,0.0,0.0,0.31343283582089554,0.6066282420749279
hier_clust,5,67,ward,False,4085,7520,0.543218085106383,0.7062068965517241,0.45311130587204207,0.4337822671156005,0.5809731299927379,0.22772277227722773,0.0,0.0,0.2537313432835821,0.6419308357348703
hier_clust,False,61,ward,False,4082,7520,0.5428191489361702,0.6758620689655173,0.5293602103418055,0.39169472502805835,0.5766158315177923,0.39603960396039606,0.0,0.0,0.15671641791044777,0.6520172910662824
hier_clust,4,72,complete,False,4081,7520,0.542686170212766,0.6806896551724138,0.49430324276950044,0.4090909090909091,0.5526506899055919,0.2376237623762376,0.0,0.0,0.30597014925373134,0.6851585014409222
hier_clust,10,72,ward,True,4079,7520,0.5424202127659574,0.7055172413793104,0.43733567046450483,0.42031425364758696,0.5780682643427741,0.3069306930693069,0.0,0.0,0.16417910447761194,0.6685878962536023
hier_clust,20,100,ward,True,4079,7520,0.5424202127659574,0.6993103448275862,0.5030674846625767,0.4046015712682379,0.5315904139433552,0.38613861386138615,0.0,0.0,0.39552238805970147,0.6534582132564841
hier_clust,4,78,average,False,4079,7520,0.5424202127659574,0.7441379310344828,0.3689745836985101,0.42424242424242425,0.6049382716049383,0.11386138613861387,0.0,0.0,0.3283582089552239,0.6649855907780979
hier_clust,20,85,ward,False,4077,7520,0.542154255319149,0.6586206896551724,0.49868536371603855,0.4405162738496072,0.5374001452432825,0.3069306930693069,0.0,0.0,0.14925373134328357,0.6815561959654178
hier_clust,4,48,ward,False,4073,7520,0.5416223404255319,0.670344827586207,0.32865907099035935,0.5218855218855218,0.5657225853304285,0.1188118811881188,0.0,0.0,0.35074626865671643,0.6815561959654178
hier_clust,False,100,complete,False,4073,7520,0.5416223404255319,0.7806896551724138,0.2971078001752848,0.4657687991021324,0.5715323166303559,0.3811881188118812,0.0,0.0,0.30597014925373134,0.6246397694524496
hier_clust,4,52,ward,False,4073,7520,0.5416223404255319,0.670344827586207,0.32865907099035935,0.5218855218855218,0.5657225853304285,0.1188118811881188,0.0,0.0,0.35074626865671643,0.6815561959654178
hier_clust,4,45,ward,False,4073,7520,0.5416223404255319,0.670344827586207,0.32865907099035935,0.5084175084175084,0.5831517792302106,0.1188118811881188,0.0,0.0,0.35074626865671643,0.6815561959654178
hier_clust,False,92,ward,True,4071,7520,0.5413563829787233,0.6924137931034483,0.4785276073619632,0.46520763187429853,0.5119825708061002,0.3465346534653465,0.0,0.0,0.3283582089552239,0.6289625360230547
hier_clust,20,92,ward,True,4067,7520,0.5408244680851064,0.6993103448275862,0.5030674846625767,0.3894500561167228,0.5424836601307189,0.38613861386138615,0.0,0.0,0.39552238805970147,0.6534582132564841
hier_clust,5,78,complete,False,4067,7520,0.5408244680851064,0.7455172413793103,0.4504820333041192,0.43097643097643096,0.5199709513435004,0.2871287128712871,0.0,0.0,0.23880597014925373,0.6469740634005764
hier_clust,4,67,complete,False,4063,7520,0.5402925531914894,0.6806896551724138,0.49430324276950044,0.37093153759820424,0.5860566448801743,0.25742574257425743,0.0,0.0,0.30597014925373134,0.6851585014409222
hier_clust,4,41,ward,False,4062,7520,0.5401595744680852,0.670344827586207,0.33917616126205086,0.49719416386083054,0.59840232389252,0.0,0.0,0.0,0.35074626865671643,0.6815561959654178
hier_clust,5,100,ward,True,4059,7520,0.5397606382978724,0.7337931034482759,0.3970201577563541,0.4450056116722783,0.5344952795933188,0.3465346534653465,0.0,0.0,0.0,0.6793948126801153
hier_clust,False,57,ward,False,4057,7520,0.5394946808510638,0.6758620689655173,0.5293602103418055,0.3894500561167228,0.5570079883805374,0.39603960396039606,0.0,0.0,0.20149253731343283,0.6520172910662824
hier_clust,5,61,ward,False,4057,7520,0.5394946808510638,0.7062068965517241,0.4829097283085013,0.3950617283950617,0.5773420479302832,0.21287128712871287,0.0,0.0,0.2537313432835821,0.6527377521613833
hier_clust,5,57,ward,False,4057,7520,0.5394946808510638,0.7062068965517241,0.4829097283085013,0.3950617283950617,0.5773420479302832,0.21287128712871287,0.0,0.0,0.2537313432835821,0.6527377521613833
hier_clust,False,52,ward,False,4055,7520,0.5392287234042553,0.6758620689655173,0.5293602103418055,0.398989898989899,0.5432098765432098,0.39603960396039606,0.0,0.0,0.20149253731343283,0.6520172910662824
hier_clust,10,78,ward,False,4055,7520,0.5392287234042553,0.6896551724137931,0.4022787028921998,0.4702581369248036,0.5301379811183733,0.400990099009901,0.0,0.0,0.1417910447761194,0.6685878962536023
hier_clust,20,78,ward,False,4055,7520,0.5392287234042553,0.6586206896551724,0.4890446976336547,0.4219977553310887,0.5388525780682644,0.3613861386138614,0.0,0.0,0.14925373134328357,0.6880403458213257
hier_clust,False,48,ward,False,4054,7520,0.5390957446808511,0.6758620689655173,0.5249780893952674,0.4012345679012346,0.5432098765432098,0.39603960396039606,0.0,0.0,0.20149253731343283,0.6520172910662824
hier_clust,False,92,complete,False,4051,7520,0.5386968085106383,0.7806896551724138,0.2971078001752848,0.46296296296296297,0.5722585330428468,0.37623762376237624,0.0,0.0,0.30597014925373134,0.6123919308357348
hier_clust,20,72,ward,False,4049,7520,0.5384308510638298,0.6586206896551724,0.4890446976336547,0.42368125701459036,0.5475671750181554,0.28217821782178215,0.0,0.0,0.11194029850746269,0.6880403458213257
hier_clust,False,85,ward,True,4048,7520,0.5382978723404256,0.6924137931034483,0.4785276073619632,0.47474747474747475,0.4829339143064633,0.3465346534653465,0.0,0.0,0.3283582089552239,0.6289625360230547
hier_clust,4,61,complete,False,4047,7520,0.5381648936170212,0.6806896551724138,0.50920245398773,0.35802469135802467,0.5882352941176471,0.19306930693069307,0.0,0.0,0.30597014925373134,0.6851585014409222
hier_clust,10,67,ward,True,4047,7520,0.5381648936170212,0.7055172413793104,0.43733567046450483,0.40291806958473625,0.5679012345679012,0.3712871287128713,0.0,0.0,0.16417910447761194,0.6685878962536023
hier_clust,False,78,ward,True,4047,7520,0.5381648936170212,0.6924137931034483,0.4574934268185802,0.5067340067340067,0.45824255628177196,0.3465346534653465,0.0,0.0,0.3283582089552239,0.6289625360230547
hier_clust,10,61,ward,True,4047,7520,0.5381648936170212,0.7055172413793104,0.43733567046450483,0.40291806958473625,0.5679012345679012,0.3712871287128713,0.0,0.0,0.16417910447761194,0.6685878962536023
hier_clust,4,92,centroid,False,4046,7520,0.538031914893617,0.7537931034482759,0.4680105170902717,0.3378226711560045,0.663761801016703,0.09900990099009901,0.0,0.0,0.31343283582089554,0.6059077809798271
hier_clust,10,72,ward,False,4045,7520,0.5378989361702128,0.6896551724137931,0.4022787028921998,0.4590347923681257,0.5555555555555556,0.27722772277227725,0.0,0.0,0.1417910447761194,0.6685878962536023
hier_clust,4,72,average,False,4044,7520,0.5377659574468086,0.7441379310344828,0.49956178790534617,0.3395061728395062,0.5816993464052288,0.11386138613861387,0.0,0.0,0.3283582089552239,0.6642651296829971
hier_clust,4,85,centroid,False,4043,7520,0.5376329787234042,0.7537931034482759,0.4680105170902717,0.3378226711560045,0.664488017429194,0.07920792079207921,0.0,0.0,0.31343283582089554,0.6059077809798271
hier_clust,5,72,complete,False,4043,7520,0.5376329787234042,0.7455172413793103,0.4294478527607362,0.4444444444444444,0.5025417574437182,0.2871287128712871,0.0,0.0,0.23880597014925373,0.6469740634005764
hier_clust,4,38,ward,False,4043,7520,0.5376329787234042,0.670344827586207,0.38562664329535495,0.4567901234567901,0.59840232389252,0.0,0.0,0.0,0.35074626865671643,0.6815561959654178
hier_clust,20,85,ward,True,4043,7520,0.5376329787234042,0.6993103448275862,0.5118317265556529,0.3787878787878788,0.5424836601307189,0.3118811881188119,0.0,0.0,0.39552238805970147,0.6534582132564841
hier_clust,3,100,median,False,4041,7520,0.5373670212765957,0.6889655172413793,0.4618755477651183,0.4219977553310887,0.5482933914306464,0.22277227722772278,0.0,0.0,0.11194029850746269,0.6829971181556196
hier_clust,4,57,complete,False,4040,7520,0.5372340425531915,0.6806896551724138,0.50920245398773,0.33613916947250283,0.6114742193173566,0.19306930693069307,0.0,0.0,0.30597014925373134,0.6851585014409222
hier_clust,False,85,complete,False,4039,7520,0.5371010638297873,0.7806896551724138,0.3032427695004382,0.4393939393939394,0.5947712418300654,0.33663366336633666,0.0,0.0,0.30597014925373134,0.6123919308357348
hier_clust,4,100,ward,True,4039,7520,0.5371010638297873,0.716551724137931,0.4855390008764242,0.4118967452300786,0.5591866376180101,0.15346534653465346,0.0,0.0,0.0,0.6563400576368876
hier_clust,3,100,ward,False,4037,7520,0.5368351063829787,0.7537931034482759,0.4145486415425066,0.40179573512906847,0.5867828612926652,0.2079207920792079,0.0,0.0,0.0,0.6520172910662824
hier_clust,False,45,ward,False,4037,7520,0.5368351063829787,0.6758620689655173,0.4925503943908852,0.4298540965207632,0.5206971677559913,0.39603960396039606,0.0,0.0,0.20149253731343283,0.6520172910662824
hier_clust,5,67,complete,False,4036,7520,0.5367021276595745,0.7455172413793103,0.4294478527607362,0.4371492704826038,0.5127087872185911,0.24752475247524752,0.0,0.0,0.23880597014925373,0.6469740634005764
hier_clust,4,52,complete,False,4035,7520,0.5365691489361702,0.6806896551724138,0.50920245398773,0.3327721661054994,0.6136528685548294,0.19306930693069307,0.0,0.0,0.05970149253731343,0.707492795389049
hier_clust,20,67,ward,False,4035,7520,0.5365691489361702,0.6972413793103448,0.4653812445223488,0.4051627384960718,0.5315904139433552,0.3415841584158416,0.0,0.0,0.11194029850746269,0.6880403458213257
hier_clust,4,48,complete,False,4035,7520,0.5365691489361702,0.6806896551724138,0.4890446976336547,0.34287317620650953,0.6172839506172839,0.19306930693069307,0.0,0.0,0.05970149253731343,0.707492795389049
hier_clust,2,100,complete,False,4034,7520,0.5364361702127659,0.6503448275862069,0.5241016652059597,0.4186307519640853,0.5933188090050835,0.034653465346534656,0.0,0.0,0.05223880597014925,0.659942363112392
hier_clust,4,67,average,False,4033,7520,0.5363031914893617,0.7441379310344828,0.49956178790534617,0.3468013468013468,0.5642701525054467,0.11386138613861387,0.0,0.0,0.3283582089552239,0.6642651296829971
hier_clust,5,61,complete,False,4033,7520,0.5363031914893617,0.7455172413793103,0.4741454864154251,0.40404040404040403,0.5286855482933914,0.16336633663366337,0.0,0.0,0.23880597014925373,0.6469740634005764
hier_clust,3,100,average,False,4031,7520,0.5360372340425532,0.8,0.43120070113935144,0.31425364758698093,0.6332607116920842,0.10891089108910891,0.0,0.0,0.3656716417910448,0.6311239193083573
hier_clust,2,92,complete,False,4030,7520,0.535904255319149,0.6675862068965517,0.49868536371603855,0.4118967452300786,0.6020334059549746,0.034653465346534656,0.0,0.0,0.05223880597014925,0.659942363112392
hier_clust,3,92,ward,False,4028,7520,0.5356382978723404,0.7662068965517241,0.4014022787028922,0.3900112233445567,0.5933188090050835,0.2079207920792079,0.0,0.0,0.0,0.6520172910662824
hier_clust,5,92,ward,True,4028,7520,0.5356382978723404,0.6979310344827586,0.4268185801928133,0.4601571268237935,0.5228758169934641,0.3465346534653465,0.0,0.0,0.0,0.6621037463976945
hier_clust,2,100,centroid,False,4027,7520,0.5355053191489362,0.7462068965517241,0.39614373356704646,0.39057239057239057,0.6209150326797386,0.11386138613861387,0.0,0.0,0.0,0.6621037463976945
hier_clust,10,67,ward,False,4027,7520,0.5355053191489362,0.6896551724137931,0.42068361086765993,0.4264870931537598,0.5722585330428468,0.27722772277227725,0.0,0.0,0.3582089552238806,0.6448126801152738
hier_clust,4,78,centroid,False,4027,7520,0.5355053191489362,0.7537931034482759,0.4680105170902717,0.32154882154882153,0.6746550472040668,0.07920792079207921,0.0,0.0,0.31343283582089554,0.6051873198847262
hier_clust,20,78,ward,True,4027,7520,0.5355053191489362,0.6993103448275862,0.5030674846625767,0.37991021324354657,0.5628177196804648,0.22277227722772278,0.0,0.0,0.39552238805970147,0.6404899135446686
hier_clust,3,100,complete,False,4026,7520,0.535372340425532,0.7041379310344827,0.45924627519719546,0.4393939393939394,0.5628177196804648,0.19306930693069307,0.0,0.0,0.26119402985074625,0.611671469740634
hier_clust,4,92,ward,True,4026,7520,0.535372340425532,0.716551724137931,0.4855390008764242,0.42536475869809204,0.5620915032679739,0.15346534653465346,0.0,0.0,0.0,0.6268011527377522
hier_clust,False,72,ward,True,4026,7520,0.535372340425532,0.6924137931034483,0.4574934268185802,0.49326599326599324,0.45098039215686275,0.3465346534653465,0.0,0.0,0.1865671641791045,0.6520172910662824
hier_clust,5,100,average,False,4026,7520,0.535372340425532,0.7344827586206897,0.5083260297984225,0.3378226711560045,0.5816993464052288,0.23267326732673269,0.0,0.0,0.0,0.670749279538905
hier_clust,5,52,ward,False,4025,7520,0.5352393617021277,0.7062068965517241,0.4829097283085013,0.3507295173961841,0.6092955700798838,0.21287128712871287,0.0,0.0,0.2537313432835821,0.6548991354466859
hier_clust,False,67,ward,True,4025,7520,0.5352393617021277,0.6924137931034483,0.4574934268185802,0.48484848484848486,0.46114742193173563,0.3465346534653465,0.0,0.0,0.1865671641791045,0.6520172910662824
hier_clust,2,85,complete,False,4025,7520,0.5352393617021277,0.6675862068965517,0.49868536371603855,0.3877665544332211,0.6216412490922295,0.034653465346534656,0.0,0.0,0.13432835820895522,0.659942363112392
hier_clust,4,100,weighted,False,4024,7520,0.5351063829787234,0.7820689655172414,0.3593339176161262,0.4270482603815937,0.5533769063180828,0.19801980198019803,0.0,0.0,0.30597014925373134,0.6311239193083573
hier_clust,3,92,median,False,4024,7520,0.5351063829787234,0.6889655172413793,0.4618755477651183,0.43602693602693604,0.5272331154684096,0.22277227722772278,0.0,0.0,0.11194029850746269,0.6736311239193083
hier_clust,2,100,average,False,4023,7520,0.5349734042553191,0.7034482758620689,0.44522348816827345,0.372615039281706,0.6100217864923747,0.10891089108910891,0.0,0.0,0.0,0.6981268011527377
hier_clust,2,92,average,False,4022,7520,0.5348404255319149,0.7027586206896552,0.44522348816827345,0.372615039281706,0.6100217864923747,0.10891089108910891,0.0,0.0,0.0,0.6981268011527377
hier_clust,2,78,complete,False,4022,7520,0.5348404255319149,0.6675862068965517,0.49868536371603855,0.3653198653198653,0.6485112563543937,0.034653465346534656,0.0,0.0,0.13432835820895522,0.659942363112392
hier_clust,4,92,weighted,False,4022,7520,0.5348404255319149,0.7820689655172414,0.3593339176161262,0.4292929292929293,0.5490196078431373,0.19801980198019803,0.0,0.0,0.30597014925373134,0.6311239193083573
hier_clust,2,100,weighted,False,4021,7520,0.5347074468085107,0.7172413793103448,0.4101665205959685,0.3984287317620651,0.5860566448801743,0.039603960396039604,0.0,0.0,0.05223880597014925,0.7067723342939481
hier_clust,5,57,complete,False,4020,7520,0.5345744680851063,0.7455172413793103,0.4741454864154251,0.4175084175084175,0.5105301379811183,0.10396039603960396,0.0,0.0,0.23880597014925373,0.6469740634005764
hier_clust,5,48,ward,False,4020,7520,0.5345744680851063,0.7062068965517241,0.49605609114811566,0.3395061728395062,0.6092955700798838,0.21287128712871287,0.0,0.0,0.2537313432835821,0.6548991354466859
hier_clust,3,92,average,False,4020,7520,0.5345744680851063,0.8,0.43120070113935144,0.3075196408529742,0.6332607116920842,0.0891089108910891,0.0,0.0,0.3656716417910448,0.6347262247838616
hier_clust,2,100,ward,False,4020,7520,0.5345744680851063,0.6944827586206896,0.4706397896581946,0.40179573512906847,0.6201888162672476,0.0,0.0,0.0,0.0,0.6527377521613833
hier_clust,2,92,ward,False,4020,7520,0.5345744680851063,0.6944827586206896,0.4706397896581946,0.40179573512906847,0.6201888162672476,0.0,0.0,0.0,0.0,0.6527377521613833
hier_clust,10,57,ward,True,4018,7520,0.5343085106382979,0.6751724137931034,0.5144609991235758,0.3686868686868687,0.5751633986928104,0.3712871287128713,0.0,0.0,0.0,0.6685878962536023
hier_clust,2,92,centroid,False,4017,7520,0.5341755319148936,0.7462068965517241,0.4040315512708151,0.3793490460157127,0.6136528685548294,0.10891089108910891,0.0,0.0,0.0,0.670749279538905
hier_clust,2,100,median,False,4017,7520,0.5341755319148936,0.7068965517241379,0.39964943032427697,0.4163860830527497,0.5962236746550472,0.039603960396039604,0.0,0.0,0.0,0.6952449567723343
hier_clust,20,100,complete,False,4017,7520,0.5341755319148936,0.7593103448275862,0.4092900964066608,0.38103254769921435,0.5816993464052288,0.22277227722772278,0.0,0.0,0.3283582089552239,0.6340057636887608
hier_clust,2,72,complete,False,4017,7520,0.5341755319148936,0.6675862068965517,0.4820333041191937,0.3681257014590348,0.6499636891793754,0.034653465346534656,0.0,0.0,0.13432835820895522,0.6649855907780979
hier_clust,2,67,complete,False,4017,7520,0.5341755319148936,0.6675862068965517,0.4820333041191937,0.3681257014590348,0.6499636891793754,0.034653465346534656,0.0,0.0,0.13432835820895522,0.6649855907780979
hier_clust,2,85,centroid,False,4017,7520,0.5341755319148936,0.7462068965517241,0.4040315512708151,0.3793490460157127,0.6136528685548294,0.10891089108910891,0.0,0.0,0.0,0.670749279538905
hier_clust,4,61,average,False,4017,7520,0.5341755319148936,0.7441379310344828,0.49956178790534617,0.3288439955106622,0.5758896151053013,0.11386138613861387,0.0,0.0,0.3283582089552239,0.6642651296829971
hier_clust,2,85,ward,False,4017,7520,0.5341755319148936,0.716551724137931,0.43996494303242767,0.40179573512906847,0.6201888162672476,0.0,0.0,0.0,0.0,0.6527377521613833
hier_clust,3,92,complete,False,4017,7520,0.5341755319148936,0.7041379310344827,0.45924627519719546,0.4281705948372615,0.5628177196804648,0.19306930693069307,0.0,0.0,0.26119402985074625,0.6195965417867435
hier_clust,4,57,average,False,4016,7520,0.5340425531914894,0.7441379310344828,0.49956178790534617,0.3288439955106622,0.579520697167756,0.08415841584158416,0.0,0.0,0.3283582089552239,0.6642651296829971
hier_clust,3,85,ward,False,4016,7520,0.5340425531914894,0.7662068965517241,0.4198071866783523,0.3574635241301908,0.6230936819172114,0.2079207920792079,0.0,0.0,0.0,0.6404899135446686
hier_clust,2,92,median,False,4015,7520,0.5339095744680851,0.7068965517241379,0.39964943032427697,0.4270482603815937,0.5962236746550472,0.039603960396039604,0.0,0.0,0.0,0.6801152737752162
hier_clust,4,45,complete,False,4015,7520,0.5339095744680851,0.6806896551724138,0.44785276073619634,0.42368125701459036,0.5323166303558461,0.19306930693069307,0.0,0.0,0.05970149253731343,0.707492795389049
hier_clust,4,85,ward,True,4015,7520,0.5339095744680851,0.716551724137931,0.49430324276950044,0.41975308641975306,0.5541031227305737,0.15346534653465346,0.0,0.0,0.0,0.6268011527377522
hier_clust,2,85,median,False,4014,7520,0.5337765957446808,0.7068965517241379,0.3733567046450482,0.44332210998877664,0.5962236746550472,0.039603960396039604,0.0,0.0,0.0,0.6801152737752162
hier_clust,3,85,average,False,4014,7520,0.5337765957446808,0.756551724137931,0.4723926380368098,0.3221099887766554,0.6332607116920842,0.0891089108910891,0.0,0.0,0.29850746268656714,0.6296829971181557
hier_clust,10,61,ward,False,4014,7520,0.5337765957446808,0.6951724137931035,0.42068361086765993,0.4051627384960718,0.5846042120551924,0.27722772277227725,0.0,0.0,0.3582089552238806,0.6448126801152738
hier_clust,2,78,ward,False,4013,7520,0.5336436170212766,0.716551724137931,0.45924627519719546,0.3961840628507295,0.6085693536673928,0.0,0.0,0.0,0.0,0.6527377521613833
hier_clust,3,85,median,False,4013,7520,0.5336436170212766,0.6889655172413793,0.4636283961437336,0.42368125701459036,0.5461147421931736,0.13861386138613863,0.0,0.0,0.11194029850746269,0.6736311239193083
hier_clust,3,78,median,False,4012,7520,0.5335106382978724,0.6889655172413793,0.4636283961437336,0.42368125701459036,0.5453885257806826,0.13861386138613863,0.0,0.0,0.11194029850746269,0.6736311239193083
hier_clust,5,85,ward,True,4011,7520,0.533377659574468,0.6979310344827586,0.4504820333041192,0.43153759820426485,0.5228758169934641,0.3465346534653465,0.0,0.0,0.0,0.6671469740634006
hier_clust,4,41,complete,False,4010,7520,0.5332446808510638,0.6806896551724138,0.44785276073619634,0.4270482603815937,0.5388525780682644,0.13366336633663367,0.0,0.0,0.0,0.707492795389049
hier_clust,3,78,ward,False,4010,7520,0.5332446808510638,0.7662068965517241,0.3978965819456617,0.3686868686868687,0.6361655773420479,0.11386138613861387,0.0,0.0,0.0,0.6404899135446686
hier_clust,4,52,average,False,4010,7520,0.5332446808510638,0.7441379310344828,0.49605609114811566,0.33164983164983164,0.5744371822803195,0.08415841584158416,0.0,0.0,0.3283582089552239,0.6642651296829971
hier_clust,4,45,average,False,4009,7520,0.5331117021276596,0.7441379310344828,0.49605609114811566,0.33221099887766553,0.5744371822803195,0.08415841584158416,0.0,0.0,0.31343283582089554,0.6642651296829971
hier_clust,4,48,average,False,4009,7520,0.5331117021276596,0.7441379310344828,0.49605609114811566,0.33221099887766553,0.5744371822803195,0.08415841584158416,0.0,0.0,0.31343283582089554,0.6642651296829971
hier_clust,10,100,complete,False,4009,7520,0.5331117021276596,0.6848275862068965,0.43908851884312006,0.37149270482603813,0.5780682643427741,0.32673267326732675,0.0,0.0,0.3358208955223881,0.6815561959654178
hier_clust,4,41,average,False,4008,7520,0.5329787234042553,0.7441379310344828,0.49605609114811566,0.33164983164983164,0.5744371822803195,0.08415841584158416,0.0,0.0,0.31343283582089554,0.6642651296829971
hier_clust,2,78,centroid,False,4007,7520,0.5328457446808511,0.7462068965517241,0.4040315512708151,0.4074074074074074,0.5708061002178649,0.10396039603960396,0.0,0.0,0.0,0.670749279538905
hier_clust,10,52,ward,True,4007,7520,0.5328457446808511,0.6751724137931034,0.5144609991235758,0.38103254769921435,0.5410312273057372,0.4405940594059406,0.0,0.0,0.0,0.6685878962536023
hier_clust,5,45,ward,False,4007,7520,0.5328457446808511,0.7062068965517241,0.49605609114811566,0.35353535353535354,0.5816993464052288,0.21287128712871287,0.0,0.0,0.2537313432835821,0.6548991354466859
hier_clust,5,92,average,False,4007,7520,0.5328457446808511,0.7344827586206897,0.5267309377738826,0.2957351290684624,0.6114742193173566,0.23267326732673269,0.0,0.0,0.0,0.6664265129682997
hier_clust,3,85,complete,False,4007,7520,0.5328457446808511,0.7041379310344827,0.44171779141104295,0.43265993265993263,0.5642701525054467,0.19306930693069307,0.0,0.0,0.26119402985074625,0.6195965417867435
hier_clust,5,78,ward,True,4006,7520,0.5327127659574468,0.6979310344827586,0.4504820333041192,0.4562289562289562,0.48729121278140886,0.3465346534653465,0.0,0.0,0.0,0.6671469740634006
hier_clust,2,61,complete,False,4006,7520,0.5327127659574468,0.6675862068965517,0.4820333041191937,0.39730639730639733,0.6042120551924474,0.034653465346534656,0.0,0.0,0.13432835820895522,0.6649855907780979
hier_clust,20,72,ward,True,4005,7520,0.5325797872340425,0.6993103448275862,0.49167397020157755,0.38159371492704824,0.541757443718228,0.22277227722772278,0.0,0.0,0.39552238805970147,0.6527377521613833
hier_clust,4,38,average,False,4005,7520,0.5325797872340425,0.7441379310344828,0.48729184925503943,0.33557800224466894,0.5744371822803195,0.08415841584158416,0.0,0.0,0.31343283582089554,0.6642651296829971
hier_clust,2,72,centroid,False,4004,7520,0.5324468085106383,0.7462068965517241,0.4040315512708151,0.4152637485970819,0.5584604212055192,0.10396039603960396,0.0,0.0,0.0,0.670749279538905
hier_clust,4,78,ward,True,4004,7520,0.5324468085106383,0.7075862068965517,0.4864154250657318,0.4292929292929293,0.5642701525054467,0.054455445544554455,0.0,0.0,0.0,0.6268011527377522
hier_clust,2,85,average,False,4004,7520,0.5324468085106383,0.7641379310344828,0.4049079754601227,0.3782267115600449,0.6100217864923747,0.10891089108910891,0.0,0.0,0.0,0.6469740634005764
hier_clust,3,72,ward,False,4003,7520,0.5323138297872341,0.7662068965517241,0.43821209465381245,0.3389450056116723,0.6361655773420479,0.11386138613861387,0.0,0.0,0.0,0.6404899135446686
hier_clust,2,72,ward,False,4003,7520,0.5323138297872341,0.6917241379310345,0.48729184925503943,0.39225589225589225,0.5962236746550472,0.0,0.0,0.0,0.0,0.6657060518731989
hier_clust,4,35,ward,False,4003,7520,0.5323138297872341,0.670344827586207,0.38562664329535495,0.409652076318743,0.6122004357298475,0.0,0.0,0.0,0.35074626865671643,0.6995677233429395
hier_clust,20,61,ward,False,4001,7520,0.5320478723404255,0.6620689655172414,0.5083260297984225,0.4051627384960718,0.5170660856935366,0.3415841584158416,0.0,0.0,0.373134328358209,0.654178674351585
hier_clust,10,92,complete,False,4001,7520,0.5320478723404255,0.6848275862068965,0.43908851884312006,0.34231200897867564,0.6223674655047204,0.24257425742574257,0.0,0.0,0.3358208955223881,0.6815561959654178
hier_clust,4,85,weighted,False,3999,7520,0.531781914893617,0.7944827586206896,0.32865907099035935,0.4180695847362514,0.5562817719680465,0.21782178217821782,0.0,0.0,0.30597014925373134,0.6311239193083573
hier_clust,5,72,ward,True,3998,7520,0.5316489361702128,0.7448275862068966,0.3838737949167397,0.4562289562289562,0.48729121278140886,0.3465346534653465,0.0,0.0,0.0,0.6671469740634006
hier_clust,4,32,ward,False,3998,7520,0.5316489361702128,0.670344827586207,0.43996494303242767,0.3720538720538721,0.6122004357298475,0.0,0.0,0.0,0.35074626865671643,0.6995677233429395
hier_clust,5,100,complete,True,3996,7520,0.5313829787234042,0.7586206896551724,0.3374233128834356,0.46352413019079686,0.5526506899055919,0.15346534653465346,0.0,0.0,0.08955223880597014,0.6347262247838616
hier_clust,2,61,centroid,False,3995,7520,0.53125,0.7462068965517241,0.4040315512708151,0.40404040404040403,0.5664488017429193,0.10396039603960396,0.0,0.0,0.0,0.670749279538905
hier_clust,2,67,centroid,False,3995,7520,0.53125,0.7462068965517241,0.4040315512708151,0.40404040404040403,0.5664488017429193,0.10396039603960396,0.0,0.0,0.0,0.670749279538905
hier_clust,False,41,ward,False,3995,7520,0.53125,0.6993103448275862,0.4925503943908852,0.38496071829405165,0.5344952795933188,0.5742574257425742,0.0,0.0,0.20149253731343283,0.6152737752161384
hier_clust,20,57,ward,False,3995,7520,0.53125,0.6620689655172414,0.5083260297984225,0.3900112233445567,0.5533769063180828,0.19801980198019803,0.0,0.0,0.373134328358209,0.654178674351585
hier_clust,2,57,centroid,False,3995,7520,0.53125,0.7462068965517241,0.4040315512708151,0.40404040404040403,0.5664488017429193,0.10396039603960396,0.0,0.0,0.0,0.670749279538905
hier_clust,10,85,complete,False,3994,7520,0.5311170212765958,0.6910344827586207,0.43908851884312006,0.3288439955106622,0.6281771968046478,0.24257425742574257,0.0,0.0,0.3358208955223881,0.6815561959654178
hier_clust,2,92,weighted,False,3994,7520,0.5311170212765958,0.7172413793103448,0.3733567046450482,0.39674523007856344,0.599128540305011,0.039603960396039604,0.0,0.0,0.05223880597014925,0.7067723342939481
hier_clust,20,92,complete,False,3993,7520,0.5309840425531915,0.7593103448275862,0.4127957931638913,0.3765432098765432,0.570079883805374,0.19801980198019803,0.0,0.0,0.3283582089552239,0.6347262247838616
hier_clust,5,85,average,False,3993,7520,0.5309840425531915,0.7344827586206897,0.5661700262927257,0.2665544332210999,0.6034858387799564,0.2524752475247525,0.0,0.0,0.0,0.6664265129682997
hier_clust,10,45,ward,True,3992,7520,0.5308510638297872,0.6751724137931034,0.5144609991235758,0.35241301907968575,0.5410312273057372,0.4405940594059406,0.0,0.0,0.0,0.6945244956772334
hier_clust,10,48,ward,True,3992,7520,0.5308510638297872,0.6751724137931034,0.5144609991235758,0.35241301907968575,0.5410312273057372,0.4405940594059406,0.0,0.0,0.0,0.6945244956772334
hier_clust,5,52,complete,False,3992,7520,0.5308510638297872,0.7455172413793103,0.4741454864154251,0.3984287317620651,0.5163398692810458,0.0594059405940594,0.0,0.0,0.23880597014925373,0.6520172910662824
hier_clust,3,78,average,False,3992,7520,0.5308510638297872,0.756551724137931,0.4767747589833479,0.32940516273849607,0.599128540305011,0.10891089108910891,0.0,0.0,0.29850746268656714,0.6318443804034583
hier_clust,2,78,median,False,3992,7520,0.5308510638297872,0.7206896551724138,0.3733567046450482,0.43602693602693604,0.5962236746550472,0.0297029702970297,0.0,0.0,0.0,0.6606628242074928
hier_clust,3,100,centroid,False,3992,7520,0.5308510638297872,0.7875862068965517,0.37861524978089395,0.40235690235690236,0.5802469135802469,0.10891089108910891,0.0,0.0,0.27611940298507465,0.6073487031700289
hier_clust,3,78,complete,False,3991,7520,0.530718085106383,0.72,0.42418930762489043,0.409652076318743,0.5715323166303559,0.19306930693069307,0.0,0.0,0.26119402985074625,0.6282420749279539
hier_clust,2,78,average,False,3991,7520,0.530718085106383,0.7813793103448275,0.3549517966695881,0.3793490460157127,0.6100217864923747,0.10396039603960396,0.0,0.0,0.0,0.659942363112392
hier_clust,2,67,ward,False,3989,7520,0.5304521276595745,0.6917241379310345,0.4574934268185802,0.40347923681257014,0.5962236746550472,0.0,0.0,0.0,0.0,0.6657060518731989
hier_clust,20,52,ward,False,3989,7520,0.5304521276595745,0.6620689655172414,0.5083260297984225,0.3787878787878788,0.5758896151053013,0.19801980198019803,0.0,0.0,0.373134328358209,0.6419308357348703
hier_clust,2,57,complete,False,3988,7520,0.5303191489361702,0.6675862068965517,0.4820333041191937,0.37149270482603813,0.6042120551924474,0.034653465346534656,0.0,0.0,0.23880597014925373,0.6750720461095101
hier_clust,2,72,median,False,3987,7520,0.5301861702127659,0.7206896551724138,0.3733567046450482,0.42592592592592593,0.6056644880174292,0.0297029702970297,0.0,0.0,0.0,0.6606628242074928
hier_clust,10,41,ward,True,3987,7520,0.5301861702127659,0.6751724137931034,0.5144609991235758,0.3327721661054994,0.5410312273057372,0.4405940594059406,0.0,0.0,0.0,0.7161383285302594
hier_clust,5,78,average,False,3985,7520,0.5299202127659575,0.7344827586206897,0.567922874671341,0.26374859708193044,0.5998547567175018,0.2524752475247525,0.0,0.0,0.0,0.6664265129682997
hier_clust,4,38,complete,False,3985,7520,0.5299202127659575,0.6806896551724138,0.4583698510078878,0.4062850729517396,0.5388525780682644,0.13366336633663367,0.0,0.0,0.0,0.707492795389049
hier_clust,3,72,average,False,3984,7520,0.5297872340425532,0.756551724137931,0.4767747589833479,0.3148148148148148,0.599128540305011,0.10891089108910891,0.0,0.0,0.29850746268656714,0.6448126801152738
hier_clust,5,100,weighted,False,3982,7520,0.5295212765957447,0.6351724137931034,0.4294478527607362,0.3900112233445567,0.579520697167756,0.3415841584158416,0.0,0.0,0.0,0.7269452449567724
hier_clust,False,38,ward,False,3982,7520,0.5295212765957447,0.6993103448275862,0.4925503943908852,0.3653198653198653,0.5344952795933188,0.5742574257425742,0.0,0.0,0.20149253731343283,0.6311239193083573
hier_clust,5,41,ward,False,3982,7520,0.5295212765957447,0.7351724137931035,0.4548641542506573,0.34231200897867564,0.6129266521423384,0.0,0.0,0.0,0.2537313432835821,0.6548991354466859
hier_clust,5,38,ward,False,3982,7520,0.5295212765957447,0.7351724137931035,0.4548641542506573,0.34231200897867564,0.6129266521423384,0.0,0.0,0.0,0.2537313432835821,0.6548991354466859
hier_clust,5,67,ward,True,3980,7520,0.5292553191489362,0.7344827586206897,0.4014022787028922,0.4668911335578002,0.4567901234567901,0.3465346534653465,0.0,0.0,0.0,0.6671469740634006
hier_clust,4,30,ward,False,3980,7520,0.5292553191489362,0.6772413793103448,0.4601226993865031,0.3434343434343434,0.6122004357298475,0.0,0.0,0.0,0.35074626865671643,0.6995677233429395
hier_clust,5,61,ward,True,3980,7520,0.5292553191489362,0.7344827586206897,0.4014022787028922,0.4668911335578002,0.4567901234567901,0.3465346534653465,0.0,0.0,0.0,0.6671469740634006
hier_clust,5,57,ward,True,3980,7520,0.5292553191489362,0.7344827586206897,0.4014022787028922,0.4668911335578002,0.4567901234567901,0.3465346534653465,0.0,0.0,0.0,0.6671469740634006
hier_clust,10,57,ward,False,3979,7520,0.529122340425532,0.6951724137931035,0.43821209465381245,0.4074074074074074,0.5112563543936093,0.48514851485148514,0.0,0.0,0.3582089552238806,0.6448126801152738
hier_clust,20,85,complete,False,3979,7520,0.529122340425532,0.7662068965517241,0.4127957931638913,0.3608305274971942,0.570079883805374,0.19801980198019803,0.0,0.0,0.3283582089552239,0.6376080691642652
hier_clust,2,67,median,False,3979,7520,0.529122340425532,0.6882758620689655,0.4075372480280456,0.40179573512906847,0.6368917937545389,0.0297029702970297,0.0,0.0,0.0,0.6606628242074928
hier_clust,3,67,ward,False,3978,7520,0.5289893617021276,0.7662068965517241,0.43821209465381245,0.3602693602693603,0.5976761074800291,0.06435643564356436,0.0,0.0,0.0,0.6404899135446686
hier_clust,5,100,median,False,3978,7520,0.5289893617021276,0.6862068965517242,0.5118317265556529,0.37542087542087543,0.49382716049382713,0.25742574257425743,0.0,0.0,0.007462686567164179,0.718299711815562
hier_clust,20,67,ward,True,3978,7520,0.5289893617021276,0.6993103448275862,0.49167397020157755,0.3686868686868687,0.5388525780682644,0.22277227722772278,0.0,0.0,0.39552238805970147,0.6527377521613833
hier_clust,2,52,centroid,False,3977,7520,0.5288563829787234,0.7462068965517241,0.4171779141104294,0.3765432098765432,0.5664488017429193,0.10396039603960396,0.0,0.0,0.0,0.6822766570605188
hier_clust,2,61,median,False,3977,7520,0.5288563829787234,0.6882758620689655,0.4075372480280456,0.4046015712682379,0.6318082788671024,0.0297029702970297,0.0,0.0,0.0,0.6606628242074928
hier_clust,2,72,average,False,3977,7520,0.5288563829787234,0.7813793103448275,0.31463628396143734,0.39730639730639733,0.6100217864923747,0.10396039603960396,0.0,0.0,0.0,0.659942363112392
hier_clust,2,61,ward,False,3977,7520,0.5288563829787234,0.6917241379310345,0.4574934268185802,0.4180695847362514,0.5816993464052288,0.0,0.0,0.0,0.0,0.6527377521613833
hier_clust,3,100,weighted,False,3976,7520,0.5287234042553192,0.7089655172413794,0.45223488168273446,0.3479236812570146,0.5773420479302832,0.18316831683168316,0.0,0.0,0.014925373134328358,0.7046109510086456
hier_clust,3,72,median,False,3975,7520,0.5285904255319149,0.6889655172413793,0.4268185801928133,0.42424242424242425,0.5453885257806826,0.13861386138613863,0.0,0.0,0.11194029850746269,0.6765129682997119
hier_clust,3,67,average,False,3974,7520,0.5284574468085106,0.756551724137931,0.4767747589833479,0.3372615039281706,0.5628177196804648,0.10891089108910891,0.0,0.0,0.29850746268656714,0.6448126801152738
hier_clust,5,92,complete,True,3973,7520,0.5283244680851064,0.7662068965517241,0.32515337423312884,0.46464646464646464,0.5424836601307189,0.15346534653465346,0.0,0.0,0.08955223880597014,0.6289625360230547
hier_clust,10,78,complete,False,3973,7520,0.5283244680851064,0.6910344827586207,0.4110429447852761,0.3282828282828283,0.6368917937545389,0.24257425742574257,0.0,0.0,0.3358208955223881,0.6815561959654178
hier_clust,2,57,ward,False,3972,7520,0.5281914893617021,0.6917241379310345,0.4574934268185802,0.4175084175084175,0.5787944807552651,0.0,0.0,0.0,0.0,0.6527377521613833
hier_clust,5,48,complete,False,3972,7520,0.5281914893617021,0.7455172413793103,0.48466257668711654,0.3793490460157127,0.5177923021060276,0.0594059405940594,0.0,0.0,0.23880597014925373,0.6520172910662824
hier_clust,5,41,complete,False,3971,7520,0.5280585106382979,0.7455172413793103,0.48466257668711654,0.36924803591470257,0.5301379811183733,0.0594059405940594,0.0,0.0,0.23880597014925373,0.6520172910662824
hier_clust,4,72,ward,True,3971,7520,0.5280585106382979,0.7303448275862069,0.42418930762489043,0.42536475869809204,0.5729847494553377,0.054455445544554455,0.0,0.0,0.0,0.6268011527377522
hier_clust,5,38,complete,False,3971,7520,0.5280585106382979,0.7455172413793103,0.48466257668711654,0.36924803591470257,0.5301379811183733,0.0594059405940594,0.0,0.0,0.23880597014925373,0.6520172910662824
hier_clust,5,92,median,False,3971,7520,0.5280585106382979,0.6862068965517242,0.5135845749342682,0.38552188552188554,0.47421931735657225,0.25742574257425743,0.0,0.0,0.007462686567164179,0.718299711815562
hier_clust,5,45,complete,False,3971,7520,0.5280585106382979,0.7455172413793103,0.48466257668711654,0.36924803591470257,0.5301379811183733,0.0594059405940594,0.0,0.0,0.23880597014925373,0.6520172910662824
hier_clust,20,48,ward,False,3971,7520,0.5280585106382979,0.7075862068965517,0.5083260297984225,0.36475869809203143,0.5758896151053013,0.19801980198019803,0.0,0.0,0.373134328358209,0.5994236311239193
hier_clust,4,35,complete,False,3970,7520,0.5279255319148937,0.6806896551724138,0.4583698510078878,0.41358024691358025,0.5185185185185185,0.13366336633663367,0.0,0.0,0.0,0.707492795389049
hier_clust,2,52,complete,False,3970,7520,0.5279255319148937,0.6675862068965517,0.4820333041191937,0.3894500561167228,0.5780682643427741,0.034653465346534656,0.0,0.0,0.23880597014925373,0.6649855907780979
hier_clust,2,52,median,False,3969,7520,0.5277925531914893,0.6882758620689655,0.4075372480280456,0.3978675645342312,0.6318082788671024,0.0297029702970297,0.0,0.0,0.21641791044776118,0.6426512968299711
hier_clust,2,57,median,False,3969,7520,0.5277925531914893,0.6882758620689655,0.4075372480280456,0.3978675645342312,0.6318082788671024,0.0297029702970297,0.0,0.0,0.21641791044776118,0.6426512968299711
hier_clust,2,61,average,False,3969,7520,0.5277925531914893,0.7813793103448275,0.31463628396143734,0.4012345679012346,0.6092955700798838,0.034653465346534656,0.0,0.0,0.0,0.659942363112392
hier_clust,2,67,average,False,3969,7520,0.5277925531914893,0.7813793103448275,0.31463628396143734,0.4012345679012346,0.6092955700798838,0.034653465346534656,0.0,0.0,0.0,0.659942363112392
hier_clust,False,35,ward,False,3969,7520,0.5277925531914893,0.7337931034482759,0.44084136722173534,0.34287317620650953,0.5751633986928104,0.4752475247524752,0.0,0.0,0.20149253731343283,0.6311239193083573
hier_clust,False,32,ward,False,3969,7520,0.5277925531914893,0.7337931034482759,0.44084136722173534,0.34287317620650953,0.5751633986928104,0.4752475247524752,0.0,0.0,0.20149253731343283,0.6311239193083573
hier_clust,False,30,ward,False,3969,7520,0.5277925531914893,0.7337931034482759,0.44084136722173534,0.34287317620650953,0.5751633986928104,0.4752475247524752,0.0,0.0,0.20149253731343283,0.6311239193083573
hier_clust,3,67,median,False,3968,7520,0.5276595744680851,0.6889655172413793,0.4268185801928133,0.40291806958473625,0.5715323166303559,0.11386138613861387,0.0,0.0,0.11194029850746269,0.6765129682997119
hier_clust,5,85,complete,True,3968,7520,0.5276595744680851,0.7662068965517241,0.3339176161262051,0.46296296296296297,0.5424836601307189,0.15346534653465346,0.0,0.0,0.0,0.6289625360230547
hier_clust,5,35,complete,False,3968,7520,0.5276595744680851,0.7455172413793103,0.48466257668711654,0.38552188552188554,0.5301379811183733,0.0594059405940594,0.0,0.0,0.0,0.6520172910662824
hier_clust,3,92,centroid,False,3967,7520,0.5275265957446809,0.7882758620689655,0.4040315512708151,0.3765432098765432,0.570079883805374,0.13861386138613863,0.0,0.0,0.27611940298507465,0.6066282420749279
hier_clust,5,85,median,False,3967,7520,0.5275265957446809,0.6862068965517242,0.5127081507449606,0.37991021324354657,0.48002904865649965,0.25742574257425743,0.0,0.0,0.007462686567164179,0.7175792507204611
hier_clust,2,48,complete,False,3966,7520,0.5273936170212766,0.6675862068965517,0.4820333041191937,0.40179573512906847,0.5591866376180101,0.034653465346534656,0.0,0.0,0.23880597014925373,0.6649855907780979
hier_clust,False,27,ward,False,3965,7520,0.5272606382978723,0.7337931034482759,0.4820333041191937,0.31425364758698093,0.5751633986928104,0.4752475247524752,0.0,0.0,0.20149253731343283,0.6311239193083573
hier_clust,20,78,complete,False,3965,7520,0.5272606382978723,0.7662068965517241,0.4127957931638913,0.37485970819304154,0.5649963689179376,0.12376237623762376,0.0,0.0,0.3283582089552239,0.6253602305475504
hier_clust,5,52,ward,True,3965,7520,0.5272606382978723,0.7158620689655173,0.4233128834355828,0.4444444444444444,0.4829339143064633,0.30198019801980197,0.0,0.0,0.0,0.6671469740634006
hier_clust,False,61,ward,True,3963,7520,0.5269946808510638,0.713103448275862,0.5056967572304996,0.4556677890011223,0.43790849673202614,0.3465346534653465,0.0,0.0,0.1865671641791045,0.6066282420749279
hier_clust,4,78,weighted,False,3963,7520,0.5269946808510638,0.7993103448275862,0.34005258545135847,0.398989898989899,0.5403050108932462,0.21782178217821782,0.0,0.0,0.30597014925373134,0.6311239193083573
hier_clust,2,45,complete,False,3963,7520,0.5269946808510638,0.6675862068965517,0.4820333041191937,0.40179573512906847,0.5533769063180828,0.0594059405940594,0.0,0.0,0.23880597014925373,0.6649855907780979
hier_clust,2,41,complete,False,3963,7520,0.5269946808510638,0.6675862068965517,0.4820333041191937,0.40179573512906847,0.5533769063180828,0.0594059405940594,0.0,0.0,0.23880597014925373,0.6649855907780979
hier_clust,4,100,median,False,3961,7520,0.5267287234042554,0.7406896551724138,0.4934268185801928,0.3063973063973064,0.5860566448801743,0.0891089108910891,0.0,0.0,0.34328358208955223,0.6534582132564841
hier_clust,3,61,ward,False,3961,7520,0.5267287234042554,0.7662068965517241,0.45311130587204207,0.3282828282828283,0.6143790849673203,0.06435643564356436,0.0,0.0,0.0,0.6404899135446686
hier_clust,5,78,median,False,3960,7520,0.526595744680851,0.6862068965517242,0.5127081507449606,0.39113355780022446,0.47421931735657225,0.25742574257425743,0.0,0.0,0.007462686567164179,0.7038904899135446
hier_clust,2,52,ward,False,3958,7520,0.5263297872340426,0.6917241379310345,0.4171779141104294,0.4511784511784512,0.5584604212055192,0.0,0.0,0.0,0.0,0.6527377521613833
hier_clust,3,100,ward,True,3958,7520,0.5263297872340426,0.7662068965517241,0.3453111305872042,0.3602693602693603,0.6339869281045751,0.10891089108910891,0.0,0.0,0.0,0.659942363112392
hier_clust,False,25,ward,False,3958,7520,0.5263297872340426,0.7337931034482759,0.4820333041191937,0.35858585858585856,0.5751633986928104,0.4752475247524752,0.0,0.0,0.0,0.5886167146974063
hier_clust,10,38,ward,True,3958,7520,0.5263297872340426,0.6751724137931034,0.5337423312883436,0.2991021324354658,0.5737109658678287,0.2623762376237624,0.0,0.0,0.0,0.7161383285302594
hier_clust,2,85,weighted,False,3957,7520,0.5261968085106383,0.7489655172413793,0.3733567046450482,0.44556677890011226,0.5359477124183006,0.039603960396039604,0.0,0.0,0.05223880597014925,0.6469740634005764
hier_clust,4,67,ward,True,3957,7520,0.5261968085106383,0.7303448275862069,0.42418930762489043,0.4298540965207632,0.5570079883805374,0.054455445544554455,0.0,0.0,0.0,0.6268011527377522
hier_clust,4,92,median,False,3957,7520,0.5261968085106383,0.7406896551724138,0.4802804557405784,0.31369248035914704,0.5882352941176471,0.0891089108910891,0.0,0.0,0.30597014925373134,0.6534582132564841
hier_clust,2,48,ward,False,3956,7520,0.5260638297872341,0.723448275862069,0.37510955302366344,0.4511784511784512,0.5584604212055192,0.0,0.0,0.0,0.0,0.6527377521613833
hier_clust,False,78,complete,False,3956,7520,0.5260638297872341,0.8282758620689655,0.3032427695004382,0.356341189674523,0.5875090777051561,0.3712871287128713,0.0,0.0,0.3358208955223881,0.6087896253602305
hier_clust,2,41,ward,False,3956,7520,0.5260638297872341,0.723448275862069,0.37510955302366344,0.4511784511784512,0.5584604212055192,0.0,0.0,0.0,0.0,0.6527377521613833
hier_clust,2,38,ward,False,3956,7520,0.5260638297872341,0.723448275862069,0.37510955302366344,0.4511784511784512,0.5584604212055192,0.0,0.0,0.0,0.0,0.6527377521613833
hier_clust,2,35,ward,False,3956,7520,0.5260638297872341,0.723448275862069,0.37510955302366344,0.4511784511784512,0.5584604212055192,0.0,0.0,0.0,0.0,0.6527377521613833
hier_clust,2,45,ward,False,3956,7520,0.5260638297872341,0.723448275862069,0.37510955302366344,0.4511784511784512,0.5584604212055192,0.0,0.0,0.0,0.0,0.6527377521613833
hier_clust,10,72,complete,False,3955,7520,0.5259308510638298,0.6910344827586207,0.38212094653812445,0.3372615039281706,0.6397966594045026,0.21782178217821782,0.0,0.0,0.3358208955223881,0.6815561959654178
hier_clust,10,35,ward,True,3955,7520,0.5259308510638298,0.6751724137931034,0.5337423312883436,0.2856341189674523,0.588961510530138,0.2623762376237624,0.0,0.0,0.0,0.7161383285302594
hier_clust,3,85,centroid,False,3955,7520,0.5259308510638298,0.7882758620689655,0.39263803680981596,0.3686868686868687,0.570079883805374,0.13861386138613863,0.0,0.0,0.27611940298507465,0.6174351585014409
hier_clust,10,48,ward,False,3954,7520,0.5257978723404255,0.6627586206896552,0.4706397896581946,0.3877665544332211,0.5112563543936093,0.5198019801980198,0.0,0.0,0.3582089552238806,0.654178674351585
hier_clust,20,45,ward,False,3954,7520,0.5257978723404255,0.7075862068965517,0.5083260297984225,0.367003367003367,0.5896877269426289,0.0,0.0,0.0,0.373134328358209,0.5994236311239193
hier_clust,3,92,ward,True,3954,7520,0.5257978723404255,0.7662068965517241,0.3453111305872042,0.34231200897867564,0.6434277414669571,0.18316831683168316,0.0,0.0,0.0,0.659942363112392
hier_clust,10,45,ward,False,3954,7520,0.5257978723404255,0.6627586206896552,0.4706397896581946,0.3877665544332211,0.5112563543936093,0.5198019801980198,0.0,0.0,0.3582089552238806,0.654178674351585
hier_clust,10,52,ward,False,3954,7520,0.5257978723404255,0.6627586206896552,0.4706397896581946,0.3877665544332211,0.5112563543936093,0.5198019801980198,0.0,0.0,0.3582089552238806,0.654178674351585
hier_clust,20,61,ward,True,3953,7520,0.5256648936170213,0.6993103448275862,0.49167397020157755,0.3546576879910213,0.5265068990559186,0.3069306930693069,0.0,0.0,0.39552238805970147,0.6527377521613833
hier_clust,2,48,centroid,False,3953,7520,0.5256648936170213,0.6903448275862069,0.4171779141104294,0.3765432098765432,0.5664488017429193,0.10396039603960396,0.0,0.0,0.0,0.723342939481268
hier_clust,20,57,ward,True,3953,7520,0.5256648936170213,0.6993103448275862,0.49167397020157755,0.3546576879910213,0.5265068990559186,0.3069306930693069,0.0,0.0,0.39552238805970147,0.6527377521613833
hier_clust,4,61,ward,True,3952,7520,0.5255319148936171,0.7303448275862069,0.40315512708150747,0.4405162738496072,0.5570079883805374,0.054455445544554455,0.0,0.0,0.0,0.6268011527377522
hier_clust,4,72,weighted,False,3952,7520,0.5255319148936171,0.7986206896551724,0.34005258545135847,0.39281705948372614,0.5403050108932462,0.21782178217821782,0.0,0.0,0.30597014925373134,0.6318443804034583
hier_clust,4,67,weighted,False,3952,7520,0.5255319148936171,0.7986206896551724,0.32252410166520595,0.40404040404040403,0.5403050108932462,0.21782178217821782,0.0,0.0,0.30597014925373134,0.6318443804034583
hier_clust,2,57,average,False,3950,7520,0.5252659574468085,0.7813793103448275,0.31463628396143734,0.35914702581369246,0.6499636891793754,0.034653465346534656,0.0,0.0,0.0,0.659942363112392
hier_clust,4,35,average,False,3949,7520,0.5251329787234043,0.7441379310344828,0.48729184925503943,0.2822671156004489,0.6027596223674655,0.08415841584158416,0.0,0.0,0.31343283582089554,0.6642651296829971
hier_clust,5,78,complete,True,3948,7520,0.525,0.7662068965517241,0.3339176161262051,0.4562289562289562,0.5366739288307916,0.15346534653465346,0.0,0.0,0.0,0.6289625360230547
hier_clust,3,72,complete,False,3947,7520,0.5248670212765958,0.6282758620689655,0.4294478527607362,0.39674523007856344,0.579520697167756,0.19306930693069307,0.0,0.0,0.22388059701492538,0.7002881844380403
hier_clust,3,67,complete,False,3947,7520,0.5248670212765958,0.6282758620689655,0.4294478527607362,0.39674523007856344,0.579520697167756,0.19306930693069307,0.0,0.0,0.22388059701492538,0.7002881844380403
hier_clust,2,45,centroid,False,3945,7520,0.5246010638297872,0.6903448275862069,0.4171779141104294,0.38271604938271603,0.5519244734931009,0.10396039603960396,0.0,0.0,0.20149253731343283,0.7046109510086456
hier_clust,4,57,ward,True,3944,7520,0.524468085106383,0.7303448275862069,0.37510955302366344,0.4567901234567901,0.5613652868554829,0.0,0.0,0.0,0.0,0.6268011527377522
hier_clust,2,38,complete,False,3944,7520,0.524468085106383,0.6675862068965517,0.5135845749342682,0.35858585858585856,0.5693536673928831,0.0594059405940594,0.0,0.0,0.23880597014925373,0.6649855907780979
hier_clust,3,61,complete,False,3944,7520,0.524468085106383,0.6282758620689655,0.4294478527607362,0.3995510662177329,0.5729847494553377,0.19306930693069307,0.0,0.0,0.22388059701492538,0.7010086455331412
hier_clust,3,57,complete,False,3944,7520,0.524468085106383,0.6282758620689655,0.4294478527607362,0.3995510662177329,0.5729847494553377,0.19306930693069307,0.0,0.0,0.22388059701492538,0.7010086455331412
hier_clust,4,61,weighted,False,3944,7520,0.524468085106383,0.7986206896551724,0.32252410166520595,0.4012345679012346,0.5439360929557008,0.1782178217821782,0.0,0.0,0.30597014925373134,0.6318443804034583
hier_clust,10,67,complete,False,3944,7520,0.524468085106383,0.6910344827586207,0.38562664329535495,0.3277216610549944,0.6412490922294843,0.21782178217821782,0.0,0.0,0.3358208955223881,0.6815561959654178
hier_clust,3,78,centroid,False,3943,7520,0.5243351063829788,0.7882758620689655,0.39263803680981596,0.34736251402918067,0.5911401597676107,0.12871287128712872,0.0,0.0,0.27611940298507465,0.6167146974063401
hier_clust,20,41,ward,False,3943,7520,0.5243351063829788,0.7075862068965517,0.4899211218229623,0.372615039281706,0.5896877269426289,0.0,0.0,0.0,0.373134328358209,0.5994236311239193
hier_clust,2,72,weighted,False,3942,7520,0.5242021276595744,0.7489655172413793,0.3733567046450482,0.42536475869809204,0.5359477124183006,0.034653465346534656,0.0,0.0,0.17164179104477612,0.6512968299711815
hier_clust,10,41,ward,False,3942,7520,0.5242021276595744,0.6627586206896552,0.4364592462751972,0.3832772166105499,0.5366739288307916,0.5198019801980198,0.0,0.0,0.3582089552238806,0.654178674351585
hier_clust,2,78,weighted,False,3942,7520,0.5242021276595744,0.7489655172413793,0.3733567046450482,0.42536475869809204,0.5359477124183006,0.034653465346534656,0.0,0.0,0.17164179104477612,0.6512968299711815
hier_clust,3,57,ward,False,3941,7520,0.5240691489361702,0.7662068965517241,0.43733567046450483,0.3271604938271605,0.6143790849673203,0.06435643564356436,0.0,0.0,0.0,0.6404899135446686
hier_clust,4,30,average,False,3941,7520,0.5240691489361702,0.7441379310344828,0.48729184925503943,0.27104377104377103,0.6201888162672476,0.024752475247524754,0.0,0.0,0.31343283582089554,0.6642651296829971
hier_clust,4,32,average,False,3941,7520,0.5240691489361702,0.7441379310344828,0.48729184925503943,0.27104377104377103,0.6201888162672476,0.024752475247524754,0.0,0.0,0.31343283582089554,0.6642651296829971
hier_clust,4,72,centroid,False,3941,7520,0.5240691489361702,0.8103448275862069,0.3374233128834356,0.287317620650954,0.6797385620915033,0.07920792079207921,0.0,0.0,0.31343283582089554,0.6304034582132565
hier_clust,5,35,ward,False,3940,7520,0.523936170212766,0.7351724137931035,0.4548641542506573,0.3041526374859708,0.6347131445170661,0.0,0.0,0.0,0.0,0.6765129682997119
hier_clust,4,67,centroid,False,3940,7520,0.523936170212766,0.8103448275862069,0.3347940403155127,0.287317620650954,0.6811909949164852,0.07920792079207921,0.0,0.0,0.31343283582089554,0.6304034582132565
hier_clust,5,100,centroid,False,3940,7520,0.523936170212766,0.766896551724138,0.3488168273444347,0.30190796857463525,0.6724763979665941,0.15841584158415842,0.0,0.0,0.007462686567164179,0.6721902017291066
hier_clust,5,72,median,False,3939,7520,0.5238031914893617,0.6068965517241379,0.5985977212971078,0.3888888888888889,0.47421931735657225,0.25742574257425743,0.0,0.0,0.007462686567164179,0.7038904899135446
hier_clust,20,52,ward,True,3938,7520,0.5236702127659575,0.6993103448275862,0.5354951796669588,0.31425364758698093,0.5315904139433552,0.3069306930693069,0.0,0.0,0.39552238805970147,0.6527377521613833
hier_clust,False,57,ward,True,3937,7520,0.5235372340425531,0.713103448275862,0.5056967572304996,0.40347923681257014,0.48729121278140886,0.2623762376237624,0.0,0.0,0.1865671641791045,0.6181556195965417
hier_clust,3,85,ward,True,3937,7520,0.5235372340425531,0.6972413793103448,0.3733567046450482,0.3496071829405163,0.6318082788671024,0.18316831683168316,0.0,0.0,0.0,0.6988472622478387
hier_clust,3,92,weighted,False,3937,7520,0.5235372340425531,0.7089655172413794,0.3409290096406661,0.4006734006734007,0.579520697167756,0.18316831683168316,0.0,0.0,0.014925373134328358,0.6981268011527377
hier_clust,2,52,average,False,3936,7520,0.5234042553191489,0.7813793103448275,0.2751971954425942,0.367003367003367,0.6623093681917211,0.034653465346534656,0.0,0.0,0.0,0.659942363112392
hier_clust,2,100,ward,True,3936,7520,0.5234042553191489,0.6496551724137931,0.43120070113935144,0.37991021324354657,0.6056644880174292,0.11386138613861387,0.0,0.0,0.0,0.6974063400576369
hier_clust,False,52,ward,True,3936,7520,0.5234042553191489,0.713103448275862,0.5056967572304996,0.4107744107744108,0.477124183006536,0.2623762376237624,0.0,0.0,0.1865671641791045,0.6181556195965417
hier_clust,5,72,average,False,3935,7520,0.5232712765957447,0.7344827586206897,0.5696757230499562,0.21885521885521886,0.6201888162672476,0.2524752475247525,0.0,0.0,0.0,0.6664265129682997
hier_clust,4,25,ward,False,3935,7520,0.5232712765957447,0.6772413793103448,0.4601226993865031,0.36307519640852975,0.560639070442992,0.0,0.0,0.0,0.0,0.7269452449567724
hier_clust,3,72,centroid,False,3935,7520,0.5232712765957447,0.7882758620689655,0.39263803680981596,0.3338945005611672,0.6013071895424836,0.13861386138613863,0.0,0.0,0.27611940298507465,0.6167146974063401
hier_clust,3,52,complete,False,3935,7520,0.5232712765957447,0.6282758620689655,0.4294478527607362,0.39057239057239057,0.5729847494553377,0.19306930693069307,0.0,0.0,0.27611940298507465,0.7010086455331412
hier_clust,4,27,ward,False,3935,7520,0.5232712765957447,0.6772413793103448,0.4601226993865031,0.36307519640852975,0.560639070442992,0.0,0.0,0.0,0.0,0.7269452449567724
hier_clust,4,100,complete,True,3934,7520,0.5231382978723405,0.6827586206896552,0.4101665205959685,0.41358024691358025,0.5475671750181554,0.18316831683168316,0.0,0.0,0.04477611940298507,0.6786743515850144
hier_clust,4,52,ward,True,3933,7520,0.5230053191489362,0.7303448275862069,0.37510955302366344,0.4595959595959596,0.5497458242556281,0.0,0.0,0.0,0.0,0.6268011527377522
hier_clust,4,48,ward,True,3933,7520,0.5230053191489362,0.7303448275862069,0.37510955302366344,0.4595959595959596,0.5497458242556281,0.0,0.0,0.0,0.0,0.6268011527377522
hier_clust,4,85,median,False,3932,7520,0.5228723404255319,0.74,0.4802804557405784,0.34062850729517397,0.5395787944807553,0.06930693069306931,0.0,0.0,0.30597014925373134,0.6527377521613833
hier_clust,4,100,centroid,True,3932,7520,0.5228723404255319,0.7344827586206897,0.3347940403155127,0.4444444444444444,0.5526506899055919,0.12376237623762376,0.0,0.0,0.20149253731343283,0.6340057636887608
hier_clust,3,100,average,True,3931,7520,0.5227393617021276,0.72,0.4092900964066608,0.38271604938271603,0.5265068990559186,0.2524752475247525,0.0,0.0,0.26119402985074625,0.6678674351585014
hier_clust,5,67,average,False,3931,7520,0.5227393617021276,0.7344827586206897,0.5696757230499562,0.21941638608305275,0.615831517792302,0.2524752475247525,0.0,0.0,0.0,0.6671469740634006
hier_clust,20,48,ward,True,3930,7520,0.5226063829787234,0.6993103448275862,0.5354951796669588,0.3176206509539843,0.5214233841684822,0.3069306930693069,0.0,0.0,0.39552238805970147,0.6527377521613833
hier_clust,20,45,ward,True,3930,7520,0.5226063829787234,0.6993103448275862,0.5354951796669588,0.3176206509539843,0.5214233841684822,0.3069306930693069,0.0,0.0,0.39552238805970147,0.6527377521613833
hier_clust,3,52,ward,False,3930,7520,0.5226063829787234,0.7662068965517241,0.43733567046450483,0.31032547699214363,0.6078431372549019,0.20297029702970298,0.0,0.0,0.0,0.6404899135446686
hier_clust,3,57,average,False,3929,7520,0.5224734042553192,0.756551724137931,0.4767747589833479,0.27665544332211,0.6085693536673928,0.10891089108910891,0.0,0.0,0.05970149253731343,0.6678674351585014
hier_clust,4,92,complete,True,3929,7520,0.5224734042553192,0.6827586206896552,0.4101665205959685,0.4113355780022447,0.5497458242556281,0.1485148514851485,0.0,0.0,0.06716417910447761,0.6786743515850144
hier_clust,3,61,average,False,3929,7520,0.5224734042553192,0.756551724137931,0.4767747589833479,0.27665544332211,0.6085693536673928,0.10891089108910891,0.0,0.0,0.05970149253731343,0.6678674351585014
hier_clust,4,45,ward,True,3928,7520,0.5223404255319148,0.7303448275862069,0.4057843996494303,0.4371492704826038,0.5497458242556281,0.0,0.0,0.0,0.0,0.6268011527377522
hier_clust,3,78,ward,True,3928,7520,0.5223404255319148,0.6972413793103448,0.3733567046450482,0.356341189674523,0.616557734204793,0.18316831683168316,0.0,0.0,0.0,0.6988472622478387
hier_clust,3,100,weighted,True,3928,7520,0.5223404255319148,0.7662068965517241,0.38825591586327785,0.3277216610549944,0.5846042120551924,0.21287128712871287,0.0,0.0,0.1865671641791045,0.6606628242074928
hier_clust,3,92,average,True,3928,7520,0.5223404255319148,0.6717241379310345,0.4636283961437336,0.38552188552188554,0.5265068990559186,0.2524752475247525,0.0,0.0,0.26119402985074625,0.6678674351585014
hier_clust,False,48,ward,True,3927,7520,0.5222074468085106,0.7275862068965517,0.4802804557405784,0.4264870931537598,0.4560639070442992,0.2623762376237624,0.0,0.0,0.1865671641791045,0.6181556195965417
hier_clust,5,92,centroid,False,3927,7520,0.5222074468085106,0.766896551724138,0.3496932515337423,0.26262626262626265,0.7138707334785767,0.15841584158415842,0.0,0.0,0.007462686567164179,0.6714697406340058
hier_clust,3,48,average,False,3927,7520,0.5222074468085106,0.756551724137931,0.4767747589833479,0.27665544332211,0.59840232389252,0.16831683168316833,0.0,0.0,0.05970149253731343,0.6678674351585014
hier_clust,3,52,average,False,3927,7520,0.5222074468085106,0.756551724137931,0.4767747589833479,0.27665544332211,0.59840232389252,0.16831683168316833,0.0,0.0,0.05970149253731343,0.6678674351585014
hier_clust,3,48,ward,False,3926,7520,0.5220744680851064,0.7662068965517241,0.4005258545135846,0.36251402918069586,0.5679012345679012,0.20297029702970298,0.0,0.0,0.0,0.6404899135446686
hier_clust,2,100,complete,True,3925,7520,0.5219414893617021,0.6834482758620689,0.4014022787028922,0.388327721661055,0.5599128540305011,0.14356435643564355,0.0,0.0,0.29850746268656714,0.6801152737752162
hier_clust,3,85,weighted,False,3925,7520,0.5219414893617021,0.7110344827586207,0.3409290096406661,0.37317620650953987,0.6129266521423384,0.12376237623762376,0.0,0.0,0.014925373134328358,0.6981268011527377
hier_clust,5,30,ward,False,3925,7520,0.5219414893617021,0.7351724137931035,0.4224364592462752,0.3164983164983165,0.6347131445170661,0.0,0.0,0.0,0.0,0.6765129682997119
hier_clust,5,32,ward,False,3925,7520,0.5219414893617021,0.7351724137931035,0.4224364592462752,0.3164983164983165,0.6347131445170661,0.0,0.0,0.0,0.0,0.6765129682997119
hier_clust,2,92,ward,True,3925,7520,0.5219414893617021,0.6496551724137931,0.43120070113935144,0.3787878787878788,0.6056644880174292,0.11386138613861387,0.0,0.0,0.1865671641791045,0.6729106628242075
hier_clust,2,92,complete,True,3924,7520,0.5218085106382979,0.6834482758620689,0.4014022787028922,0.388327721661055,0.5599128540305011,0.13861386138613863,0.0,0.0,0.29850746268656714,0.6801152737752162
hier_clust,4,27,average,False,3924,7520,0.5218085106382979,0.7441379310344828,0.48729184925503943,0.2839506172839506,0.5911401597676107,0.024752475247524754,0.0,0.0,0.31343283582089554,0.6642651296829971
hier_clust,2,32,ward,False,3924,7520,0.5218085106382979,0.723448275862069,0.4084136722173532,0.4118967452300786,0.5584604212055192,0.0,0.0,0.0,0.0,0.6527377521613833
hier_clust,5,61,average,False,3923,7520,0.5216755319148936,0.7337931034482759,0.5687992988606485,0.2048260381593715,0.6267247639796659,0.27722772277227725,0.0,0.0,0.0,0.6671469740634006
hier_clust,2,100,weighted,True,3921,7520,0.5214095744680851,0.6531034482758621,0.44084136722173534,0.40347923681257014,0.5671750181554103,0.12376237623762376,0.0,0.0,0.1417910447761194,0.6678674351585014
hier_clust,20,38,ward,False,3920,7520,0.5212765957446809,0.7075862068965517,0.49517966695880805,0.32042648709315374,0.6361655773420479,0.0,0.0,0.0,0.373134328358209,0.5994236311239193
hier_clust,2,85,ward,True,3919,7520,0.5211436170212767,0.6724137931034483,0.3970201577563541,0.3759820426487093,0.6092955700798838,0.11386138613861387,0.0,0.0,0.1865671641791045,0.6729106628242075
hier_clust,2,67,weighted,False,3919,7520,0.5211436170212767,0.7958620689655173,0.32690622261174407,0.42536475869809204,0.5359477124183006,0.034653465346534656,0.0,0.0,0.17164179104477612,0.6239193083573487
hier_clust,3,92,weighted,True,3919,7520,0.5211436170212767,0.7296551724137931,0.43470639789658194,0.3282828282828283,0.5780682643427741,0.2079207920792079,0.0,0.0,0.1865671641791045,0.6606628242074928
hier_clust,3,78,weighted,False,3918,7520,0.5210106382978723,0.7110344827586207,0.3382997370727432,0.3686868686868687,0.615831517792302,0.12376237623762376,0.0,0.0,0.014925373134328358,0.6981268011527377
hier_clust,5,100,average,True,3918,7520,0.5210106382978723,0.7558620689655172,0.3943908851884312,0.4450056116722783,0.523602033405955,0.33663366336633666,0.0,0.0,0.0,0.569164265129683
hier_clust,2,92,weighted,True,3917,7520,0.5208776595744681,0.6531034482758621,0.44084136722173534,0.3961840628507295,0.5671750181554103,0.12376237623762376,0.0,0.0,0.11940298507462686,0.6765129682997119
hier_clust,4,78,median,False,3917,7520,0.5208776595744681,0.74,0.4802804557405784,0.335016835016835,0.5395787944807553,0.06930693069306931,0.0,0.0,0.26865671641791045,0.6527377521613833
hier_clust,2,35,complete,False,3917,7520,0.5208776595744681,0.6675862068965517,0.5135845749342682,0.42312008978675647,0.5134350036310821,0.0594059405940594,0.0,0.0,0.23880597014925373,0.6181556195965417
hier_clust,2,30,ward,False,3916,7520,0.5207446808510638,0.723448275862069,0.4084136722173532,0.4371492704826038,0.5199709513435004,0.0,0.0,0.0,0.0,0.6527377521613833
hier_clust,4,85,complete,True,3916,7520,0.5207446808510638,0.6827586206896552,0.4101665205959685,0.41358024691358025,0.5374001452432825,0.1485148514851485,0.0,0.0,0.06716417910447761,0.6786743515850144
hier_clust,2,25,ward,False,3916,7520,0.5207446808510638,0.723448275862069,0.4084136722173532,0.4371492704826038,0.5199709513435004,0.0,0.0,0.0,0.0,0.6527377521613833
hier_clust,False,72,complete,False,3916,7520,0.5207446808510638,0.7689655172413793,0.37248028045574055,0.37317620650953987,0.5388525780682644,0.38613861386138615,0.0,0.0,0.3358208955223881,0.6095100864553314
hier_clust,3,85,average,True,3916,7520,0.5207446808510638,0.6717241379310345,0.44347063978965817,0.3956228956228956,0.5424836601307189,0.12871287128712872,0.0,0.0,0.26119402985074625,0.6649855907780979
hier_clust,2,85,complete,True,3916,7520,0.5207446808510638,0.6834482758620689,0.4189307624890447,0.38496071829405165,0.5439360929557008,0.13861386138613863,0.0,0.0,0.29850746268656714,0.6801152737752162
hier_clust,5,72,complete,True,3916,7520,0.5207446808510638,0.7351724137931035,0.3540753724802805,0.4405162738496072,0.5366739288307916,0.15346534653465346,0.0,0.0,0.0,0.6419308357348703
hier_clust,2,27,ward,False,3916,7520,0.5207446808510638,0.723448275862069,0.4084136722173532,0.4371492704826038,0.5199709513435004,0.0,0.0,0.0,0.0,0.6527377521613833
hier_clust,3,100,complete,True,3915,7520,0.5206117021276596,0.7262068965517241,0.4163014899211218,0.3557800224466891,0.6230936819172114,0.14356435643564355,0.0,0.0,0.23134328358208955,0.6015850144092219
hier_clust,4,72,median,False,3915,7520,0.5206117021276596,0.74,0.4802804557405784,0.3400673400673401,0.5315904139433552,0.06930693069306931,0.0,0.0,0.26865671641791045,0.6527377521613833
hier_clust,4,32,complete,False,3914,7520,0.5204787234042553,0.7393103448275862,0.38475021910604734,0.40404040404040403,0.48946986201888165,0.13366336633663367,0.0,0.0,0.0,0.707492795389049
hier_clust,5,48,ward,True,3914,7520,0.5204787234042553,0.7158620689655173,0.4233128834355828,0.3984287317620651,0.5722585330428468,0.0,0.0,0.0,0.0,0.6448126801152738
hier_clust,4,30,complete,False,3914,7520,0.5204787234042553,0.7393103448275862,0.38475021910604734,0.40404040404040403,0.48946986201888165,0.13366336633663367,0.0,0.0,0.0,0.707492795389049
hier_clust,2,100,average,True,3913,7520,0.520345744680851,0.7289655172413793,0.4469763365468887,0.36419753086419754,0.5519244734931009,0.13366336633663367,0.0,0.0,0.029850746268656716,0.6527377521613833
hier_clust,2,38,centroid,False,3913,7520,0.520345744680851,0.6903448275862069,0.4504820333041192,0.3434343434343434,0.5519244734931009,0.10396039603960396,0.0,0.0,0.20149253731343283,0.7046109510086456
hier_clust,5,85,centroid,False,3913,7520,0.520345744680851,0.766896551724138,0.3496932515337423,0.2996632996632997,0.6557734204793029,0.15841584158415842,0.0,0.0,0.007462686567164179,0.6714697406340058
hier_clust,2,41,centroid,False,3913,7520,0.520345744680851,0.6903448275862069,0.4504820333041192,0.3434343434343434,0.5519244734931009,0.10396039603960396,0.0,0.0,0.20149253731343283,0.7046109510086456
hier_clust,3,45,average,False,3912,7520,0.5202127659574468,0.7558620689655172,0.4767747589833479,0.22109988776655443,0.6601307189542484,0.16831683168316833,0.0,0.0,0.05970149253731343,0.6678674351585014
hier_clust,4,67,median,False,3912,7520,0.5202127659574468,0.74,0.4802804557405784,0.3400673400673401,0.5323166303558461,0.054455445544554455,0.0,0.0,0.26865671641791045,0.6520172910662824
hier_clust,2,100,centroid,True,3910,7520,0.5199468085106383,0.7289655172413793,0.42068361086765993,0.31257014590347926,0.6078431372549019,0.22277227722772278,0.0,0.0,0.029850746268656716,0.670028818443804
hier_clust,2,35,centroid,False,3909,7520,0.519813829787234,0.6903448275862069,0.4504820333041192,0.32098765432098764,0.5780682643427741,0.10396039603960396,0.0,0.0,0.20149253731343283,0.7046109510086456
hier_clust,3,100,centroid,True,3909,7520,0.519813829787234,0.7517241379310344,0.4110429447852761,0.35129068462401797,0.5933188090050835,0.12376237623762376,0.0,0.0,0.03731343283582089,0.6318443804034583
hier_clust,2,78,complete,True,3908,7520,0.5196808510638298,0.6834482758620689,0.4303242769500438,0.37542087542087543,0.5410312273057372,0.13861386138613863,0.0,0.0,0.19402985074626866,0.6902017291066282
hier_clust,3,72,ward,True,3908,7520,0.5196808510638298,0.6972413793103448,0.39176161262050835,0.3501683501683502,0.5947712418300654,0.18316831683168316,0.0,0.0,0.0,0.6988472622478387
hier_clust,3,41,average,False,3908,7520,0.5196808510638298,0.7558620689655172,0.4767747589833479,0.24242424242424243,0.6601307189542484,0.16831683168316833,0.0,0.0,0.05970149253731343,0.6376080691642652
hier_clust,5,92,average,True,3907,7520,0.5195478723404255,0.7558620689655172,0.4014022787028922,0.44332210998877664,0.5083514887436456,0.3811881188118812,0.0,0.0,0.0,0.5662824207492796
hier_clust,2,61,weighted,False,3907,7520,0.5195478723404255,0.7958620689655173,0.26555652936021035,0.46408529741863075,0.5279593318809005,0.034653465346534656,0.0,0.0,0.17164179104477612,0.6239193083573487
hier_clust,10,61,complete,False,3907,7520,0.5195478723404255,0.6910344827586207,0.37949167397020156,0.3271604938271605,0.6201888162672476,0.21782178217821782,0.0,0.0,0.3358208955223881,0.6815561959654178
hier_clust,4,25,average,False,3907,7520,0.5195478723404255,0.7441379310344828,0.4750219106047327,0.29012345679012347,0.5911401597676107,0.024752475247524754,0.0,0.0,0.0,0.6844380403458213
hier_clust,2,78,ward,True,3907,7520,0.5195478723404255,0.6924137931034483,0.3733567046450482,0.3681257014590348,0.6092955700798838,0.11386138613861387,0.0,0.0,0.1865671641791045,0.6729106628242075
hier_clust,5,85,average,True,3907,7520,0.5195478723404255,0.7558620689655172,0.4014022787028922,0.44219977553310885,0.5098039215686274,0.3811881188118812,0.0,0.0,0.0,0.5662824207492796
hier_clust,4,41,ward,True,3907,7520,0.5195478723404255,0.7303448275862069,0.38299737072743206,0.4618406285072952,0.5214233841684822,0.0,0.0,0.0,0.0,0.6268011527377522
hier_clust,5,32,complete,False,3906,7520,0.5194148936170213,0.776551724137931,0.3908851884312007,0.38552188552188554,0.5301379811183733,0.0594059405940594,0.0,0.0,0.0,0.6520172910662824
hier_clust,3,92,centroid,True,3906,7520,0.5194148936170213,0.7517241379310344,0.4110429447852761,0.35129068462401797,0.5925925925925926,0.11386138613861387,0.0,0.0,0.03731343283582089,0.6318443804034583
hier_clust,4,27,complete,False,3905,7520,0.519281914893617,0.7393103448275862,0.38475021910604734,0.4057239057239057,0.4807552650689906,0.13366336633663367,0.0,0.0,0.0,0.707492795389049
hier_clust,3,85,centroid,True,3905,7520,0.519281914893617,0.7517241379310344,0.4110429447852761,0.35129068462401797,0.5918663761801016,0.11386138613861387,0.0,0.0,0.03731343283582089,0.6318443804034583
hier_clust,2,27,complete,False,3905,7520,0.519281914893617,0.6675862068965517,0.5135845749342682,0.40852974186307517,0.5134350036310821,0.0594059405940594,0.0,0.0,0.23880597014925373,0.6282420749279539
hier_clust,4,25,complete,False,3905,7520,0.519281914893617,0.7393103448275862,0.38475021910604734,0.4057239057239057,0.4807552650689906,0.13366336633663367,0.0,0.0,0.0,0.707492795389049
hier_clust,3,78,average,True,3905,7520,0.519281914893617,0.6717241379310345,0.44347063978965817,0.4074074074074074,0.5475671750181554,0.07920792079207921,0.0,0.0,0.26119402985074625,0.6440922190201729
hier_clust,2,32,complete,False,3905,7520,0.519281914893617,0.6675862068965517,0.5135845749342682,0.40852974186307517,0.5134350036310821,0.0594059405940594,0.0,0.0,0.23880597014925373,0.6282420749279539
hier_clust,2,30,complete,False,3905,7520,0.519281914893617,0.6675862068965517,0.5135845749342682,0.40852974186307517,0.5134350036310821,0.0594059405940594,0.0,0.0,0.23880597014925373,0.6282420749279539
hier_clust,20,35,ward,False,3905,7520,0.519281914893617,0.7075862068965517,0.49517966695880805,0.33221099887766553,0.6100217864923747,0.0,0.0,0.0,0.373134328358209,0.5994236311239193
hier_clust,5,57,average,False,3905,7520,0.519281914893617,0.7337931034482759,0.6021034180543383,0.16498316498316498,0.6535947712418301,0.16831683168316833,0.0,0.0,0.0,0.6671469740634006
hier_clust,2,92,average,True,3904,7520,0.5191489361702127,0.7289655172413793,0.4539877300613497,0.3546576879910213,0.5519244734931009,0.13366336633663367,0.0,0.0,0.022388059701492536,0.6534582132564841
hier_clust,3,72,weighted,False,3904,7520,0.5191489361702127,0.6406896551724138,0.4092900964066608,0.39281705948372614,0.5911401597676107,0.12376237623762376,0.0,0.0,0.0,0.6981268011527377
hier_clust,2,48,median,False,3904,7520,0.5191489361702127,0.6882758620689655,0.3374233128834356,0.3978675645342312,0.6318082788671024,0.0297029702970297,0.0,0.0,0.21641791044776118,0.6534582132564841
hier_clust,2,45,median,False,3904,7520,0.5191489361702127,0.6882758620689655,0.3374233128834356,0.3978675645342312,0.6318082788671024,0.0297029702970297,0.0,0.0,0.0,0.6743515850144092
hier_clust,5,30,complete,False,3903,7520,0.5190159574468085,0.776551724137931,0.3908851884312007,0.35297418630751964,0.570079883805374,0.0594059405940594,0.0,0.0,0.0,0.6520172910662824
hier_clust,2,85,weighted,True,3903,7520,0.5190159574468085,0.6855172413793104,0.3873794916739702,0.3961840628507295,0.5671750181554103,0.12376237623762376,0.0,0.0,0.11940298507462686,0.6765129682997119
hier_clust,2,92,centroid,True,3903,7520,0.5190159574468085,0.7275862068965517,0.42068361086765993,0.2850729517396184,0.6376180101670298,0.22277227722772278,0.0,0.0,0.20149253731343283,0.6556195965417867
hier_clust,3,67,weighted,False,3902,7520,0.5188829787234043,0.6406896551724138,0.4092900964066608,0.39281705948372614,0.5947712418300654,0.0891089108910891,0.0,0.0,0.0,0.6981268011527377
hier_clust,5,67,median,False,3901,7520,0.51875,0.6068965517241379,0.5985977212971078,0.3496071829405163,0.4974582425562818,0.25742574257425743,0.0,0.0,0.007462686567164179,0.7038904899135446
hier_clust,4,78,complete,True,3900,7520,0.5186170212765957,0.6827586206896552,0.4110429447852761,0.4057239057239057,0.5374001452432825,0.1485148514851485,0.0,0.0,0.06716417910447761,0.6765129682997119
hier_clust,5,100,weighted,True,3900,7520,0.5186170212765957,0.7731034482758621,0.3172655565293602,0.3939393939393939,0.6318082788671024,0.3118811881188119,0.0,0.0,0.0,0.5634005763688761
hier_clust,3,85,weighted,True,3900,7520,0.5186170212765957,0.7296551724137931,0.44084136722173534,0.30190796857463525,0.5846042120551924,0.22277227722772278,0.0,0.0,0.1865671641791045,0.6671469740634006
hier_clust,3,72,average,True,3900,7520,0.5186170212765957,0.6717241379310345,0.44347063978965817,0.3877665544332211,0.5693536673928831,0.07920792079207921,0.0,0.0,0.26119402985074625,0.6440922190201729
hier_clust,3,67,ward,True,3900,7520,0.5186170212765957,0.6972413793103448,0.4005258545135846,0.3400673400673401,0.5947712418300654,0.18316831683168316,0.0,0.0,0.0,0.6988472622478387
hier_clust,3,78,centroid,True,3900,7520,0.5186170212765957,0.7517241379310344,0.4110429447852761,0.3574635241301908,0.5853304284676834,0.11386138613861387,0.0,0.0,0.007462686567164179,0.6296829971181557
hier_clust,4,23,complete,False,3900,7520,0.5186170212765957,0.7393103448275862,0.38475021910604734,0.41470258136924804,0.46550472040668117,0.13366336633663367,0.0,0.0,0.0,0.707492795389049
hier_clust,2,48,average,False,3899,7520,0.5184840425531915,0.7813793103448275,0.28659070990359337,0.3479236812570146,0.6506899055918663,0.034653465346534656,0.0,0.0,0.0,0.659942363112392
hier_clust,3,100,median,True,3899,7520,0.5184840425531915,0.7075862068965517,0.4329535495179667,0.38047138047138046,0.5875090777051561,0.15841584158415842,0.0,0.0,0.03731343283582089,0.6159942363112392
hier_clust,5,67,complete,True,3899,7520,0.5184840425531915,0.7351724137931035,0.33304119193689746,0.4399551066217733,0.5403050108932462,0.15346534653465346,0.0,0.0,0.0,0.6440922190201729
hier_clust,4,61,median,False,3899,7520,0.5184840425531915,0.74,0.4802804557405784,0.35353535353535354,0.5323166303558461,0.054455445544554455,0.0,0.0,0.0,0.6512968299711815
hier_clust,3,48,complete,False,3899,7520,0.5184840425531915,0.6282758620689655,0.4294478527607362,0.39674523007856344,0.5388525780682644,0.19306930693069307,0.0,0.0,0.27611940298507465,0.7010086455331412
hier_clust,10,38,ward,False,3898,7520,0.5183510638297872,0.7103448275862069,0.4364592462751972,0.3372615039281706,0.5860566448801743,0.5198019801980198,0.0,0.0,0.3582089552238806,0.5828530259365994
hier_clust,10,35,ward,False,3898,7520,0.5183510638297872,0.7103448275862069,0.4364592462751972,0.3372615039281706,0.5860566448801743,0.5198019801980198,0.0,0.0,0.3582089552238806,0.5828530259365994
hier_clust,3,38,ward,False,3897,7520,0.518218085106383,0.7662068965517241,0.42857142857142855,0.3282828282828283,0.5679012345679012,0.20297029702970298,0.0,0.0,0.0,0.6404899135446686
hier_clust,2,85,centroid,True,3897,7520,0.518218085106383,0.7275862068965517,0.4233128834355828,0.2850729517396184,0.6303558460421206,0.22277227722772278,0.0,0.0,0.19402985074626866,0.6570605187319885
hier_clust,3,45,ward,False,3897,7520,0.518218085106383,0.7662068965517241,0.42857142857142855,0.3282828282828283,0.5679012345679012,0.20297029702970298,0.0,0.0,0.0,0.6404899135446686
hier_clust,3,41,ward,False,3897,7520,0.518218085106383,0.7662068965517241,0.42857142857142855,0.3282828282828283,0.5679012345679012,0.20297029702970298,0.0,0.0,0.0,0.6404899135446686
hier_clust,4,67,complete,True,3897,7520,0.518218085106383,0.6710344827586207,0.42418930762489043,0.4006734006734007,0.5453885257806826,0.13366336633663367,0.0,0.0,0.06716417910447761,0.6765129682997119
hier_clust,4,72,complete,True,3897,7520,0.518218085106383,0.6710344827586207,0.42418930762489043,0.4057239057239057,0.5388525780682644,0.13366336633663367,0.0,0.0,0.06716417910447761,0.6765129682997119
hier_clust,4,57,median,False,3896,7520,0.5180851063829788,0.74,0.4040315512708151,0.40235690235690236,0.5374001452432825,0.0049504950495049506,0.0,0.0,0.0,0.6512968299711815
hier_clust,False,45,ward,True,3896,7520,0.5180851063829788,0.7275862068965517,0.4583698510078878,0.44556677890011226,0.42701525054466233,0.2623762376237624,0.0,0.0,0.1865671641791045,0.6181556195965417
hier_clust,False,41,ward,True,3895,7520,0.5179521276595744,0.7275862068965517,0.4548641542506573,0.44725028058361394,0.42701525054466233,0.2623762376237624,0.0,0.0,0.1865671641791045,0.6181556195965417
hier_clust,2,72,ward,True,3895,7520,0.5179521276595744,0.713103448275862,0.3523225241016652,0.38159371492704824,0.6092955700798838,0.11386138613861387,0.0,0.0,0.1865671641791045,0.6426512968299711
hier_clust,5,92,weighted,True,3894,7520,0.5178191489361702,0.7731034482758621,0.3172655565293602,0.41470258136924804,0.6005809731299927,0.3118811881188119,0.0,0.0,0.0,0.5634005763688761
hier_clust,4,92,centroid,True,3894,7520,0.5178191489361702,0.7344827586206897,0.31113058720420683,0.4612794612794613,0.5177923021060276,0.12376237623762376,0.0,0.0,0.20149253731343283,0.6390489913544669
hier_clust,3,35,average,False,3893,7520,0.517686170212766,0.7558620689655172,0.4767747589833479,0.32996632996632996,0.5359477124183006,0.16831683168316833,0.0,0.0,0.05970149253731343,0.6376080691642652
hier_clust,3,38,average,False,3893,7520,0.517686170212766,0.7558620689655172,0.4767747589833479,0.32996632996632996,0.5359477124183006,0.16831683168316833,0.0,0.0,0.05970149253731343,0.6376080691642652
hier_clust,4,61,centroid,False,3893,7520,0.517686170212766,0.8103448275862069,0.32690622261174407,0.24186307519640854,0.7124183006535948,0.07920792079207921,0.0,0.0,0.31343283582089554,0.6304034582132565
hier_clust,5,92,weighted,False,3891,7520,0.5174202127659574,0.7917241379310345,0.3409290096406661,0.3771043771043771,0.5838779956427015,0.3415841584158416,0.0,0.0,0.0,0.5828530259365994
hier_clust,2,100,median,True,3891,7520,0.5174202127659574,0.7137931034482758,0.39614373356704646,0.37485970819304154,0.5461147421931736,0.18811881188118812,0.0,0.0,0.13432835820895522,0.6685878962536023
hier_clust,10,32,ward,False,3890,7520,0.5172872340425532,0.7103448275862069,0.4364592462751972,0.3108866442199775,0.6143790849673203,0.5198019801980198,0.0,0.0,0.3582089552238806,0.5828530259365994
hier_clust,False,67,complete,False,3890,7520,0.5172872340425532,0.7689655172413793,0.4005258545135846,0.3282828282828283,0.5548293391430646,0.38613861386138615,0.0,0.0,0.3358208955223881,0.6095100864553314
hier_clust,2,25,complete,False,3890,7520,0.5172872340425532,0.6675862068965517,0.4014022787028922,0.4719416386083053,0.5134350036310821,0.0594059405940594,0.0,0.0,0.23880597014925373,0.6282420749279539
hier_clust,5,85,weighted,True,3890,7520,0.5172872340425532,0.7724137931034483,0.3172655565293602,0.4163860830527497,0.5933188090050835,0.3316831683168317,0.0,0.0,0.0,0.5634005763688761
hier_clust,20,41,ward,True,3890,7520,0.5172872340425532,0.6993103448275862,0.5354951796669588,0.2996632996632997,0.5156136528685549,0.3069306930693069,0.0,0.0,0.39552238805970147,0.6527377521613833
hier_clust,3,72,centroid,True,3890,7520,0.5172872340425532,0.7517241379310344,0.4005258545135846,0.36251402918069586,0.5802469135802469,0.11386138613861387,0.0,0.0,0.007462686567164179,0.6296829971181557
hier_clust,3,92,complete,True,3887,7520,0.5168882978723405,0.7082758620689655,0.44785276073619634,0.3047138047138047,0.6550472040668119,0.14356435643564355,0.0,0.0,0.19402985074626866,0.611671469740634
hier_clust,3,61,ward,True,3887,7520,0.5168882978723405,0.6972413793103448,0.4005258545135846,0.3277216610549944,0.6071169208424111,0.18316831683168316,0.0,0.0,0.0,0.6930835734870316
hier_clust,False,61,complete,False,3887,7520,0.5168882978723405,0.7689655172413793,0.4005258545135846,0.3271604938271605,0.5526506899055919,0.39603960396039606,0.0,0.0,0.3358208955223881,0.6095100864553314
hier_clust,4,38,ward,True,3887,7520,0.5168882978723405,0.7303448275862069,0.36108676599474143,0.4337822671156005,0.5541031227305737,0.0,0.0,0.0,0.0,0.6340057636887608
hier_clust,5,78,average,True,3887,7520,0.5168882978723405,0.7558620689655172,0.4014022787028922,0.4567901234567901,0.4974582425562818,0.2376237623762376,0.0,0.0,0.0,0.5662824207492796
hier_clust,2,52,weighted,False,3886,7520,0.5167553191489361,0.7958620689655173,0.26555652936021035,0.4551066217732884,0.5279593318809005,0.034653465346534656,0.0,0.0,0.0,0.6368876080691642
hier_clust,3,30,average,False,3886,7520,0.5167553191489361,0.7558620689655172,0.4794040315512708,0.3153759820426487,0.5482933914306464,0.20297029702970298,0.0,0.0,0.0,0.6376080691642652
hier_clust,2,72,complete,True,3886,7520,0.5167553191489361,0.7034482758620689,0.4303242769500438,0.37542087542087543,0.5410312273057372,0.13861386138613863,0.0,0.0,0.19402985074626866,0.6534582132564841
hier_clust,2,57,weighted,False,3886,7520,0.5167553191489361,0.7958620689655173,0.26555652936021035,0.4551066217732884,0.5279593318809005,0.034653465346534656,0.0,0.0,0.0,0.6368876080691642
hier_clust,3,32,average,False,3886,7520,0.5167553191489361,0.7558620689655172,0.4794040315512708,0.32491582491582494,0.5359477124183006,0.20297029702970298,0.0,0.0,0.0,0.6376080691642652
hier_clust,2,45,weighted,False,3885,7520,0.5166223404255319,0.7958620689655173,0.26555652936021035,0.4551066217732884,0.5279593318809005,0.0297029702970297,0.0,0.0,0.0,0.6368876080691642
hier_clust,4,23,ward,False,3885,7520,0.5166223404255319,0.6772413793103448,0.49517966695880805,0.31257014590347926,0.560639070442992,0.0,0.0,0.0,0.0,0.7269452449567724
hier_clust,3,27,average,False,3885,7520,0.5166223404255319,0.7558620689655172,0.4794040315512708,0.3153759820426487,0.5475671750181554,0.20297029702970298,0.0,0.0,0.0,0.6376080691642652
hier_clust,2,48,weighted,False,3885,7520,0.5166223404255319,0.7958620689655173,0.26555652936021035,0.4551066217732884,0.5279593318809005,0.0297029702970297,0.0,0.0,0.0,0.6368876080691642
hier_clust,20,32,ward,False,3884,7520,0.5164893617021277,0.7075862068965517,0.5258545135845749,0.30078563411896747,0.6100217864923747,0.0,0.0,0.0,0.373134328358209,0.5994236311239193
hier_clust,2,45,average,False,3884,7520,0.5164893617021277,0.6875862068965517,0.3943908851884312,0.34736251402918067,0.6506899055918663,0.0297029702970297,0.0,0.0,0.0,0.659942363112392
hier_clust,4,35,ward,True,3884,7520,0.5164893617021277,0.7303448275862069,0.36108676599474143,0.41245791245791247,0.5541031227305737,0.0,0.0,0.0,0.0,0.659221902017291
hier_clust,2,38,average,False,3884,7520,0.5164893617021277,0.6875862068965517,0.3943908851884312,0.34736251402918067,0.6506899055918663,0.0297029702970297,0.0,0.0,0.0,0.659942363112392
hier_clust,2,41,average,False,3884,7520,0.5164893617021277,0.6875862068965517,0.3943908851884312,0.34736251402918067,0.6506899055918663,0.0297029702970297,0.0,0.0,0.0,0.659942363112392
hier_clust,3,67,centroid,True,3883,7520,0.5163563829787234,0.7517241379310344,0.40315512708150747,0.35185185185185186,0.5867828612926652,0.11386138613861387,0.0,0.0,0.007462686567164179,0.6296829971181557
hier_clust,20,30,ward,False,3882,7520,0.5162234042553191,0.7075862068965517,0.5004382120946538,0.3159371492704826,0.6100217864923747,0.0,0.0,0.0,0.373134328358209,0.5994236311239193
hier_clust,3,35,ward,False,3882,7520,0.5162234042553191,0.7662068965517241,0.42857142857142855,0.3327721661054994,0.55119825708061,0.20297029702970298,0.0,0.0,0.0,0.6404899135446686
hier_clust,5,61,median,False,3882,7520,0.5162234042553191,0.6055172413793104,0.5985977212971078,0.3653198653198653,0.49382716049382713,0.25742574257425743,0.0,0.0,0.007462686567164179,0.6750720461095101
hier_clust,2,85,average,True,3882,7520,0.5162234042553191,0.713103448275862,0.4539877300613497,0.32996632996632996,0.5708061002178649,0.13366336633663367,0.0,0.0,0.22388059701492538,0.6476945244956772
hier_clust,3,78,weighted,True,3882,7520,0.5162234042553191,0.7406896551724138,0.44084136722173534,0.2996632996632997,0.5860566448801743,0.22277227722772278,0.0,0.0,0.1865671641791045,0.6440922190201729
hier_clust,2,41,median,False,3881,7520,0.5160904255319149,0.6882758620689655,0.3593339176161262,0.35297418630751964,0.6550472040668119,0.0297029702970297,0.0,0.0,0.0,0.6743515850144092
hier_clust,2,67,complete,True,3881,7520,0.5160904255319149,0.7034482758620689,0.4303242769500438,0.38439955106621776,0.5410312273057372,0.13861386138613863,0.0,0.0,0.03731343283582089,0.6534582132564841
hier_clust,3,61,median,False,3881,7520,0.5160904255319149,0.6889655172413793,0.3873794916739702,0.34287317620650953,0.6187363834422658,0.11386138613861387,0.0,0.0,0.11194029850746269,0.6765129682997119
hier_clust,5,52,average,False,3881,7520,0.5160904255319149,0.7337931034482759,0.6021034180543383,0.12457912457912458,0.6535947712418301,0.16831683168316833,0.0,0.0,0.0,0.7017291066282421
hier_clust,2,78,weighted,True,3881,7520,0.5160904255319149,0.7317241379310345,0.32690622261174407,0.3613916947250281,0.5962236746550472,0.12376237623762376,0.0,0.0,0.08208955223880597,0.6815561959654178
hier_clust,2,35,average,False,3881,7520,0.5160904255319149,0.8137931034482758,0.23137598597721298,0.34736251402918067,0.6506899055918663,0.0297029702970297,0.0,0.0,0.0,0.659942363112392
hier_clust,2,32,average,False,3881,7520,0.5160904255319149,0.8137931034482758,0.23137598597721298,0.34736251402918067,0.6506899055918663,0.0297029702970297,0.0,0.0,0.0,0.659942363112392
hier_clust,2,78,centroid,True,3880,7520,0.5159574468085106,0.7275862068965517,0.4233128834355828,0.2760942760942761,0.6427015250544662,0.19306930693069307,0.0,0.0,0.19402985074626866,0.6484149855907781
hier_clust,2,72,weighted,True,3880,7520,0.5159574468085106,0.7317241379310345,0.32690622261174407,0.367003367003367,0.5962236746550472,0.12376237623762376,0.0,0.0,0.0,0.6815561959654178
hier_clust,4,100,average,True,3879,7520,0.5158244680851064,0.636551724137931,0.3444347063978966,0.42424242424242425,0.5562817719680465,0.15346534653465346,0.0,0.0,0.27611940298507465,0.7010086455331412
hier_clust,5,72,average,True,3879,7520,0.5158244680851064,0.7558620689655172,0.4014022787028922,0.4551066217732884,0.5018155410312273,0.2376237623762376,0.0,0.0,0.0,0.55835734870317
hier_clust,3,57,median,False,3879,7520,0.5158244680851064,0.6889655172413793,0.3873794916739702,0.345679012345679,0.6136528685548294,0.11386138613861387,0.0,0.0,0.11194029850746269,0.6765129682997119
hier_clust,False,38,ward,True,3879,7520,0.5158244680851064,0.7275862068965517,0.4548641542506573,0.4332210998877666,0.4335511982570806,0.2623762376237624,0.0,0.0,0.1865671641791045,0.6181556195965417
hier_clust,2,30,average,False,3879,7520,0.5158244680851064,0.8137931034482758,0.23137598597721298,0.34736251402918067,0.6485112563543937,0.034653465346534656,0.0,0.0,0.0,0.659942363112392
hier_clust,4,57,centroid,False,3879,7520,0.5158244680851064,0.8103448275862069,0.32690622261174407,0.25084175084175087,0.691358024691358,0.07920792079207921,0.0,0.0,0.31343283582089554,0.6296829971181557
hier_clust,2,92,median,True,3879,7520,0.5158244680851064,0.7524137931034482,0.26993865030674846,0.4175084175084175,0.5461147421931736,0.18811881188118812,0.0,0.0,0.13432835820895522,0.6685878962536023
hier_clust,3,32,ward,False,3879,7520,0.5158244680851064,0.7662068965517241,0.42857142857142855,0.3956228956228956,0.46768336964415397,0.20297029702970298,0.0,0.0,0.0,0.6404899135446686
hier_clust,2,67,weighted,True,3878,7520,0.5156914893617022,0.7317241379310345,0.32690622261174407,0.36307519640852975,0.5962236746550472,0.1188118811881188,0.0,0.0,0.0,0.6858789625360231
hier_clust,3,85,complete,True,3878,7520,0.5156914893617022,0.7082758620689655,0.4767747589833479,0.3047138047138047,0.6245461147421931,0.14356435643564355,0.0,0.0,0.19402985074626866,0.611671469740634
hier_clust,2,61,complete,True,3877,7520,0.5155585106382978,0.7034482758620689,0.4303242769500438,0.3939393939393939,0.5257806826434277,0.13861386138613863,0.0,0.0,0.03731343283582089,0.6534582132564841
hier_clust,2,38,median,False,3877,7520,0.5155585106382978,0.6882758620689655,0.3593339176161262,0.3333333333333333,0.6775599128540305,0.0297029702970297,0.0,0.0,0.0,0.6743515850144092
hier_clust,4,61,complete,True,3877,7520,0.5155585106382978,0.6710344827586207,0.4688869412795793,0.3608305274971942,0.5453885257806826,0.13366336633663367,0.0,0.0,0.06716417910447761,0.6765129682997119
hier_clust,2,35,median,False,3877,7520,0.5155585106382978,0.6882758620689655,0.3593339176161262,0.3333333333333333,0.6775599128540305,0.0297029702970297,0.0,0.0,0.0,0.6743515850144092
hier_clust,5,78,weighted,True,3877,7520,0.5155585106382978,0.7724137931034483,0.3172655565293602,0.40404040404040403,0.6020334059549746,0.31683168316831684,0.0,0.0,0.0,0.5634005763688761
hier_clust,3,27,ward,False,3876,7520,0.5154255319148936,0.7662068965517241,0.42857142857142855,0.36307519640852975,0.5076252723311547,0.20297029702970298,0.0,0.0,0.0,0.6404899135446686
hier_clust,3,72,weighted,True,3876,7520,0.5154255319148936,0.7406896551724138,0.44084136722173534,0.2845117845117845,0.6151053013798112,0.12871287128712872,0.0,0.0,0.1865671641791045,0.6440922190201729
hier_clust,2,27,average,False,3876,7520,0.5154255319148936,0.8137931034482758,0.23137598597721298,0.36195286195286197,0.6485112563543937,0.034653465346534656,0.0,0.0,0.0,0.6390489913544669
hier_clust,10,32,ward,True,3876,7520,0.5154255319148936,0.6751724137931034,0.5337423312883436,0.2059483726150393,0.6347131445170661,0.2623762376237624,0.0,0.0,0.0,0.7161383285302594
hier_clust,3,30,ward,False,3876,7520,0.5154255319148936,0.7662068965517241,0.42857142857142855,0.36307519640852975,0.5076252723311547,0.20297029702970298,0.0,0.0,0.0,0.6404899135446686
hier_clust,4,52,centroid,False,3876,7520,0.5154255319148936,0.8103448275862069,0.32690622261174407,0.24859708193041527,0.691358024691358,0.07920792079207921,0.0,0.0,0.31343283582089554,0.6304034582132565
hier_clust,4,21,complete,False,3875,7520,0.5152925531914894,0.7393103448275862,0.38475021910604734,0.37373737373737376,0.5003631082062454,0.13366336633663367,0.0,0.0,0.0,0.707492795389049
hier_clust,2,32,median,False,3875,7520,0.5152925531914894,0.6882758620689655,0.3593339176161262,0.3333333333333333,0.6753812636165577,0.034653465346534656,0.0,0.0,0.0,0.6743515850144092
hier_clust,5,61,complete,True,3875,7520,0.5152925531914894,0.7351724137931035,0.33304119193689746,0.4208754208754209,0.5294117647058824,0.15346534653465346,0.0,0.0,0.0,0.6621037463976945
hier_clust,5,57,median,False,3875,7520,0.5152925531914894,0.6055172413793104,0.5985977212971078,0.36307519640852975,0.4916485112563544,0.25742574257425743,0.0,0.0,0.007462686567164179,0.6750720461095101
hier_clust,2,78,average,True,3874,7520,0.5151595744680851,0.6710344827586207,0.5056967572304996,0.32323232323232326,0.5751633986928104,0.13366336633663367,0.0,0.0,0.22388059701492538,0.6476945244956772
hier_clust,5,25,ward,False,3874,7520,0.5151595744680851,0.7351724137931035,0.43558282208588955,0.29292929292929293,0.6172839506172839,0.0,0.0,0.0,0.0,0.6765129682997119
hier_clust,5,27,ward,False,3874,7520,0.5151595744680851,0.7351724137931035,0.43558282208588955,0.29292929292929293,0.6172839506172839,0.0,0.0,0.0,0.0,0.6765129682997119
hier_clust,2,30,median,False,3873,7520,0.5150265957446809,0.6882758620689655,0.3593339176161262,0.3675645342312009,0.6296296296296297,0.034653465346534656,0.0,0.0,0.0,0.6743515850144092
hier_clust,10,30,ward,True,3873,7520,0.5150265957446809,0.7082758620689655,0.4890446976336547,0.2059483726150393,0.6347131445170661,0.2623762376237624,0.0,0.0,0.0,0.7161383285302594
hier_clust,5,48,average,False,3872,7520,0.5148936170212766,0.7337931034482759,0.6021034180543383,0.12570145903479238,0.6623093681917211,0.054455445544554455,0.0,0.0,0.0,0.7017291066282421
hier_clust,3,48,median,False,3872,7520,0.5148936170212766,0.6889655172413793,0.3689745836985101,0.34287317620650953,0.6136528685548294,0.11386138613861387,0.0,0.0,0.2537313432835821,0.6765129682997119
hier_clust,3,52,median,False,3872,7520,0.5148936170212766,0.6889655172413793,0.3689745836985101,0.34287317620650953,0.6136528685548294,0.11386138613861387,0.0,0.0,0.2537313432835821,0.6765129682997119
hier_clust,5,45,average,False,3872,7520,0.5148936170212766,0.7337931034482759,0.6021034180543383,0.12570145903479238,0.6623093681917211,0.054455445544554455,0.0,0.0,0.0,0.7017291066282421
hier_clust,5,45,ward,True,3871,7520,0.5147606382978723,0.7420689655172413,0.4233128834355828,0.3984287317620651,0.5722585330428468,0.0,0.0,0.0,0.0,0.5864553314121037
hier_clust,5,67,average,True,3871,7520,0.5147606382978723,0.7558620689655172,0.4014022787028922,0.44388327721661053,0.5090777051561365,0.2376237623762376,0.0,0.0,0.0,0.5597982708933718
hier_clust,3,57,ward,True,3871,7520,0.5147606382978723,0.6972413793103448,0.3549517966695881,0.37991021324354657,0.5664488017429193,0.1782178217821782,0.0,0.0,0.0,0.6930835734870316
hier_clust,5,41,average,False,3870,7520,0.5146276595744681,0.7337931034482759,0.6021034180543383,0.12682379349046016,0.6594045025417574,0.054455445544554455,0.0,0.0,0.0,0.7017291066282421
hier_clust,3,67,centroid,False,3870,7520,0.5146276595744681,0.7882758620689655,0.4259421560035057,0.21212121212121213,0.6840958605664488,0.13861386138613863,0.0,0.0,0.27611940298507465,0.6167146974063401
hier_clust,4,57,complete,True,3870,7520,0.5146276595744681,0.6710344827586207,0.4688869412795793,0.37373737373737376,0.5170660856935366,0.1782178217821782,0.0,0.0,0.06716417910447761,0.6765129682997119
hier_clust,2,72,centroid,True,3869,7520,0.5144946808510639,0.6979310344827586,0.3803680981595092,0.3159371492704826,0.6550472040668119,0.10396039603960396,0.0,0.0,0.27611940298507465,0.6484149855907781
hier_clust,5,27,complete,False,3869,7520,0.5144946808510639,0.776551724137931,0.3908851884312007,0.32323232323232326,0.5751633986928104,0.0,0.0,0.0,0.0,0.6693083573487032
hier_clust,5,38,average,False,3869,7520,0.5144946808510639,0.7337931034482759,0.6021034180543383,0.12626262626262627,0.6594045025417574,0.054455445544554455,0.0,0.0,0.0,0.7017291066282421
hier_clust,4,85,centroid,True,3869,7520,0.5144946808510639,0.733103448275862,0.3102541630148992,0.4500561167227834,0.5163398692810458,0.10891089108910891,0.0,0.0,0.0,0.6606628242074928
hier_clust,10,27,ward,True,3868,7520,0.5143617021276595,0.7082758620689655,0.4890446976336547,0.2059483726150393,0.6020334059549746,0.4603960396039604,0.0,0.0,0.0,0.7161383285302594
hier_clust,2,61,weighted,True,3868,7520,0.5143617021276595,0.7317241379310345,0.32690622261174407,0.35409652076318743,0.5933188090050835,0.1188118811881188,0.0,0.0,0.0,0.6930835734870316
hier_clust,2,72,average,True,3868,7520,0.5143617021276595,0.6841379310344827,0.48816827344434705,0.3271604938271605,0.5664488017429193,0.13366336633663367,0.0,0.0,0.22388059701492538,0.6476945244956772
hier_clust,False,57,complete,False,3868,7520,0.5143617021276595,0.7689655172413793,0.2962313759859772,0.40347923681257014,0.5359477124183006,0.39603960396039606,0.0,0.0,0.23880597014925373,0.6095100864553314
hier_clust,5,25,complete,False,3867,7520,0.5142287234042553,0.776551724137931,0.3908851884312007,0.31874298540965207,0.579520697167756,0.0,0.0,0.0,0.0,0.6693083573487032
hier_clust,4,52,complete,True,3867,7520,0.5142287234042553,0.6710344827586207,0.4688869412795793,0.38103254769921435,0.5119825708061002,0.1782178217821782,0.0,0.0,0.0,0.6765129682997119
hier_clust,4,32,ward,True,3866,7520,0.5140957446808511,0.7303448275862069,0.38299737072743206,0.43097643097643096,0.4989106753812636,0.0,0.0,0.0,0.0,0.659221902017291
hier_clust,3,67,average,True,3865,7520,0.5139627659574468,0.6717241379310345,0.44347063978965817,0.4068462401795735,0.5148874364560639,0.07920792079207921,0.0,0.0,0.007462686567164179,0.6729106628242075
hier_clust,5,72,weighted,True,3864,7520,0.5138297872340426,0.7724137931034483,0.3172655565293602,0.3984287317620651,0.5998547567175018,0.31683168316831684,0.0,0.0,0.0,0.5634005763688761
hier_clust,4,78,centroid,True,3864,7520,0.5138297872340426,0.733103448275862,0.3102541630148992,0.4057239057239057,0.5686274509803921,0.10891089108910891,0.0,0.0,0.0,0.6621037463976945
hier_clust,5,85,weighted,False,3863,7520,0.5136968085106383,0.7917241379310345,0.3943908851884312,0.3265993265993266,0.5838779956427015,0.3415841584158416,0.0,0.0,0.0,0.5835734870317003
hier_clust,2,38,weighted,False,3863,7520,0.5136968085106383,0.7958620689655173,0.26555652936021035,0.46520763187429853,0.48148148148148145,0.034653465346534656,0.0,0.0,0.0,0.6534582132564841
hier_clust,2,41,weighted,False,3863,7520,0.5136968085106383,0.7958620689655173,0.26555652936021035,0.46520763187429853,0.48148148148148145,0.034653465346534656,0.0,0.0,0.0,0.6534582132564841
hier_clust,3,67,weighted,True,3862,7520,0.513563829787234,0.7406896551724138,0.4653812445223488,0.2609427609427609,0.6151053013798112,0.12871287128712872,0.0,0.0,0.1865671641791045,0.6440922190201729
hier_clust,3,45,median,False,3862,7520,0.513563829787234,0.6889655172413793,0.3689745836985101,0.32379349046015715,0.6557734204793029,0.11386138613861387,0.0,0.0,0.0,0.6765129682997119
hier_clust,False,23,ward,False,3862,7520,0.513563829787234,0.7337931034482759,0.5100788781770377,0.32098765432098764,0.6005809731299927,0.0,0.0,0.0,0.0,0.5886167146974063
hier_clust,4,100,weighted,True,3862,7520,0.513563829787234,0.6772413793103448,0.3444347063978966,0.3613916947250281,0.6252723311546841,0.20297029702970298,0.0,0.0,0.20149253731343283,0.6585014409221902
hier_clust,5,35,average,False,3862,7520,0.513563829787234,0.7337931034482759,0.6021034180543383,0.0931537598204265,0.6964415395787945,0.0594059405940594,0.0,0.0,0.0,0.7017291066282421
hier_clust,2,67,ward,True,3862,7520,0.513563829787234,0.713103448275862,0.3067484662576687,0.37429854096520765,0.6230936819172114,0.11386138613861387,0.0,0.0,0.2835820895522388,0.6426512968299711
hier_clust,False,35,ward,True,3861,7520,0.5134308510638298,0.7275862068965517,0.4548641542506573,0.4696969696969697,0.3732752360203341,0.2623762376237624,0.0,0.0,0.1865671641791045,0.6181556195965417
hier_clust,3,52,ward,True,3861,7520,0.5134308510638298,0.6972413793103448,0.36459246275197194,0.35241301907968575,0.5867828612926652,0.1782178217821782,0.0,0.0,0.0,0.6930835734870316
hier_clust,4,52,median,False,3860,7520,0.5132978723404256,0.743448275862069,0.2007011393514461,0.51010101010101,0.5374001452432825,0.0,0.0,0.0,0.0,0.6512968299711815
hier_clust,2,57,weighted,True,3860,7520,0.5132978723404256,0.7317241379310345,0.32690622261174407,0.3439955106621773,0.5933188090050835,0.1188118811881188,0.0,0.0,0.0,0.7002881844380403
hier_clust,5,32,average,False,3860,7520,0.5132978723404256,0.7337931034482759,0.6021034180543383,0.09259259259259259,0.6957153231663036,0.0594059405940594,0.0,0.0,0.0,0.7017291066282421
hier_clust,4,72,centroid,True,3860,7520,0.5132978723404256,0.7324137931034482,0.30850131463628394,0.4062850729517396,0.5657225853304285,0.10891089108910891,0.0,0.0,0.0,0.6635446685878963
hier_clust,4,48,complete,True,3860,7520,0.5132978723404256,0.6710344827586207,0.4688869412795793,0.40404040404040403,0.4698620188816267,0.1782178217821782,0.0,0.0,0.0,0.6837175792507204
hier_clust,2,32,centroid,False,3860,7520,0.5132978723404256,0.6903448275862069,0.35758106923751093,0.41470258136924804,0.5083514887436456,0.034653465346534656,0.0,0.0,0.20149253731343283,0.7046109510086456
hier_clust,2,67,centroid,True,3860,7520,0.5132978723404256,0.6979310344827586,0.3803680981595092,0.32996632996632996,0.6550472040668119,0.10396039603960396,0.0,0.0,0.022388059701492536,0.6484149855907781
hier_clust,4,45,complete,True,3859,7520,0.5131648936170212,0.6710344827586207,0.4706397896581946,0.40235690235690236,0.4698620188816267,0.1782178217821782,0.0,0.0,0.0,0.6837175792507204
hier_clust,4,67,centroid,True,3859,7520,0.5131648936170212,0.7324137931034482,0.30850131463628394,0.41245791245791247,0.5570079883805374,0.10891089108910891,0.0,0.0,0.0,0.6635446685878963
hier_clust,2,35,weighted,False,3858,7520,0.513031914893617,0.7986206896551724,0.26555652936021035,0.4601571268237935,0.48148148148148145,0.034653465346534656,0.0,0.0,0.0,0.6534582132564841
hier_clust,2,52,complete,True,3858,7520,0.513031914893617,0.6475862068965518,0.48466257668711654,0.3939393939393939,0.5257806826434277,0.13861386138613863,0.0,0.0,0.03731343283582089,0.6534582132564841
hier_clust,2,57,complete,True,3858,7520,0.513031914893617,0.6579310344827586,0.4715162138475022,0.3939393939393939,0.5257806826434277,0.13861386138613863,0.0,0.0,0.03731343283582089,0.6534582132564841
hier_clust,4,92,weighted,True,3857,7520,0.5128989361702128,0.6772413793103448,0.3444347063978966,0.35297418630751964,0.625998547567175,0.20297029702970298,0.0,0.0,0.20149253731343283,0.6649855907780979
hier_clust,3,45,complete,False,3857,7520,0.5128989361702128,0.7413793103448276,0.4294478527607362,0.39674523007856344,0.5388525780682644,0.19306930693069307,0.0,0.0,0.27611940298507465,0.5525936599423631
hier_clust,False,32,ward,True,3857,7520,0.5128989361702128,0.7275862068965517,0.4548641542506573,0.4696969696969697,0.35802469135802467,0.3613861386138614,0.0,0.0,0.40298507462686567,0.5951008645533141
hier_clust,2,67,average,True,3857,7520,0.5128989361702128,0.7420689655172413,0.4049079754601227,0.3271604938271605,0.5664488017429193,0.13366336633663367,0.0,0.0,0.22388059701492538,0.6476945244956772
hier_clust,3,25,ward,False,3856,7520,0.5127659574468085,0.7662068965517241,0.42857142857142855,0.31257014590347926,0.5584604212055192,0.20297029702970298,0.0,0.0,0.0,0.6404899135446686
hier_clust,3,23,ward,False,3856,7520,0.5127659574468085,0.7662068965517241,0.42857142857142855,0.31257014590347926,0.5584604212055192,0.20297029702970298,0.0,0.0,0.0,0.6404899135446686
hier_clust,3,21,ward,False,3856,7520,0.5127659574468085,0.7662068965517241,0.42857142857142855,0.31257014590347926,0.5584604212055192,0.20297029702970298,0.0,0.0,0.0,0.6404899135446686
hier_clust,4,92,average,True,3856,7520,0.5127659574468085,0.7517241379310344,0.3444347063978966,0.4444444444444444,0.524328249818446,0.13366336633663367,0.0,0.0,0.27611940298507465,0.5727665706051873
hier_clust,3,41,complete,False,3855,7520,0.5126329787234043,0.7413793103448276,0.4294478527607362,0.39281705948372614,0.5388525780682644,0.19306930693069307,0.0,0.0,0.27611940298507465,0.5561959654178674
hier_clust,3,92,median,True,3855,7520,0.5126329787234043,0.7103448275862069,0.3619631901840491,0.4006734006734007,0.5846042120551924,0.15841584158415842,0.0,0.0,0.03731343283582089,0.6167146974063401
hier_clust,4,85,average,True,3855,7520,0.5126329787234043,0.7496551724137931,0.3444347063978966,0.44163860830527496,0.5294117647058824,0.13366336633663367,0.0,0.0,0.27611940298507465,0.5727665706051873
hier_clust,5,61,average,True,3855,7520,0.5126329787234043,0.7558620689655172,0.4014022787028922,0.42031425364758696,0.5323166303558461,0.18316831683168316,0.0,0.0,0.0,0.5634005763688761
hier_clust,4,20,complete,False,3854,7520,0.5125,0.7393103448275862,0.38475021910604734,0.30359147025813693,0.5758896151053013,0.13366336633663367,0.0,0.0,0.0,0.707492795389049
hier_clust,2,61,ward,True,3854,7520,0.5125,0.713103448275862,0.3067484662576687,0.37429854096520765,0.6245461147421931,0.06435643564356436,0.0,0.0,0.2835820895522388,0.6426512968299711
hier_clust,2,57,ward,True,3854,7520,0.5125,0.713103448275862,0.3067484662576687,0.37429854096520765,0.6245461147421931,0.06435643564356436,0.0,0.0,0.2835820895522388,0.6426512968299711
hier_clust,2,52,ward,True,3854,7520,0.5125,0.713103448275862,0.3067484662576687,0.37429854096520765,0.6245461147421931,0.06435643564356436,0.0,0.0,0.2835820895522388,0.6426512968299711
hier_clust,4,78,average,True,3853,7520,0.5123670212765957,0.7489655172413793,0.3418054338299737,0.44219977553310885,0.5294117647058824,0.13366336633663367,0.0,0.0,0.27611940298507465,0.5734870317002881
hier_clust,2,61,average,True,3853,7520,0.5123670212765957,0.7420689655172413,0.4049079754601227,0.3271604938271605,0.5722585330428468,0.07425742574257425,0.0,0.0,0.22388059701492538,0.6476945244956772
hier_clust,2,23,ward,False,3853,7520,0.5123670212765957,0.723448275862069,0.4645048203330412,0.30864197530864196,0.5940450254175744,0.0,0.0,0.0,0.0,0.6527377521613833
hier_clust,4,85,weighted,True,3852,7520,0.5122340425531915,0.6772413793103448,0.3426818580192813,0.3468013468013468,0.6281771968046478,0.20297029702970298,0.0,0.0,0.20149253731343283,0.6685878962536023
hier_clust,3,48,ward,True,3852,7520,0.5122340425531915,0.6972413793103448,0.36459246275197194,0.372615039281706,0.5541031227305737,0.1782178217821782,0.0,0.0,0.0,0.6930835734870316
hier_clust,5,78,weighted,False,3852,7520,0.5122340425531915,0.7917241379310345,0.39351446099912357,0.3277216610549944,0.5744371822803195,0.3465346534653465,0.0,0.0,0.0,0.5835734870317003
hier_clust,4,61,centroid,True,3852,7520,0.5122340425531915,0.7317241379310345,0.31901840490797545,0.3496071829405163,0.6245461147421931,0.10891089108910891,0.0,0.0,0.0,0.6642651296829971
hier_clust,3,25,average,False,3851,7520,0.5121010638297873,0.7558620689655172,0.4794040315512708,0.36363636363636365,0.47639796659404504,0.09405940594059406,0.0,0.0,0.0,0.6376080691642652
hier_clust,2,30,centroid,False,3851,7520,0.5121010638297873,0.6903448275862069,0.3654688869412796,0.4046015712682379,0.5083514887436456,0.034653465346534656,0.0,0.0,0.20149253731343283,0.7046109510086456
hier_clust,5,30,average,False,3851,7520,0.5121010638297873,0.7337931034482759,0.6021034180543383,0.08585858585858586,0.6957153231663036,0.0594059405940594,0.0,0.0,0.0,0.7038904899135446
hier_clust,3,21,average,False,3850,7520,0.511968085106383,0.7558620689655172,0.4794040315512708,0.3277216610549944,0.5221496005809731,0.09405940594059406,0.0,0.0,0.0,0.6376080691642652
hier_clust,3,23,average,False,3850,7520,0.511968085106383,0.7558620689655172,0.4794040315512708,0.3277216610549944,0.5221496005809731,0.09405940594059406,0.0,0.0,0.0,0.6376080691642652
hier_clust,2,25,centroid,False,3850,7520,0.511968085106383,0.6903448275862069,0.3654688869412796,0.41919191919191917,0.5083514887436456,0.034653465346534656,0.0,0.0,0.0,0.7046109510086456
hier_clust,2,27,centroid,False,3850,7520,0.511968085106383,0.6903448275862069,0.3654688869412796,0.41919191919191917,0.5083514887436456,0.034653465346534656,0.0,0.0,0.0,0.7046109510086456
hier_clust,5,23,complete,False,3850,7520,0.511968085106383,0.776551724137931,0.3908851884312007,0.2895622895622896,0.6049382716049383,0.0,0.0,0.0,0.0,0.6693083573487032
hier_clust,2,61,centroid,True,3850,7520,0.511968085106383,0.7703448275862069,0.28308501314636286,0.3490460157126824,0.6274509803921569,0.10396039603960396,0.0,0.0,0.022388059701492536,0.6484149855907781
hier_clust,2,48,complete,True,3849,7520,0.5118351063829787,0.7048275862068966,0.4040315512708151,0.39281705948372614,0.5257806826434277,0.13861386138613863,0.0,0.0,0.05223880597014925,0.6534582132564841
hier_clust,4,78,weighted,True,3849,7520,0.5118351063829787,0.6772413793103448,0.3426818580192813,0.3664421997755331,0.6194625998547567,0.07425742574257425,0.0,0.0,0.20149253731343283,0.6685878962536023
hier_clust,5,78,centroid,False,3849,7520,0.5118351063829787,0.7655172413793103,0.1971954425942156,0.4601571268237935,0.5294117647058824,0.15841584158415842,0.0,0.0,0.007462686567164179,0.6714697406340058
hier_clust,2,57,centroid,True,3848,7520,0.5117021276595745,0.7703448275862069,0.28308501314636286,0.3490460157126824,0.6274509803921569,0.09900990099009901,0.0,0.0,0.014925373134328358,0.6484149855907781
hier_clust,4,48,median,False,3848,7520,0.5117021276595745,0.743448275862069,0.21034180543382996,0.4994388327721661,0.5374001452432825,0.0,0.0,0.0,0.0,0.6484149855907781
hier_clust,3,61,average,True,3848,7520,0.5117021276595745,0.6717241379310345,0.4706397896581946,0.37093153759820424,0.5265068990559186,0.07920792079207921,0.0,0.0,0.007462686567164179,0.6729106628242075
hier_clust,5,38,ward,True,3848,7520,0.5117021276595745,0.7420689655172413,0.4057843996494303,0.3956228956228956,0.5555555555555556,0.0,0.0,0.0,0.0,0.6044668587896254
hier_clust,3,57,average,True,3848,7520,0.5117021276595745,0.6717241379310345,0.4706397896581946,0.37093153759820424,0.5265068990559186,0.07920792079207921,0.0,0.0,0.007462686567164179,0.6729106628242075
hier_clust,5,41,ward,True,3848,7520,0.5117021276595745,0.7420689655172413,0.4057843996494303,0.3956228956228956,0.5555555555555556,0.0,0.0,0.0,0.0,0.6044668587896254
hier_clust,2,23,centroid,False,3847,7520,0.5115691489361702,0.6903448275862069,0.3654688869412796,0.4186307519640853,0.5061728395061729,0.039603960396039604,0.0,0.0,0.0,0.7046109510086456
hier_clust,5,67,weighted,True,3846,7520,0.511436170212766,0.7724137931034483,0.3172655565293602,0.3888888888888889,0.59840232389252,0.3217821782178218,0.0,0.0,0.0,0.5634005763688761
hier_clust,3,20,average,False,3846,7520,0.511436170212766,0.7558620689655172,0.4794040315512708,0.3277216610549944,0.5228758169934641,0.06930693069306931,0.0,0.0,0.0,0.6376080691642652
hier_clust,5,72,centroid,False,3846,7520,0.511436170212766,0.7655172413793103,0.1971954425942156,0.45286195286195285,0.5374001452432825,0.15841584158415842,0.0,0.0,0.007462686567164179,0.670749279538905
hier_clust,3,18,average,False,3846,7520,0.511436170212766,0.7558620689655172,0.4794040315512708,0.3277216610549944,0.5228758169934641,0.06930693069306931,0.0,0.0,0.0,0.6376080691642652
hier_clust,10,27,ward,False,3846,7520,0.511436170212766,0.7103448275862069,0.4364592462751972,0.27946127946127947,0.6470588235294118,0.3564356435643564,0.0,0.0,0.3582089552238806,0.5828530259365994
hier_clust,10,30,ward,False,3846,7520,0.511436170212766,0.7103448275862069,0.4364592462751972,0.27946127946127947,0.6470588235294118,0.3564356435643564,0.0,0.0,0.3582089552238806,0.5828530259365994
hier_clust,5,61,weighted,True,3845,7520,0.5113031914893617,0.7724137931034483,0.3172655565293602,0.3888888888888889,0.59840232389252,0.3217821782178218,0.0,0.0,0.0,0.5626801152737753
hier_clust,5,57,complete,True,3845,7520,0.5113031914893617,0.7351724137931035,0.25766871165644173,0.45173961840628507,0.5301379811183733,0.15346534653465346,0.0,0.0,0.0,0.6621037463976945
hier_clust,2,45,ward,True,3844,7520,0.5111702127659574,0.713103448275862,0.33304119193689746,0.3552188552188552,0.6296296296296297,0.0,0.0,0.0,0.2835820895522388,0.6426512968299711
hier_clust,2,48,ward,True,3844,7520,0.5111702127659574,0.713103448275862,0.33304119193689746,0.3552188552188552,0.6296296296296297,0.0,0.0,0.0,0.2835820895522388,0.6426512968299711
hier_clust,3,17,average,False,3844,7520,0.5111702127659574,0.7558620689655172,0.4794040315512708,0.3277216610549944,0.5315904139433552,0.0,0.0,0.0,0.0,0.6376080691642652
hier_clust,2,85,median,True,3844,7520,0.5111702127659574,0.7682758620689655,0.26993865030674846,0.4270482603815937,0.5308641975308642,0.18811881188118812,0.0,0.0,0.12686567164179105,0.6304034582132565
hier_clust,2,20,ward,False,3843,7520,0.5110372340425532,0.6344827586206897,0.5687992988606485,0.30864197530864196,0.5940450254175744,0.0,0.0,0.0,0.0,0.6527377521613833
hier_clust,2,21,ward,False,3843,7520,0.5110372340425532,0.6344827586206897,0.5687992988606485,0.30864197530864196,0.5940450254175744,0.0,0.0,0.0,0.0,0.6527377521613833
hier_clust,10,100,weighted,False,3842,7520,0.510904255319149,0.7793103448275862,0.3663453111305872,0.3327721661054994,0.5976761074800291,0.30198019801980197,0.0,0.0,0.0,0.5886167146974063
hier_clust,2,52,centroid,True,3842,7520,0.510904255319149,0.7703448275862069,0.28308501314636286,0.35297418630751964,0.6274509803921569,0.09900990099009901,0.0,0.0,0.014925373134328358,0.6390489913544669
hier_clust,3,45,ward,True,3842,7520,0.510904255319149,0.7551724137931034,0.36459246275197194,0.372615039281706,0.5541031227305737,0.1782178217821782,0.0,0.0,0.0,0.6253602305475504
hier_clust,5,35,ward,True,3841,7520,0.5107712765957447,0.7420689655172413,0.4706397896581946,0.3226711560044893,0.5911401597676107,0.0,0.0,0.0,0.0,0.6044668587896254
hier_clust,3,52,average,True,3841,7520,0.5107712765957447,0.6717241379310345,0.4706397896581946,0.3681257014590348,0.5250544662309368,0.07920792079207921,0.0,0.0,0.007462686567164179,0.6729106628242075
hier_clust,5,52,complete,True,3841,7520,0.5107712765957447,0.7351724137931035,0.28045574057843997,0.43490460157126826,0.5301379811183733,0.15346534653465346,0.0,0.0,0.0,0.6621037463976945
hier_clust,2,78,median,True,3841,7520,0.5107712765957447,0.7682758620689655,0.26993865030674846,0.42368125701459036,0.5308641975308642,0.18811881188118812,0.0,0.0,0.11940298507462686,0.6332853025936599
hier_clust,4,72,average,True,3839,7520,0.5105053191489362,0.7827586206896552,0.2892199824715162,0.4393939393939394,0.5308641975308642,0.13366336633663367,0.0,0.0,0.27611940298507465,0.5734870317002881
hier_clust,2,27,median,False,3839,7520,0.5105053191489362,0.6882758620689655,0.3593339176161262,0.3451178451178451,0.6289034132171387,0.034653465346534656,0.0,0.0,0.0,0.6793948126801153
hier_clust,2,25,median,False,3839,7520,0.5105053191489362,0.6882758620689655,0.3593339176161262,0.3451178451178451,0.6289034132171387,0.034653465346534656,0.0,0.0,0.0,0.6793948126801153
hier_clust,False,30,ward,True,3838,7520,0.5103723404255319,0.7613793103448275,0.39526730937773885,0.4696969696969697,0.35802469135802467,0.3613861386138614,0.0,0.0,0.40298507462686567,0.5951008645533141
hier_clust,5,67,centroid,False,3838,7520,0.5103723404255319,0.7655172413793103,0.18492550394390886,0.45454545454545453,0.5395787944807553,0.15841584158415842,0.0,0.0,0.007462686567164179,0.670749279538905
hier_clust,20,27,ward,False,3837,7520,0.5102393617021277,0.7848275862068965,0.38913234005258546,0.3159371492704826,0.5867828612926652,0.0,0.0,0.0,0.3880597014925373,0.5994236311239193
hier_clust,2,45,complete,True,3836,7520,0.5101063829787233,0.7048275862068966,0.4040315512708151,0.34287317620650953,0.5809731299927379,0.13861386138613863,0.0,0.0,0.05223880597014925,0.6534582132564841
hier_clust,2,41,complete,True,3836,7520,0.5101063829787233,0.7048275862068966,0.4040315512708151,0.34287317620650953,0.5809731299927379,0.13861386138613863,0.0,0.0,0.05223880597014925,0.6534582132564841
hier_clust,4,41,complete,True,3836,7520,0.5101063829787233,0.6710344827586207,0.4706397896581946,0.37991021324354657,0.46768336964415397,0.1782178217821782,0.0,0.0,0.0,0.6981268011527377
hier_clust,2,38,complete,True,3836,7520,0.5101063829787233,0.7048275862068966,0.4040315512708151,0.34287317620650953,0.5809731299927379,0.13861386138613863,0.0,0.0,0.05223880597014925,0.6534582132564841
hier_clust,2,21,centroid,False,3836,7520,0.5101063829787233,0.6903448275862069,0.3654688869412796,0.4062850729517396,0.5061728395061729,0.039603960396039604,0.0,0.0,0.0,0.712536023054755
hier_clust,False,21,ward,False,3835,7520,0.5099734042553191,0.7986206896551724,0.406660823838738,0.2845117845117845,0.6456063907044299,0.0,0.0,0.0,0.0,0.5886167146974063
hier_clust,5,21,complete,False,3835,7520,0.5099734042553191,0.776551724137931,0.3908851884312007,0.34062850729517397,0.5279593318809005,0.0,0.0,0.0,0.0,0.6693083573487032
hier_clust,False,27,ward,True,3835,7520,0.5099734042553191,0.7613793103448275,0.39526730937773885,0.4051627384960718,0.439360929557008,0.3613861386138614,0.0,0.0,0.40298507462686567,0.5951008645533141
hier_clust,2,20,centroid,False,3835,7520,0.5099734042553191,0.6903448275862069,0.3654688869412796,0.4057239057239057,0.5061728395061729,0.039603960396039604,0.0,0.0,0.0,0.712536023054755
hier_clust,3,41,ward,True,3835,7520,0.5099734042553191,0.7717241379310344,0.3374233128834356,0.372615039281706,0.5541031227305737,0.1782178217821782,0.0,0.0,0.0,0.6253602305475504
hier_clust,2,18,centroid,False,3835,7520,0.5099734042553191,0.6903448275862069,0.3654688869412796,0.4057239057239057,0.5061728395061729,0.039603960396039604,0.0,0.0,0.0,0.712536023054755
hier_clust,2,17,centroid,False,3835,7520,0.5099734042553191,0.6903448275862069,0.3654688869412796,0.4057239057239057,0.5061728395061729,0.039603960396039604,0.0,0.0,0.0,0.712536023054755
hier_clust,5,20,complete,False,3835,7520,0.5099734042553191,0.776551724137931,0.3908851884312007,0.34062850729517397,0.5279593318809005,0.0,0.0,0.0,0.0,0.6693083573487032
hier_clust,20,38,ward,True,3834,7520,0.5098404255319149,0.6993103448275862,0.4758983347940403,0.3389450056116723,0.4647785039941903,0.3069306930693069,0.0,0.0,0.2462686567164179,0.6757925072046109
hier_clust,2,57,average,True,3834,7520,0.5098404255319149,0.7420689655172413,0.4049079754601227,0.3052749719416386,0.5722585330428468,0.07425742574257425,0.0,0.0,0.022388059701492536,0.6815561959654178
hier_clust,20,35,ward,True,3834,7520,0.5098404255319149,0.6993103448275862,0.4758983347940403,0.3389450056116723,0.4647785039941903,0.3069306930693069,0.0,0.0,0.2462686567164179,0.6757925072046109
hier_clust,3,85,median,True,3834,7520,0.5098404255319149,0.7110344827586207,0.3619631901840491,0.4006734006734007,0.5853304284676834,0.1485148514851485,0.0,0.0,0.03731343283582089,0.6015850144092219
hier_clust,2,35,complete,True,3833,7520,0.5097074468085107,0.7048275862068966,0.4040315512708151,0.34287317620650953,0.5780682643427741,0.14356435643564355,0.0,0.0,0.05223880597014925,0.6534582132564841
hier_clust,2,72,median,True,3833,7520,0.5097074468085107,0.7682758620689655,0.30850131463628394,0.3945005611672278,0.5308641975308642,0.18811881188118812,0.0,0.0,0.11940298507462686,0.6332853025936599
hier_clust,4,21,ward,False,3832,7520,0.5095744680851064,0.6772413793103448,0.49517966695880805,0.22671156004489337,0.6332607116920842,0.0,0.0,0.0,0.0,0.7269452449567724
hier_clust,3,17,ward,False,3832,7520,0.5095744680851064,0.7662068965517241,0.42857142857142855,0.3653198653198653,0.47276688453159044,0.20297029702970298,0.0,0.0,0.0,0.6404899135446686
hier_clust,4,13,ward,False,3832,7520,0.5095744680851064,0.6772413793103448,0.49517966695880805,0.22671156004489337,0.6332607116920842,0.0,0.0,0.0,0.0,0.7269452449567724
hier_clust,3,20,ward,False,3832,7520,0.5095744680851064,0.7662068965517241,0.42857142857142855,0.3653198653198653,0.47276688453159044,0.20297029702970298,0.0,0.0,0.0,0.6404899135446686
hier_clust,4,15,ward,False,3832,7520,0.5095744680851064,0.6772413793103448,0.49517966695880805,0.22671156004489337,0.6332607116920842,0.0,0.0,0.0,0.0,0.7269452449567724
hier_clust,4,20,ward,False,3832,7520,0.5095744680851064,0.6772413793103448,0.49517966695880805,0.22671156004489337,0.6332607116920842,0.0,0.0,0.0,0.0,0.7269452449567724
hier_clust,3,18,ward,False,3832,7520,0.5095744680851064,0.7662068965517241,0.42857142857142855,0.3653198653198653,0.47276688453159044,0.20297029702970298,0.0,0.0,0.0,0.6404899135446686
hier_clust,4,18,ward,False,3832,7520,0.5095744680851064,0.6772413793103448,0.49517966695880805,0.22671156004489337,0.6332607116920842,0.0,0.0,0.0,0.0,0.7269452449567724
hier_clust,4,17,ward,False,3832,7520,0.5095744680851064,0.6772413793103448,0.49517966695880805,0.22671156004489337,0.6332607116920842,0.0,0.0,0.0,0.0,0.7269452449567724
hier_clust,4,14,ward,False,3832,7520,0.5095744680851064,0.6772413793103448,0.49517966695880805,0.22671156004489337,0.6332607116920842,0.0,0.0,0.0,0.0,0.7269452449567724
hier_clust,3,61,weighted,True,3831,7520,0.5094414893617021,0.7406896551724138,0.4145486415425066,0.29797979797979796,0.5962236746550472,0.12871287128712872,0.0,0.0,0.007462686567164179,0.6520172910662824
hier_clust,2,61,median,True,3831,7520,0.5094414893617021,0.7682758620689655,0.30850131463628394,0.3945005611672278,0.5388525780682644,0.12376237623762376,0.0,0.0,0.11940298507462686,0.6332853025936599
hier_clust,2,67,median,True,3831,7520,0.5094414893617021,0.7682758620689655,0.30850131463628394,0.3945005611672278,0.5388525780682644,0.12376237623762376,0.0,0.0,0.11940298507462686,0.6332853025936599
hier_clust,3,61,weighted,False,3831,7520,0.5094414893617021,0.6406896551724138,0.2909728308501315,0.4657687991021324,0.5294117647058824,0.0891089108910891,0.0,0.0,0.0,0.7154178674351584
hier_clust,5,52,median,False,3831,7520,0.5094414893617021,0.6055172413793104,0.6064855390008764,0.35241301907968575,0.46695715323166304,0.25742574257425743,0.0,0.0,0.007462686567164179,0.6750720461095101
hier_clust,5,48,median,False,3831,7520,0.5094414893617021,0.6055172413793104,0.6064855390008764,0.35241301907968575,0.46695715323166304,0.25742574257425743,0.0,0.0,0.007462686567164179,0.6750720461095101
hier_clust,2,57,median,True,3830,7520,0.5093085106382979,0.7682758620689655,0.30850131463628394,0.4051627384960718,0.524328249818446,0.12376237623762376,0.0,0.0,0.11940298507462686,0.6332853025936599
hier_clust,2,41,ward,True,3830,7520,0.5093085106382979,0.713103448275862,0.33304119193689746,0.3569023569023569,0.6172839506172839,0.0,0.0,0.0,0.2835820895522388,0.6426512968299711
hier_clust,2,32,ward,True,3830,7520,0.5093085106382979,0.713103448275862,0.33304119193689746,0.3569023569023569,0.6172839506172839,0.0,0.0,0.0,0.2835820895522388,0.6426512968299711
hier_clust,4,30,ward,True,3830,7520,0.5093085106382979,0.6510344827586206,0.4233128834355828,0.40404040404040403,0.4989106753812636,0.0,0.0,0.0,0.0,0.7175792507204611
hier_clust,2,38,ward,True,3830,7520,0.5093085106382979,0.713103448275862,0.33304119193689746,0.3569023569023569,0.6172839506172839,0.0,0.0,0.0,0.2835820895522388,0.6426512968299711
hier_clust,2,35,ward,True,3830,7520,0.5093085106382979,0.713103448275862,0.33304119193689746,0.3569023569023569,0.6172839506172839,0.0,0.0,0.0,0.2835820895522388,0.6426512968299711
hier_clust,3,14,ward,False,3829,7520,0.5091755319148936,0.7662068965517241,0.42857142857142855,0.3653198653198653,0.5003631082062454,0.0,0.0,0.0,0.0,0.6404899135446686
hier_clust,3,15,ward,False,3829,7520,0.5091755319148936,0.7662068965517241,0.42857142857142855,0.3653198653198653,0.5003631082062454,0.0,0.0,0.0,0.0,0.6404899135446686
hier_clust,5,23,ward,False,3827,7520,0.5089095744680852,0.7351724137931035,0.43558282208588955,0.2783389450056117,0.6020334059549746,0.0,0.0,0.0,0.0,0.6765129682997119
hier_clust,4,72,weighted,True,3827,7520,0.5089095744680852,0.6772413793103448,0.3584574934268186,0.3759820426487093,0.5744371822803195,0.07425742574257425,0.0,0.0,0.20149253731343283,0.6721902017291066
hier_clust,2,52,weighted,True,3826,7520,0.5087765957446808,0.6772413793103448,0.32690622261174407,0.3439955106621773,0.5933188090050835,0.1188118811881188,0.0,0.0,0.0,0.7327089337175793
hier_clust,5,27,ward,True,3826,7520,0.5087765957446808,0.7420689655172413,0.4233128834355828,0.38608305274971944,0.5374001452432825,0.0,0.0,0.0,0.0,0.6044668587896254
hier_clust,5,32,ward,True,3826,7520,0.5087765957446808,0.7420689655172413,0.4233128834355828,0.38608305274971944,0.5374001452432825,0.0,0.0,0.0,0.0,0.6044668587896254
hier_clust,5,48,complete,True,3826,7520,0.5087765957446808,0.7351724137931035,0.2848378615249781,0.4113355780022447,0.5301379811183733,0.15346534653465346,0.0,0.0,0.0,0.6779538904899135
hier_clust,5,30,ward,True,3826,7520,0.5087765957446808,0.7420689655172413,0.4233128834355828,0.38608305274971944,0.5374001452432825,0.0,0.0,0.0,0.0,0.6044668587896254
hier_clust,2,27,complete,True,3825,7520,0.5086436170212766,0.7048275862068966,0.4040315512708151,0.34287317620650953,0.579520697167756,0.09405940594059406,0.0,0.0,0.05223880597014925,0.6534582132564841
hier_clust,3,78,median,True,3825,7520,0.5086436170212766,0.7110344827586207,0.3619631901840491,0.42312008978675647,0.5497458242556281,0.1485148514851485,0.0,0.0,0.03731343283582089,0.6015850144092219
hier_clust,2,30,complete,True,3825,7520,0.5086436170212766,0.7048275862068966,0.4040315512708151,0.34287317620650953,0.579520697167756,0.09405940594059406,0.0,0.0,0.05223880597014925,0.6534582132564841
hier_clust,2,32,complete,True,3825,7520,0.5086436170212766,0.7048275862068966,0.4040315512708151,0.34287317620650953,0.579520697167756,0.09405940594059406,0.0,0.0,0.05223880597014925,0.6534582132564841
hier_clust,3,48,average,True,3825,7520,0.5086436170212766,0.6717241379310345,0.4706397896581946,0.3344556677890011,0.5570079883805374,0.07920792079207921,0.0,0.0,0.007462686567164179,0.6729106628242075
hier_clust,5,25,ward,True,3824,7520,0.5085106382978724,0.7420689655172413,0.4233128834355828,0.3681257014590348,0.5591866376180101,0.0,0.0,0.0,0.0,0.6044668587896254
hier_clust,4,57,centroid,True,3824,7520,0.5085106382978724,0.7317241379310345,0.31901840490797545,0.3164983164983165,0.6572258533042846,0.039603960396039604,0.0,0.0,0.0,0.6642651296829971
hier_clust,3,72,median,True,3824,7520,0.5085106382978724,0.7110344827586207,0.36108676599474143,0.42312008978675647,0.5497458242556281,0.1485148514851485,0.0,0.0,0.03731343283582089,0.6015850144092219
hier_clust,5,23,ward,True,3824,7520,0.5085106382978724,0.7420689655172413,0.4233128834355828,0.3681257014590348,0.5591866376180101,0.0,0.0,0.0,0.0,0.6044668587896254
hier_clust,4,18,complete,False,3823,7520,0.5083776595744681,0.7393103448275862,0.4057843996494303,0.3108866442199775,0.5265068990559186,0.13366336633663367,0.0,0.0,0.0,0.707492795389049
hier_clust,2,23,complete,False,3823,7520,0.5083776595744681,0.6675862068965517,0.4697633654688869,0.39057239057239057,0.5134350036310821,0.0594059405940594,0.0,0.0,0.23880597014925373,0.6282420749279539
hier_clust,4,57,weighted,False,3822,7520,0.5082446808510638,0.8075862068965517,0.32427695004382123,0.3961840628507295,0.5475671750181554,0.12871287128712872,0.0,0.0,0.30597014925373134,0.5432276657060519
hier_clust,5,45,median,False,3822,7520,0.5082446808510638,0.6055172413793104,0.6029798422436459,0.36195286195286197,0.45098039215686275,0.25742574257425743,0.0,0.0,0.007462686567164179,0.6750720461095101
hier_clust,4,48,centroid,False,3822,7520,0.5082446808510638,0.8103448275862069,0.32690622261174407,0.1947250280583614,0.691358024691358,0.07425742574257425,0.0,0.0,0.31343283582089554,0.6613832853025937
hier_clust,5,41,median,False,3821,7520,0.5081117021276595,0.6055172413793104,0.6029798422436459,0.36195286195286197,0.4502541757443718,0.25742574257425743,0.0,0.0,0.007462686567164179,0.6750720461095101
hier_clust,4,38,complete,True,3821,7520,0.5081117021276595,0.6710344827586207,0.4706397896581946,0.3675645342312009,0.49818445896877267,0.1782178217821782,0.0,0.0,0.0,0.6729106628242075
hier_clust,4,45,centroid,False,3821,7520,0.5081117021276595,0.8103448275862069,0.32690622261174407,0.19023569023569023,0.6964415395787945,0.07425742574257425,0.0,0.0,0.31343283582089554,0.6613832853025937
hier_clust,20,25,ward,False,3821,7520,0.5081117021276595,0.7848275862068965,0.38913234005258546,0.3720538720538721,0.5025417574437182,0.0,0.0,0.0,0.3880597014925373,0.5994236311239193
hier_clust,5,100,centroid,True,3820,7520,0.5079787234042553,0.7172413793103448,0.37598597721297106,0.36195286195286197,0.5410312273057372,0.21287128712871287,0.0,0.0,0.0,0.6613832853025937
hier_clust,2,25,complete,True,3820,7520,0.5079787234042553,0.7048275862068966,0.49430324276950044,0.2822671156004489,0.579520697167756,0.09405940594059406,0.0,0.0,0.05223880597014925,0.6534582132564841
hier_clust,4,27,ward,True,3819,7520,0.5078457446808511,0.6510344827586206,0.4233128834355828,0.35241301907968575,0.5577342047930284,0.0,0.0,0.0,0.0,0.7175792507204611
hier_clust,4,25,ward,True,3819,7520,0.5078457446808511,0.6510344827586206,0.4233128834355828,0.35241301907968575,0.5577342047930284,0.0,0.0,0.0,0.0,0.7175792507204611
hier_clust,4,67,average,True,3817,7520,0.5075797872340425,0.7827586206896552,0.3137598597721297,0.44276094276094274,0.49019607843137253,0.13366336633663367,0.0,0.0,0.27611940298507465,0.5734870317002881
hier_clust,5,45,complete,True,3816,7520,0.5074468085106383,0.7351724137931035,0.2848378615249781,0.39057239057239057,0.5577342047930284,0.09900990099009901,0.0,0.0,0.0,0.6779538904899135
hier_clust,4,12,ward,False,3816,7520,0.5074468085106383,0.6772413793103448,0.3689745836985101,0.29854096520763185,0.6332607116920842,0.0,0.0,0.0,0.0,0.7269452449567724
hier_clust,3,61,centroid,False,3816,7520,0.5074468085106383,0.7882758620689655,0.3093777388255916,0.2570145903479237,0.6840958605664488,0.13861386138613863,0.0,0.0,0.27611940298507465,0.6159942363112392
hier_clust,3,57,centroid,False,3816,7520,0.5074468085106383,0.7882758620689655,0.3093777388255916,0.24915824915824916,0.6942628903413217,0.13861386138613863,0.0,0.0,0.27611940298507465,0.6159942363112392
hier_clust,4,41,centroid,False,3816,7520,0.5074468085106383,0.8103448275862069,0.32690622261174407,0.19135802469135801,0.690631808278867,0.07920792079207921,0.0,0.0,0.31343283582089554,0.6613832853025937
hier_clust,4,38,centroid,False,3815,7520,0.507313829787234,0.8103448275862069,0.32690622261174407,0.19135802469135801,0.690631808278867,0.07920792079207921,0.0,0.0,0.31343283582089554,0.6606628242074928
hier_clust,2,30,ward,True,3815,7520,0.507313829787234,0.713103448275862,0.4110429447852761,0.3333333333333333,0.5722585330428468,0.0,0.0,0.0,0.2835820895522388,0.6426512968299711
hier_clust,5,72,weighted,False,3814,7520,0.5071808510638298,0.7827586206896552,0.44434706397896584,0.2878787878787879,0.5620915032679739,0.3465346534653465,0.0,0.0,0.0,0.5871757925072046
hier_clust,5,92,centroid,True,3814,7520,0.5071808510638298,0.7172413793103448,0.37598597721297106,0.3574635241301908,0.5395787944807553,0.22277227722772278,0.0,0.0,0.0,0.6628242074927954
hier_clust,10,100,complete,True,3814,7520,0.5071808510638298,0.743448275862069,0.4899211218229623,0.2845117845117845,0.6049382716049383,0.3118811881188119,0.0,0.0,0.08955223880597014,0.5489913544668588
hier_clust,4,52,centroid,True,3813,7520,0.5070478723404256,0.7310344827586207,0.49517966695880805,0.19809203142536475,0.6572258533042846,0.039603960396039604,0.0,0.0,0.0,0.6642651296829971
hier_clust,2,52,median,True,3813,7520,0.5070478723404256,0.7682758620689655,0.30850131463628394,0.39113355780022446,0.524328249818446,0.12376237623762376,0.0,0.0,0.11940298507462686,0.6390489913544669
hier_clust,2,48,weighted,True,3811,7520,0.506781914893617,0.6772413793103448,0.25591586327782645,0.38103254769921435,0.5933188090050835,0.1188118811881188,0.0,0.0,0.0,0.7327089337175793
hier_clust,3,67,median,True,3811,7520,0.506781914893617,0.7110344827586207,0.36108676599474143,0.3950617283950617,0.5766158315177923,0.1485148514851485,0.0,0.0,0.03731343283582089,0.6015850144092219
hier_clust,3,38,ward,True,3811,7520,0.506781914893617,0.7717241379310344,0.3032427695004382,0.3686868686868687,0.5541031227305737,0.1782178217821782,0.0,0.0,0.0,0.6412103746397695
hier_clust,3,61,median,True,3810,7520,0.5066489361702128,0.7110344827586207,0.36108676599474143,0.3950617283950617,0.5751633986928104,0.15346534653465346,0.0,0.0,0.03731343283582089,0.6015850144092219
hier_clust,3,57,median,True,3810,7520,0.5066489361702128,0.7110344827586207,0.36108676599474143,0.3950617283950617,0.5751633986928104,0.15346534653465346,0.0,0.0,0.03731343283582089,0.6015850144092219
hier_clust,5,27,average,False,3810,7520,0.5066489361702128,0.7337931034482759,0.6021034180543383,0.04601571268237935,0.7262164124909223,0.0,0.0,0.0,0.0,0.7038904899135446
hier_clust,3,52,centroid,False,3809,7520,0.5065159574468086,0.7875862068965517,0.3523225241016652,0.21548821548821548,0.6964415395787945,0.13861386138613863,0.0,0.0,0.27611940298507465,0.6174351585014409
hier_clust,5,61,centroid,False,3809,7520,0.5065159574468086,0.7655172413793103,0.18492550394390886,0.4556677890011223,0.5192447349310094,0.15841584158415842,0.0,0.0,0.007462686567164179,0.6685878962536023
hier_clust,2,45,weighted,True,3808,7520,0.5063829787234042,0.6772413793103448,0.25591586327782645,0.3787878787878788,0.5933188090050835,0.1188118811881188,0.0,0.0,0.0,0.7334293948126801
hier_clust,2,41,weighted,True,3808,7520,0.5063829787234042,0.6772413793103448,0.25591586327782645,0.3787878787878788,0.5933188090050835,0.1188118811881188,0.0,0.0,0.0,0.7334293948126801
hier_clust,3,32,complete,False,3808,7520,0.5063829787234042,0.7744827586206896,0.3654688869412796,0.372615039281706,0.5272331154684096,0.2722772277227723,0.0,0.0,0.27611940298507465,0.5662824207492796
hier_clust,3,35,complete,False,3808,7520,0.5063829787234042,0.7744827586206896,0.3654688869412796,0.372615039281706,0.5272331154684096,0.2722772277227723,0.0,0.0,0.27611940298507465,0.5662824207492796
hier_clust,3,35,ward,True,3808,7520,0.5063829787234042,0.7717241379310344,0.3032427695004382,0.34062850729517397,0.5882352941176471,0.1782178217821782,0.0,0.0,0.0,0.6412103746397695
hier_clust,3,38,complete,False,3808,7520,0.5063829787234042,0.7744827586206896,0.3654688869412796,0.372615039281706,0.5272331154684096,0.2722772277227723,0.0,0.0,0.27611940298507465,0.5662824207492796
hier_clust,2,48,centroid,True,3808,7520,0.5063829787234042,0.786896551724138,0.31814198071866784,0.3226711560044893,0.6274509803921569,0.09900990099009901,0.0,0.0,0.014925373134328358,0.6073487031700289
hier_clust,False,23,ward,True,3808,7520,0.5063829787234042,0.7613793103448275,0.39526730937773885,0.3574635241301908,0.439360929557008,0.3613861386138614,0.0,0.0,0.40298507462686567,0.6368876080691642
hier_clust,False,25,ward,True,3808,7520,0.5063829787234042,0.7613793103448275,0.39526730937773885,0.3574635241301908,0.439360929557008,0.3613861386138614,0.0,0.0,0.40298507462686567,0.6368876080691642
hier_clust,3,30,complete,False,3808,7520,0.5063829787234042,0.7744827586206896,0.3654688869412796,0.372615039281706,0.5272331154684096,0.2722772277227723,0.0,0.0,0.27611940298507465,0.5662824207492796
hier_clust,2,45,centroid,True,3807,7520,0.50625,0.786896551724138,0.31814198071866784,0.3221099887766554,0.6274509803921569,0.09900990099009901,0.0,0.0,0.014925373134328358,0.6073487031700289
hier_clust,4,35,centroid,False,3807,7520,0.50625,0.8103448275862069,0.32602979842243646,0.19248035914702583,0.6840958605664488,0.07920792079207921,0.0,0.0,0.31343283582089554,0.6606628242074928
hier_clust,5,67,weighted,False,3806,7520,0.5061170212765957,0.7820689655172414,0.44434706397896584,0.2940516273849607,0.5715323166303559,0.18811881188118812,0.0,0.0,0.0,0.5878962536023055
hier_clust,2,21,complete,True,3806,7520,0.5061170212765957,0.7758620689655172,0.3978965819456617,0.2822671156004489,0.5882352941176471,0.0,0.0,0.0,0.05223880597014925,0.6534582132564841
hier_clust,2,23,complete,True,3806,7520,0.5061170212765957,0.7758620689655172,0.3978965819456617,0.2822671156004489,0.5882352941176471,0.0,0.0,0.0,0.05223880597014925,0.6534582132564841
hier_clust,2,20,complete,True,3806,7520,0.5061170212765957,0.7758620689655172,0.3978965819456617,0.2822671156004489,0.5882352941176471,0.0,0.0,0.0,0.05223880597014925,0.6534582132564841
hier_clust,4,61,average,True,3806,7520,0.5061170212765957,0.7827586206896552,0.3137598597721297,0.44725028058361394,0.485838779956427,0.14356435643564355,0.0,0.0,0.07462686567164178,0.5821325648414986
hier_clust,3,25,complete,False,3805,7520,0.5059840425531915,0.7744827586206896,0.3654688869412796,0.372615039281706,0.5410312273057372,0.16336633663366337,0.0,0.0,0.0,0.5929394812680115
hier_clust,3,27,complete,False,3805,7520,0.5059840425531915,0.7744827586206896,0.3654688869412796,0.372615039281706,0.5410312273057372,0.16336633663366337,0.0,0.0,0.0,0.5929394812680115
hier_clust,20,32,ward,True,3805,7520,0.5059840425531915,0.6993103448275862,0.49780893952673094,0.2878787878787879,0.4916485112563544,0.3069306930693069,0.0,0.0,0.2462686567164179,0.6757925072046109
hier_clust,2,17,complete,True,3804,7520,0.5058510638297873,0.7758620689655172,0.3978965819456617,0.2850729517396184,0.5882352941176471,0.0,0.0,0.0,0.0,0.6534582132564841
hier_clust,2,23,median,False,3804,7520,0.5058510638297873,0.6882758620689655,0.4802804557405784,0.24803591470258138,0.6289034132171387,0.034653465346534656,0.0,0.0,0.0,0.6793948126801153
hier_clust,2,21,median,False,3804,7520,0.5058510638297873,0.6882758620689655,0.4802804557405784,0.24803591470258138,0.6289034132171387,0.034653465346534656,0.0,0.0,0.0,0.6793948126801153
hier_clust,10,25,ward,False,3804,7520,0.5058510638297873,0.6075862068965517,0.4364592462751972,0.27946127946127947,0.625998547567175,0.3564356435643564,0.0,0.0,0.39552238805970147,0.6772334293948127
hier_clust,3,78,complete,True,3804,7520,0.5058510638297873,0.7248275862068966,0.45135845749342685,0.2839506172839506,0.6419753086419753,0.14356435643564355,0.0,0.0,0.0,0.590057636887608
hier_clust,5,23,average,False,3804,7520,0.5058510638297873,0.766896551724138,0.5547765118317266,0.04601571268237935,0.7262164124909223,0.0,0.0,0.0,0.0,0.7038904899135446
hier_clust,5,25,average,False,3804,7520,0.5058510638297873,0.766896551724138,0.5547765118317266,0.04601571268237935,0.7262164124909223,0.0,0.0,0.0,0.0,0.7038904899135446
hier_clust,2,52,average,True,3804,7520,0.5058510638297873,0.7793103448275862,0.32252410166520595,0.37542087542087543,0.5468409586056645,0.07425742574257425,0.0,0.0,0.022388059701492536,0.6239193083573487
hier_clust,2,18,complete,True,3804,7520,0.5058510638297873,0.7758620689655172,0.3978965819456617,0.2850729517396184,0.5882352941176471,0.0,0.0,0.0,0.0,0.6534582132564841
hier_clust,20,100,weighted,False,3804,7520,0.5058510638297873,0.8668965517241379,0.028045574057843997,0.4175084175084175,0.5352214960058097,0.31683168316831684,0.0,0.0,0.39552238805970147,0.6606628242074928
hier_clust,False,21,ward,True,3803,7520,0.5057180851063829,0.7613793103448275,0.4539877300613497,0.3170594837261504,0.439360929557008,0.3613861386138614,0.0,0.0,0.40298507462686567,0.6368876080691642
hier_clust,20,92,weighted,False,3803,7520,0.5057180851063829,0.8668965517241379,0.028045574057843997,0.41470258136924804,0.5381263616557734,0.31683168316831684,0.0,0.0,0.39552238805970147,0.6606628242074928
hier_clust,2,35,weighted,True,3802,7520,0.5055851063829787,0.6772413793103448,0.25591586327782645,0.3787878787878788,0.5744371822803195,0.21782178217821782,0.0,0.0,0.0,0.7334293948126801
hier_clust,2,32,weighted,True,3802,7520,0.5055851063829787,0.6772413793103448,0.25591586327782645,0.3787878787878788,0.5744371822803195,0.21782178217821782,0.0,0.0,0.0,0.7334293948126801
hier_clust,2,30,weighted,True,3802,7520,0.5055851063829787,0.6772413793103448,0.25591586327782645,0.3787878787878788,0.5744371822803195,0.21782178217821782,0.0,0.0,0.0,0.7334293948126801
hier_clust,10,92,complete,True,3802,7520,0.5055851063829787,0.7758620689655172,0.4706397896581946,0.27665544332211,0.5962236746550472,0.3118811881188119,0.0,0.0,0.13432835820895522,0.5367435158501441
hier_clust,3,32,ward,True,3802,7520,0.5055851063829787,0.7717241379310344,0.3032427695004382,0.3383838383838384,0.5867828612926652,0.1782178217821782,0.0,0.0,0.0,0.6412103746397695
hier_clust,2,38,weighted,True,3802,7520,0.5055851063829787,0.6772413793103448,0.25591586327782645,0.3787878787878788,0.5744371822803195,0.21782178217821782,0.0,0.0,0.0,0.7334293948126801
hier_clust,4,67,weighted,True,3802,7520,0.5055851063829787,0.6772413793103448,0.3312883435582822,0.3681257014590348,0.5846042120551924,0.07425742574257425,0.0,0.0,0.20149253731343283,0.6765129682997119
hier_clust,2,25,average,False,3801,7520,0.5054521276595745,0.8137931034482758,0.33917616126205086,0.25084175084175087,0.6485112563543937,0.034653465346534656,0.0,0.0,0.0,0.6390489913544669
hier_clust,4,48,weighted,False,3801,7520,0.5054521276595745,0.8075862068965517,0.3339176161262051,0.40291806958473625,0.5432098765432098,0.12871287128712872,0.0,0.0,0.30597014925373134,0.515850144092219
hier_clust,3,30,ward,True,3801,7520,0.5054521276595745,0.7717241379310344,0.3032427695004382,0.3058361391694725,0.6281771968046478,0.1782178217821782,0.0,0.0,0.0,0.6412103746397695
hier_clust,4,52,weighted,False,3801,7520,0.5054521276595745,0.8075862068965517,0.3339176161262051,0.40404040404040403,0.5432098765432098,0.12871287128712872,0.0,0.0,0.30597014925373134,0.5144092219020173
hier_clust,2,38,centroid,True,3801,7520,0.5054521276595745,0.786896551724138,0.31814198071866784,0.3052749719416386,0.6252723311546841,0.11386138613861387,0.0,0.0,0.014925373134328358,0.6246397694524496
hier_clust,2,35,centroid,True,3801,7520,0.5054521276595745,0.786896551724138,0.31814198071866784,0.3052749719416386,0.6252723311546841,0.11386138613861387,0.0,0.0,0.014925373134328358,0.6246397694524496
hier_clust,2,41,centroid,True,3801,7520,0.5054521276595745,0.786896551724138,0.31814198071866784,0.3052749719416386,0.6274509803921569,0.09900990099009901,0.0,0.0,0.014925373134328358,0.6246397694524496
hier_clust,4,57,average,True,3801,7520,0.5054521276595745,0.7827586206896552,0.3137598597721297,0.4090909090909091,0.5315904139433552,0.14356435643564355,0.0,0.0,0.07462686567164178,0.5821325648414986
hier_clust,3,57,weighted,False,3801,7520,0.5054521276595745,0.666896551724138,0.23137598597721298,0.4657687991021324,0.5294117647058824,0.0891089108910891,0.0,0.0,0.0,0.7154178674351584
hier_clust,2,30,centroid,True,3800,7520,0.5053191489361702,0.786896551724138,0.31814198071866784,0.30246913580246915,0.6274509803921569,0.1188118811881188,0.0,0.0,0.014925373134328358,0.6246397694524496
hier_clust,2,32,centroid,True,3800,7520,0.5053191489361702,0.786896551724138,0.31814198071866784,0.3052749719416386,0.6238198983297023,0.1188118811881188,0.0,0.0,0.014925373134328358,0.6246397694524496
hier_clust,4,45,weighted,False,3800,7520,0.5053191489361702,0.8075862068965517,0.3339176161262051,0.40291806958473625,0.5468409586056645,0.09900990099009901,0.0,0.0,0.30597014925373134,0.515850144092219
hier_clust,3,61,centroid,True,3800,7520,0.5053191489361702,0.7517241379310344,0.4110429447852761,0.2789001122334456,0.6143790849673203,0.11386138613861387,0.0,0.0,0.007462686567164179,0.6296829971181557
hier_clust,5,41,complete,True,3800,7520,0.5053191489361702,0.7406896551724138,0.24452234881682736,0.4118967452300786,0.5461147421931736,0.09900990099009901,0.0,0.0,0.0,0.6779538904899135
hier_clust,5,21,ward,False,3800,7520,0.5053191489361702,0.7351724137931035,0.3444347063978966,0.32154882154882153,0.6020334059549746,0.0,0.0,0.0,0.0,0.6765129682997119
hier_clust,5,20,ward,False,3800,7520,0.5053191489361702,0.7351724137931035,0.3444347063978966,0.32154882154882153,0.6020334059549746,0.0,0.0,0.0,0.0,0.6765129682997119
hier_clust,5,18,ward,False,3800,7520,0.5053191489361702,0.7351724137931035,0.3444347063978966,0.32154882154882153,0.6020334059549746,0.0,0.0,0.0,0.0,0.6765129682997119
hier_clust,5,17,ward,False,3800,7520,0.5053191489361702,0.7351724137931035,0.3444347063978966,0.32154882154882153,0.6020334059549746,0.0,0.0,0.0,0.0,0.6765129682997119
hier_clust,2,18,average,False,3799,7520,0.5051861702127659,0.8137931034482758,0.33917616126205086,0.27665544332211,0.6136528685548294,0.034653465346534656,0.0,0.0,0.0,0.6390489913544669
hier_clust,2,23,average,False,3799,7520,0.5051861702127659,0.8137931034482758,0.33917616126205086,0.27665544332211,0.6136528685548294,0.034653465346534656,0.0,0.0,0.0,0.6390489913544669
hier_clust,2,21,average,False,3799,7520,0.5051861702127659,0.8137931034482758,0.33917616126205086,0.27665544332211,0.6136528685548294,0.034653465346534656,0.0,0.0,0.0,0.6390489913544669
hier_clust,2,20,average,False,3799,7520,0.5051861702127659,0.8137931034482758,0.33917616126205086,0.27665544332211,0.6136528685548294,0.034653465346534656,0.0,0.0,0.0,0.6390489913544669
hier_clust,2,17,average,False,3799,7520,0.5051861702127659,0.8137931034482758,0.33917616126205086,0.27665544332211,0.6136528685548294,0.034653465346534656,0.0,0.0,0.0,0.6390489913544669
hier_clust,3,52,median,True,3798,7520,0.5050531914893617,0.7110344827586207,0.3602103418054338,0.40404040404040403,0.5562817719680465,0.1485148514851485,0.0,0.0,0.03731343283582089,0.6015850144092219
hier_clust,3,72,complete,True,3798,7520,0.5050531914893617,0.7248275862068966,0.45135845749342685,0.2839506172839506,0.6397966594045026,0.1188118811881188,0.0,0.0,0.0,0.5914985590778098
hier_clust,3,57,centroid,True,3797,7520,0.5049202127659574,0.7517241379310344,0.4110429447852761,0.28170594837261503,0.6143790849673203,0.11386138613861387,0.0,0.0,0.007462686567164179,0.6239193083573487
hier_clust,2,15,average,False,3796,7520,0.5047872340425532,0.8137931034482758,0.33917616126205086,0.27665544332211,0.616557734204793,0.0,0.0,0.0,0.0,0.6390489913544669
hier_clust,5,57,centroid,False,3796,7520,0.5047872340425532,0.7655172413793103,0.18492550394390886,0.44332210998877664,0.5257806826434277,0.15841584158415842,0.0,0.0,0.007462686567164179,0.6685878962536023
hier_clust,4,45,median,False,3796,7520,0.5047872340425532,0.743448275862069,0.11393514460999124,0.531986531986532,0.5374001452432825,0.0,0.0,0.0,0.0,0.6484149855907781
hier_clust,20,30,ward,True,3796,7520,0.5047872340425532,0.6993103448275862,0.49780893952673094,0.27497194163860833,0.5018155410312273,0.3069306930693069,0.0,0.0,0.2462686567164179,0.6757925072046109
hier_clust,5,18,complete,False,3795,7520,0.504654255319149,0.776551724137931,0.3908851884312007,0.37093153759820424,0.4596949891067538,0.0,0.0,0.0,0.0,0.6693083573487032
hier_clust,5,85,centroid,True,3795,7520,0.504654255319149,0.7172413793103448,0.37598597721297106,0.33221099887766553,0.5388525780682644,0.22277227722772278,0.0,0.0,0.0,0.6822766570605188
hier_clust,5,48,centroid,False,3795,7520,0.504654255319149,0.7648275862068965,0.18404907975460122,0.44388327721661053,0.5257806826434277,0.15841584158415842,0.0,0.0,0.007462686567164179,0.6685878962536023
hier_clust,5,52,centroid,False,3795,7520,0.504654255319149,0.7655172413793103,0.18404907975460122,0.44332210998877664,0.5257806826434277,0.15841584158415842,0.0,0.0,0.007462686567164179,0.6685878962536023
hier_clust,2,14,complete,True,3795,7520,0.504654255319149,0.7758620689655172,0.3978965819456617,0.37093153759820424,0.47058823529411764,0.0,0.0,0.0,0.0,0.6534582132564841
hier_clust,2,27,weighted,True,3795,7520,0.504654255319149,0.6772413793103448,0.26730937773882557,0.3675645342312009,0.5744371822803195,0.21782178217821782,0.0,0.0,0.0,0.7334293948126801
hier_clust,2,20,complete,False,3795,7520,0.504654255319149,0.7924137931034483,0.2883435582822086,0.39057239057239057,0.5206971677559913,0.0,0.0,0.0,0.23880597014925373,0.6282420749279539
hier_clust,2,21,complete,False,3795,7520,0.504654255319149,0.7924137931034483,0.2883435582822086,0.39057239057239057,0.5206971677559913,0.0,0.0,0.0,0.23880597014925373,0.6282420749279539
hier_clust,2,15,complete,True,3795,7520,0.504654255319149,0.7758620689655172,0.3978965819456617,0.37093153759820424,0.47058823529411764,0.0,0.0,0.0,0.0,0.6534582132564841
hier_clust,5,14,ward,False,3795,7520,0.504654255319149,0.7351724137931035,0.3444347063978966,0.23063973063973064,0.7160493827160493,0.0,0.0,0.0,0.0,0.6765129682997119
hier_clust,5,15,ward,False,3795,7520,0.504654255319149,0.7351724137931035,0.3444347063978966,0.23063973063973064,0.7160493827160493,0.0,0.0,0.0,0.0,0.6765129682997119
hier_clust,3,48,median,True,3793,7520,0.5043882978723404,0.7855172413793103,0.26117440841367223,0.40404040404040403,0.5562817719680465,0.1485148514851485,0.0,0.0,0.03731343283582089,0.6015850144092219
hier_clust,False,20,ward,False,3793,7520,0.5043882978723404,0.7986206896551724,0.406660823838738,0.24130190796857465,0.6456063907044299,0.0,0.0,0.0,0.0,0.6138328530259366
hier_clust,2,30,weighted,False,3792,7520,0.5042553191489362,0.7986206896551724,0.38650306748466257,0.3686868686868687,0.48148148148148145,0.034653465346534656,0.0,0.0,0.0,0.6239193083573487
hier_clust,2,27,weighted,False,3792,7520,0.5042553191489362,0.7986206896551724,0.38650306748466257,0.3686868686868687,0.48148148148148145,0.034653465346534656,0.0,0.0,0.0,0.6239193083573487
hier_clust,2,27,centroid,True,3792,7520,0.5042553191489362,0.786896551724138,0.31814198071866784,0.2850729517396184,0.6289034132171387,0.06930693069306931,0.0,0.0,0.014925373134328358,0.6469740634005764
hier_clust,2,32,weighted,False,3792,7520,0.5042553191489362,0.7986206896551724,0.38650306748466257,0.3686868686868687,0.48148148148148145,0.034653465346534656,0.0,0.0,0.0,0.6239193083573487
hier_clust,3,27,ward,True,3792,7520,0.5042553191489362,0.7717241379310344,0.3619631901840491,0.2671156004489338,0.6492374727668845,0.0,0.0,0.0,0.0,0.6412103746397695
hier_clust,4,23,ward,True,3791,7520,0.504122340425532,0.6510344827586206,0.4233128834355828,0.3159371492704826,0.5846042120551924,0.0,0.0,0.0,0.0,0.7175792507204611
hier_clust,4,20,ward,True,3791,7520,0.504122340425532,0.6510344827586206,0.4233128834355828,0.29012345679012347,0.6180101670297748,0.0,0.0,0.0,0.0,0.7175792507204611
hier_clust,4,21,ward,True,3791,7520,0.504122340425532,0.6510344827586206,0.4233128834355828,0.29012345679012347,0.6180101670297748,0.0,0.0,0.0,0.0,0.7175792507204611
hier_clust,5,20,ward,True,3790,7520,0.5039893617021277,0.7420689655172413,0.4233128834355828,0.4046015712682379,0.48729121278140886,0.0,0.0,0.0,0.0,0.6044668587896254
hier_clust,5,21,ward,True,3790,7520,0.5039893617021277,0.7420689655172413,0.4233128834355828,0.4046015712682379,0.48729121278140886,0.0,0.0,0.0,0.0,0.6044668587896254
hier_clust,3,45,median,True,3790,7520,0.5039893617021277,0.7855172413793103,0.26117440841367223,0.40404040404040403,0.5562817719680465,0.13366336633663367,0.0,0.0,0.03731343283582089,0.6015850144092219
hier_clust,2,48,average,True,3790,7520,0.5039893617021277,0.7793103448275862,0.287467134092901,0.3439955106621773,0.6063907044299202,0.07425742574257425,0.0,0.0,0.022388059701492536,0.6239193083573487
hier_clust,5,18,ward,True,3790,7520,0.5039893617021277,0.7420689655172413,0.4233128834355828,0.4046015712682379,0.48729121278140886,0.0,0.0,0.0,0.0,0.6044668587896254
hier_clust,5,41,centroid,False,3789,7520,0.5038563829787234,0.7648275862068965,0.18404907975460122,0.43658810325476993,0.5308641975308642,0.15841584158415842,0.0,0.0,0.007462686567164179,0.6685878962536023
hier_clust,5,45,centroid,False,3789,7520,0.5038563829787234,0.7648275862068965,0.18404907975460122,0.43658810325476993,0.5308641975308642,0.15841584158415842,0.0,0.0,0.007462686567164179,0.6685878962536023
hier_clust,3,52,centroid,True,3789,7520,0.5038563829787234,0.7517241379310344,0.4110429447852761,0.2822671156004489,0.6078431372549019,0.11386138613861387,0.0,0.0,0.007462686567164179,0.6239193083573487
hier_clust,3,48,centroid,True,3788,7520,0.5037234042553191,0.7517241379310344,0.4014022787028922,0.2878787878787879,0.6078431372549019,0.11386138613861387,0.0,0.0,0.007462686567164179,0.6239193083573487
hier_clust,3,41,median,True,3788,7520,0.5037234042553191,0.7855172413793103,0.26117440841367223,0.3900112233445567,0.5729847494553377,0.13366336633663367,0.0,0.0,0.03731343283582089,0.6015850144092219
hier_clust,10,20,ward,False,3787,7520,0.5035904255319149,0.6075862068965517,0.38124452234881684,0.27946127946127947,0.6594045025417574,0.3564356435643564,0.0,0.0,0.39552238805970147,0.6772334293948127
hier_clust,10,21,ward,False,3787,7520,0.5035904255319149,0.6075862068965517,0.38124452234881684,0.27946127946127947,0.6594045025417574,0.3564356435643564,0.0,0.0,0.39552238805970147,0.6772334293948127
hier_clust,2,45,average,True,3787,7520,0.5035904255319149,0.7793103448275862,0.287467134092901,0.3613916947250281,0.6063907044299202,0.07425742574257425,0.0,0.0,0.022388059701492536,0.5994236311239193
hier_clust,10,23,ward,False,3787,7520,0.5035904255319149,0.6075862068965517,0.38124452234881684,0.27946127946127947,0.6594045025417574,0.3564356435643564,0.0,0.0,0.39552238805970147,0.6772334293948127
hier_clust,2,18,complete,False,3786,7520,0.5034574468085107,0.7924137931034483,0.2883435582822086,0.2822671156004489,0.654320987654321,0.0,0.0,0.0,0.23880597014925373,0.6282420749279539
hier_clust,2,48,median,True,3786,7520,0.5034574468085107,0.7682758620689655,0.30850131463628394,0.36195286195286197,0.524328249818446,0.12376237623762376,0.0,0.0,0.11940298507462686,0.6570605187319885
hier_clust,5,38,centroid,False,3786,7520,0.5034574468085107,0.7648275862068965,0.18404907975460122,0.43041526374859707,0.5366739288307916,0.15841584158415842,0.0,0.0,0.007462686567164179,0.6685878962536023
hier_clust,2,35,average,True,3785,7520,0.5033244680851063,0.7793103448275862,0.287467134092901,0.3613916947250281,0.5896877269426289,0.1782178217821782,0.0,0.0,0.022388059701492536,0.5994236311239193
hier_clust,2,41,average,True,3785,7520,0.5033244680851063,0.7793103448275862,0.287467134092901,0.3613916947250281,0.5896877269426289,0.1782178217821782,0.0,0.0,0.022388059701492536,0.5994236311239193
hier_clust,2,32,average,True,3785,7520,0.5033244680851063,0.7793103448275862,0.287467134092901,0.3613916947250281,0.5896877269426289,0.1782178217821782,0.0,0.0,0.022388059701492536,0.5994236311239193
hier_clust,2,38,average,True,3785,7520,0.5033244680851063,0.7793103448275862,0.287467134092901,0.3613916947250281,0.5896877269426289,0.1782178217821782,0.0,0.0,0.022388059701492536,0.5994236311239193
hier_clust,3,45,centroid,True,3784,7520,0.5031914893617021,0.7517241379310344,0.4014022787028922,0.2850729517396184,0.6056644880174292,0.11386138613861387,0.0,0.0,0.007462686567164179,0.6268011527377522
hier_clust,2,23,weighted,False,3784,7520,0.5031914893617021,0.7986206896551724,0.38650306748466257,0.3462401795735129,0.504720406681191,0.034653465346534656,0.0,0.0,0.0,0.6239193083573487
hier_clust,2,25,weighted,False,3784,7520,0.5031914893617021,0.7986206896551724,0.38650306748466257,0.3462401795735129,0.504720406681191,0.034653465346534656,0.0,0.0,0.0,0.6239193083573487
hier_clust,3,52,weighted,False,3784,7520,0.5031914893617021,0.666896551724138,0.23137598597721298,0.43546576879910215,0.5388525780682644,0.2079207920792079,0.0,0.0,0.0,0.7154178674351584
hier_clust,3,67,complete,True,3784,7520,0.5031914893617021,0.7248275862068966,0.45135845749342685,0.2609427609427609,0.6397966594045026,0.1188118811881188,0.0,0.0,0.0,0.6109510086455331
hier_clust,2,30,average,True,3784,7520,0.5031914893617021,0.7793103448275862,0.287467134092901,0.3613916947250281,0.5896877269426289,0.1782178217821782,0.0,0.0,0.014925373134328358,0.5994236311239193
hier_clust,3,41,median,False,3783,7520,0.5030585106382979,0.6944827586206896,0.23488168273444346,0.36924803591470257,0.644880174291939,0.11386138613861387,0.0,0.0,0.0,0.6765129682997119
hier_clust,5,35,centroid,False,3783,7520,0.5030585106382979,0.7648275862068965,0.1831726555652936,0.4298540965207632,0.5359477124183006,0.15841584158415842,0.0,0.0,0.007462686567164179,0.6685878962536023
hier_clust,2,15,ward,False,3782,7520,0.5029255319148936,0.6344827586206897,0.5687992988606485,0.21604938271604937,0.6564996368917938,0.0,0.0,0.0,0.0,0.6657060518731989
hier_clust,2,17,ward,False,3782,7520,0.5029255319148936,0.6344827586206897,0.5687992988606485,0.21604938271604937,0.6564996368917938,0.0,0.0,0.0,0.0,0.6657060518731989
hier_clust,2,18,ward,False,3782,7520,0.5029255319148936,0.6344827586206897,0.5687992988606485,0.21604938271604937,0.6564996368917938,0.0,0.0,0.0,0.0,0.6657060518731989
hier_clust,3,38,median,False,3781,7520,0.5027925531914894,0.6944827586206896,0.43207712532865905,0.24186307519640854,0.644880174291939,0.11386138613861387,0.0,0.0,0.0,0.6765129682997119
hier_clust,2,14,ward,False,3780,7520,0.5026595744680851,0.6344827586206897,0.4566170026292726,0.2867564534231201,0.6564996368917938,0.0,0.0,0.0,0.0,0.6657060518731989
hier_clust,3,25,ward,True,3779,7520,0.5025265957446808,0.7717241379310344,0.31814198071866784,0.2878787878787879,0.6492374727668845,0.0,0.0,0.0,0.0,0.6412103746397695
hier_clust,3,38,median,True,3779,7520,0.5025265957446808,0.7855172413793103,0.26117440841367223,0.37991021324354657,0.579520697167756,0.13366336633663367,0.0,0.0,0.03731343283582089,0.6015850144092219
hier_clust,3,23,ward,True,3779,7520,0.5025265957446808,0.7717241379310344,0.31814198071866784,0.2878787878787879,0.6492374727668845,0.0,0.0,0.0,0.0,0.6412103746397695
hier_clust,5,17,ward,True,3776,7520,0.502127659574468,0.7420689655172413,0.4233128834355828,0.4046015712682379,0.46405228758169936,0.0,0.0,0.0,0.0,0.6174351585014409
hier_clust,2,17,complete,False,3776,7520,0.502127659574468,0.7924137931034483,0.2883435582822086,0.2609427609427609,0.654320987654321,0.0,0.0,0.0,0.23880597014925373,0.6484149855907781
hier_clust,False,17,ward,False,3775,7520,0.5019946808510638,0.7986206896551724,0.4864154250657318,0.18013468013468015,0.6456063907044299,0.0,0.0,0.0,0.0,0.6138328530259366
hier_clust,False,20,ward,True,3775,7520,0.5019946808510638,0.7613793103448275,0.3689745836985101,0.3557800224466891,0.439360929557008,0.3613861386138614,0.0,0.0,0.40298507462686567,0.6368876080691642
hier_clust,5,57,average,True,3775,7520,0.5019946808510638,0.7558620689655172,0.4294478527607362,0.3395061728395062,0.5555555555555556,0.18316831683168316,0.0,0.0,0.0,0.5634005763688761
hier_clust,False,18,ward,False,3775,7520,0.5019946808510638,0.7986206896551724,0.4864154250657318,0.18013468013468015,0.6456063907044299,0.0,0.0,0.0,0.0,0.6138328530259366
hier_clust,2,21,weighted,False,3774,7520,0.5018617021276596,0.7986206896551724,0.38650306748466257,0.3265993265993266,0.5228758169934641,0.034653465346534656,0.0,0.0,0.0,0.6239193083573487
hier_clust,3,48,centroid,False,3774,7520,0.5018617021276596,0.6786206896551724,0.3523225241016652,0.21548821548821548,0.6957153231663036,0.13861386138613863,0.0,0.0,0.27611940298507465,0.7067723342939481
hier_clust,3,35,median,False,3773,7520,0.5017287234042553,0.6944827586206896,0.43207712532865905,0.20426487093153758,0.6877269426289034,0.11386138613861387,0.0,0.0,0.0,0.6765129682997119
hier_clust,3,32,median,False,3773,7520,0.5017287234042553,0.6944827586206896,0.43207712532865905,0.20426487093153758,0.6877269426289034,0.11386138613861387,0.0,0.0,0.0,0.6765129682997119
hier_clust,3,30,median,False,3773,7520,0.5017287234042553,0.6944827586206896,0.43207712532865905,0.20426487093153758,0.6877269426289034,0.11386138613861387,0.0,0.0,0.0,0.6765129682997119
hier_clust,3,48,weighted,False,3772,7520,0.5015957446808511,0.666896551724138,0.19807186678352323,0.4500561167227834,0.5388525780682644,0.2079207920792079,0.0,0.0,0.0,0.7154178674351584
hier_clust,4,41,median,False,3771,7520,0.5014627659574468,0.743448275862069,0.11393514460999124,0.5488215488215489,0.5432098765432098,0.0,0.0,0.0,0.0,0.6030259365994236
hier_clust,5,13,ward,False,3770,7520,0.5013297872340425,0.7351724137931035,0.3444347063978966,0.18518518518518517,0.7160493827160493,0.0,0.0,0.0,0.0,0.7168587896253602
hier_clust,5,11,ward,False,3770,7520,0.5013297872340425,0.7351724137931035,0.3444347063978966,0.18518518518518517,0.7160493827160493,0.0,0.0,0.0,0.0,0.7168587896253602
hier_clust,10,85,complete,True,3770,7520,0.5013297872340425,0.776551724137931,0.48729184925503943,0.25982042648709314,0.5802469135802469,0.3118811881188119,0.0,0.0,0.13432835820895522,0.5367435158501441
hier_clust,5,12,ward,False,3770,7520,0.5013297872340425,0.7351724137931035,0.3444347063978966,0.18518518518518517,0.7160493827160493,0.0,0.0,0.0,0.0,0.7168587896253602
hier_clust,2,15,centroid,False,3770,7520,0.5013297872340425,0.8124137931034483,0.28045574057843997,0.4057239057239057,0.5061728395061729,0.039603960396039604,0.0,0.0,0.0,0.6080691642651297
hier_clust,5,52,average,True,3770,7520,0.5013297872340425,0.7558620689655172,0.4294478527607362,0.3282828282828283,0.5737109658678287,0.13861386138613863,0.0,0.0,0.0,0.5626801152737753
hier_clust,2,14,centroid,False,3770,7520,0.5013297872340425,0.8124137931034483,0.28045574057843997,0.4057239057239057,0.5061728395061729,0.039603960396039604,0.0,0.0,0.0,0.6080691642651297
hier_clust,4,52,average,True,3769,7520,0.5011968085106383,0.7827586206896552,0.3137598597721297,0.3832772166105499,0.5177923021060276,0.14356435643564355,0.0,0.0,0.07462686567164178,0.6059077809798271
hier_clust,2,23,weighted,True,3769,7520,0.5011968085106383,0.6772413793103448,0.26730937773882557,0.388327721661055,0.5787944807552651,0.1485148514851485,0.0,0.0,0.0,0.6938040345821326
hier_clust,2,25,weighted,True,3769,7520,0.5011968085106383,0.6772413793103448,0.26730937773882557,0.388327721661055,0.5787944807552651,0.1485148514851485,0.0,0.0,0.0,0.6938040345821326
hier_clust,5,38,median,False,3768,7520,0.5010638297872341,0.6055172413793104,0.6029798422436459,0.27665544332211,0.5381263616557734,0.25742574257425743,0.0,0.0,0.007462686567164179,0.659221902017291
hier_clust,4,52,weighted,True,3768,7520,0.5010638297872341,0.6772413793103448,0.3382997370727432,0.36980920314253646,0.5533769063180828,0.06435643564356436,0.0,0.0,0.20149253731343283,0.6765129682997119
hier_clust,3,61,complete,True,3768,7520,0.5010638297872341,0.7248275862068966,0.4618755477651183,0.2334455667789001,0.6550472040668119,0.1188118811881188,0.0,0.0,0.0,0.6109510086455331
hier_clust,4,61,weighted,True,3768,7520,0.5010638297872341,0.6772413793103448,0.3382997370727432,0.36980920314253646,0.5533769063180828,0.06435643564356436,0.0,0.0,0.20149253731343283,0.6765129682997119
hier_clust,4,57,weighted,True,3768,7520,0.5010638297872341,0.6772413793103448,0.3382997370727432,0.36980920314253646,0.5533769063180828,0.06435643564356436,0.0,0.0,0.20149253731343283,0.6765129682997119
hier_clust,10,78,complete,True,3767,7520,0.5009308510638298,0.776551724137931,0.4662576687116564,0.2727272727272727,0.5780682643427741,0.31683168316831684,0.0,0.0,0.13432835820895522,0.5367435158501441
hier_clust,20,85,weighted,False,3767,7520,0.5009308510638298,0.8668965517241379,0.006134969325153374,0.37542087542087543,0.5802469135802469,0.31683168316831684,0.0,0.0,0.39552238805970147,0.6613832853025937
hier_clust,2,13,centroid,False,3767,7520,0.5009308510638298,0.8124137931034483,0.28045574057843997,0.4057239057239057,0.5098039215686274,0.0,0.0,0.0,0.0,0.6080691642651297
hier_clust,4,48,average,True,3767,7520,0.5009308510638298,0.7827586206896552,0.3137598597721297,0.4287317620650954,0.45751633986928103,0.14356435643564355,0.0,0.0,0.07462686567164178,0.6059077809798271
hier_clust,5,48,average,True,3766,7520,0.5007978723404255,0.7558620689655172,0.4294478527607362,0.3153759820426487,0.5875090777051561,0.13861386138613863,0.0,0.0,0.0,0.5626801152737753
hier_clust,20,23,ward,False,3766,7520,0.5007978723404255,0.7848275862068965,0.38913234005258546,0.30303030303030304,0.5519244734931009,0.0,0.0,0.0,0.3880597014925373,0.5994236311239193
hier_clust,20,21,ward,False,3766,7520,0.5007978723404255,0.7848275862068965,0.38913234005258546,0.30303030303030304,0.5519244734931009,0.0,0.0,0.0,0.3880597014925373,0.5994236311239193
hier_clust,4,45,average,True,3766,7520,0.5007978723404255,0.7827586206896552,0.3137598597721297,0.4337822671156005,0.45751633986928103,0.14356435643564355,0.0,0.0,0.0,0.6059077809798271
hier_clust,2,27,ward,True,3765,7520,0.5006648936170213,0.713103448275862,0.3409290096406661,0.43265993265993263,0.49310094408133626,0.0,0.0,0.0,0.0,0.6426512968299711
hier_clust,20,27,ward,True,3765,7520,0.5006648936170213,0.6993103448275862,0.49780893952673094,0.24298540965207632,0.5664488017429193,0.0,0.0,0.0,0.0,0.6988472622478387
hier_clust,2,25,ward,True,3765,7520,0.5006648936170213,0.713103448275862,0.3409290096406661,0.43265993265993263,0.49310094408133626,0.0,0.0,0.0,0.0,0.6426512968299711
hier_clust,2,23,ward,True,3765,7520,0.5006648936170213,0.713103448275862,0.3409290096406661,0.43265993265993263,0.49310094408133626,0.0,0.0,0.0,0.0,0.6426512968299711
hier_clust,3,13,ward,False,3765,7520,0.5006648936170213,0.7662068965517241,0.42857142857142855,0.3058361391694725,0.5003631082062454,0.0,0.0,0.0,0.0,0.670749279538905
hier_clust,2,20,weighted,False,3765,7520,0.5006648936170213,0.7986206896551724,0.38650306748466257,0.31425364758698093,0.5228758169934641,0.034653465346534656,0.0,0.0,0.3880597014925373,0.595821325648415
hier_clust,4,11,ward,False,3765,7520,0.5006648936170213,0.6772413793103448,0.2007011393514461,0.5162738496071829,0.4538852578068264,0.0,0.0,0.0,0.0,0.7269452449567724
hier_clust,3,45,centroid,False,3763,7520,0.5003989361702128,0.6786206896551724,0.3523225241016652,0.2615039281705948,0.6623093681917211,0.0891089108910891,0.0,0.0,0.0,0.7067723342939481
hier_clust,3,23,complete,False,3763,7520,0.5003989361702128,0.7744827586206896,0.3654688869412796,0.32940516273849607,0.5410312273057372,0.16336633663366337,0.0,0.0,0.0,0.6181556195965417
hier_clust,3,41,centroid,False,3762,7520,0.5002659574468085,0.6786206896551724,0.3523225241016652,0.2615039281705948,0.6463326071169209,0.19306930693069307,0.0,0.0,0.0,0.7067723342939481
hier_clust,3,35,median,True,3762,7520,0.5002659574468085,0.7855172413793103,0.26117440841367223,0.36251402918069586,0.579520697167756,0.13366336633663367,0.0,0.0,0.03731343283582089,0.611671469740634
hier_clust,3,45,weighted,False,3761,7520,0.5001329787234042,0.666896551724138,0.19807186678352323,0.4601571268237935,0.5388525780682644,0.2079207920792079,0.0,0.0,0.0,0.6945244956772334
hier_clust,3,45,average,True,3761,7520,0.5001329787234042,0.6717241379310345,0.32252410166520595,0.388327721661055,0.5613652868554829,0.07920792079207921,0.0,0.0,0.007462686567164179,0.6750720461095101
hier_clust,3,21,ward,True,3760,7520,0.5,0.7937931034482759,0.31814198071866784,0.25925925925925924,0.6492374727668845,0.0,0.0,0.0,0.0,0.6412103746397695
hier_clust,20,25,ward,True,3760,7520,0.5,0.6993103448275862,0.49780893952673094,0.2665544332210999,0.5323166303558461,0.0,0.0,0.0,0.0,0.6988472622478387
hier_clust,20,23,ward,True,3760,7520,0.5,0.6993103448275862,0.49780893952673094,0.2665544332210999,0.5323166303558461,0.0,0.0,0.0,0.0,0.6988472622478387
hier_clust,20,17,ward,False,3759,7520,0.49986702127659577,0.7848275862068965,0.45574057843996496,0.2564534231200898,0.5519244734931009,0.0,0.0,0.0,0.3880597014925373,0.5994236311239193
hier_clust,20,18,ward,False,3759,7520,0.49986702127659577,0.7848275862068965,0.45574057843996496,0.2564534231200898,0.5519244734931009,0.0,0.0,0.0,0.3880597014925373,0.5994236311239193
hier_clust,10,72,complete,True,3759,7520,0.49986702127659577,0.776551724137931,0.4750219106047327,0.26430976430976433,0.5744371822803195,0.31683168316831684,0.0,0.0,0.13432835820895522,0.5381844380403458
hier_clust,20,20,ward,False,3759,7520,0.49986702127659577,0.7848275862068965,0.45574057843996496,0.2564534231200898,0.5519244734931009,0.0,0.0,0.0,0.3880597014925373,0.5994236311239193
hier_clust,2,45,median,True,3759,7520,0.49986702127659577,0.7682758620689655,0.28045574057843997,0.36195286195286197,0.524328249818446,0.1188118811881188,0.0,0.0,0.11940298507462686,0.6613832853025937
hier_clust,3,41,average,True,3759,7520,0.49986702127659577,0.6717241379310345,0.32602979842243646,0.38159371492704824,0.5657225853304285,0.07920792079207921,0.0,0.0,0.007462686567164179,0.6750720461095101
hier_clust,10,100,weighted,True,3758,7520,0.4997340425531915,0.8517241379310345,0.25503943908851884,0.34175084175084175,0.5272331154684096,0.3465346534653465,0.0,0.0,0.1791044776119403,0.5785302593659942
hier_clust,4,41,average,True,3758,7520,0.4997340425531915,0.7827586206896552,0.31638913234005256,0.43602693602693604,0.4466230936819172,0.14356435643564355,0.0,0.0,0.0,0.6059077809798271
hier_clust,False,18,ward,True,3757,7520,0.49960106382978725,0.7613793103448275,0.3689745836985101,0.37093153759820424,0.4066811909949165,0.3613861386138614,0.0,0.0,0.40298507462686567,0.6368876080691642
hier_clust,2,13,ward,False,3755,7520,0.49933510638297873,0.6344827586206897,0.4566170026292726,0.24298540965207632,0.6949891067538126,0.0,0.0,0.0,0.0,0.6657060518731989
hier_clust,3,18,complete,False,3755,7520,0.49933510638297873,0.7744827586206896,0.32690622261174407,0.3496071829405163,0.5410312273057372,0.16336633663366337,0.0,0.0,0.0,0.6181556195965417
hier_clust,3,15,complete,False,3755,7520,0.49933510638297873,0.7744827586206896,0.32690622261174407,0.3490460157126824,0.5410312273057372,0.16336633663366337,0.0,0.0,0.0,0.6188760806916427
hier_clust,3,17,complete,False,3755,7520,0.49933510638297873,0.7744827586206896,0.32690622261174407,0.3496071829405163,0.5410312273057372,0.16336633663366337,0.0,0.0,0.0,0.6181556195965417
hier_clust,3,20,complete,False,3755,7520,0.49933510638297873,0.7744827586206896,0.32690622261174407,0.3496071829405163,0.5410312273057372,0.16336633663366337,0.0,0.0,0.0,0.6181556195965417
hier_clust,3,21,complete,False,3755,7520,0.49933510638297873,0.7744827586206896,0.32690622261174407,0.3496071829405163,0.5410312273057372,0.16336633663366337,0.0,0.0,0.0,0.6181556195965417
hier_clust,10,25,ward,True,3755,7520,0.49933510638297873,0.7572413793103449,0.4890446976336547,0.2536475869809203,0.5773420479302832,0.4603960396039604,0.0,0.0,0.0,0.5468299711815562
hier_clust,2,12,ward,False,3755,7520,0.49933510638297873,0.6344827586206897,0.4566170026292726,0.24298540965207632,0.6949891067538126,0.0,0.0,0.0,0.0,0.6657060518731989
hier_clust,2,41,median,True,3754,7520,0.49920212765957445,0.7682758620689655,0.28045574057843997,0.287317620650954,0.6187363834422658,0.1188118811881188,0.0,0.0,0.1791044776119403,0.654178674351585
hier_clust,5,38,complete,True,3754,7520,0.49920212765957445,0.7406896551724138,0.26818580192813324,0.37093153759820424,0.5461147421931736,0.09900990099009901,0.0,0.0,0.0,0.6779538904899135
hier_clust,10,18,ward,False,3754,7520,0.49920212765957445,0.6075862068965517,0.5311130587204207,0.13580246913580246,0.6971677559912854,0.3564356435643564,0.0,0.0,0.39552238805970147,0.6772334293948127
hier_clust,10,67,complete,True,3753,7520,0.4990691489361702,0.776551724137931,0.4750219106047327,0.26430976430976433,0.5744371822803195,0.29207920792079206,0.0,0.0,0.13432835820895522,0.537463976945245
hier_clust,3,18,ward,True,3752,7520,0.498936170212766,0.7937931034482759,0.42506573181419804,0.186307519640853,0.6492374727668845,0.0,0.0,0.0,0.0,0.6412103746397695
hier_clust,3,20,ward,True,3752,7520,0.498936170212766,0.7937931034482759,0.42506573181419804,0.186307519640853,0.6492374727668845,0.0,0.0,0.0,0.0,0.6412103746397695
hier_clust,4,38,average,True,3748,7520,0.49840425531914895,0.7827586206896552,0.31814198071866784,0.44163860830527496,0.4357298474945534,0.14356435643564355,0.0,0.0,0.0,0.600864553314121
hier_clust,4,35,average,True,3748,7520,0.49840425531914895,0.7827586206896552,0.31814198071866784,0.44163860830527496,0.4357298474945534,0.14356435643564355,0.0,0.0,0.0,0.600864553314121
hier_clust,2,21,ward,True,3745,7520,0.49800531914893614,0.713103448275862,0.3970201577563541,0.38552188552188554,0.49310094408133626,0.0,0.0,0.0,0.0,0.6426512968299711
hier_clust,5,10,ward,False,3745,7520,0.49800531914893614,0.7351724137931035,0.3444347063978966,0.2934904601571268,0.5577342047930284,0.0,0.0,0.0,0.0,0.7168587896253602
hier_clust,2,20,ward,True,3745,7520,0.49800531914893614,0.713103448275862,0.3970201577563541,0.38552188552188554,0.49310094408133626,0.0,0.0,0.0,0.0,0.6426512968299711
hier_clust,4,35,complete,True,3745,7520,0.49800531914893614,0.7386206896551725,0.4706397896581946,0.3686868686868687,0.49818445896877267,0.15346534653465346,0.0,0.0,0.0,0.5497118155619597
hier_clust,False,17,ward,True,3745,7520,0.49800531914893614,0.7613793103448275,0.3689745836985101,0.37093153759820424,0.4066811909949165,0.3613861386138614,0.0,0.0,0.0,0.6671469740634006
hier_clust,10,92,weighted,True,3745,7520,0.49800531914893614,0.8468965517241379,0.26117440841367223,0.30134680134680136,0.5751633986928104,0.3118811881188119,0.0,0.0,0.1791044776119403,0.5785302593659942
hier_clust,3,41,centroid,True,3744,7520,0.4978723404255319,0.7517241379310344,0.3523225241016652,0.2850729517396184,0.6056644880174292,0.11386138613861387,0.0,0.0,0.007462686567164179,0.638328530259366
hier_clust,3,57,complete,True,3744,7520,0.4978723404255319,0.7510344827586207,0.42506573181419804,0.2025813692480359,0.6804647785039942,0.1188118811881188,0.0,0.0,0.0,0.6109510086455331
hier_clust,3,35,centroid,True,3744,7520,0.4978723404255319,0.7517241379310344,0.3523225241016652,0.2850729517396184,0.6056644880174292,0.11386138613861387,0.0,0.0,0.007462686567164179,0.638328530259366
hier_clust,3,38,centroid,True,3744,7520,0.4978723404255319,0.7517241379310344,0.3523225241016652,0.2850729517396184,0.6056644880174292,0.11386138613861387,0.0,0.0,0.007462686567164179,0.638328530259366
hier_clust,2,13,complete,True,3743,7520,0.4977393617021277,0.7758620689655172,0.3978965819456617,0.17957351290684623,0.6804647785039942,0.0,0.0,0.0,0.0,0.6534582132564841
hier_clust,3,32,centroid,True,3743,7520,0.4977393617021277,0.7517241379310344,0.3523225241016652,0.29012345679012347,0.59840232389252,0.11386138613861387,0.0,0.0,0.007462686567164179,0.638328530259366
hier_clust,10,17,ward,False,3743,7520,0.4977393617021277,0.6075862068965517,0.5311130587204207,0.17957351290684623,0.6325344952795933,0.3564356435643564,0.0,0.0,0.39552238805970147,0.6772334293948127
hier_clust,4,100,median,True,3742,7520,0.4976063829787234,0.7455172413793103,0.4005258545135846,0.38215488215488214,0.5519244734931009,0.24257425742574257,0.08333333333333333,0.0,0.04477611940298507,0.5093659942363112
hier_clust,2,21,weighted,True,3742,7520,0.4976063829787234,0.6772413793103448,0.26730937773882557,0.3888888888888889,0.5933188090050835,0.1485148514851485,0.0,0.0,0.0,0.659221902017291
hier_clust,4,32,average,True,3741,7520,0.49747340425531916,0.7827586206896552,0.3312883435582822,0.4292929292929293,0.4357298474945534,0.14356435643564355,0.0,0.0,0.0,0.600864553314121
hier_clust,3,52,complete,True,3741,7520,0.49747340425531916,0.7510344827586207,0.4119193689745837,0.21099887766554434,0.6761074800290486,0.1188118811881188,0.0,0.0,0.0,0.6131123919308358
hier_clust,3,27,centroid,True,3741,7520,0.49747340425531916,0.7517241379310344,0.3523225241016652,0.2895622895622896,0.5969498910675382,0.11386138613861387,0.0,0.0,0.007462686567164179,0.6390489913544669
hier_clust,3,30,centroid,True,3741,7520,0.49747340425531916,0.7517241379310344,0.3523225241016652,0.2895622895622896,0.5969498910675382,0.11386138613861387,0.0,0.0,0.007462686567164179,0.6390489913544669
hier_clust,10,85,weighted,True,3735,7520,0.4966755319148936,0.8468965517241379,0.26993865030674846,0.32940516273849607,0.5323166303558461,0.3118811881188119,0.0,0.0,0.1791044776119403,0.5706051873198847
hier_clust,5,35,median,False,3735,7520,0.4966755319148936,0.6055172413793104,0.6029798422436459,0.23120089786756454,0.5403050108932462,0.2376237623762376,0.0,0.0,0.007462686567164179,0.6945244956772334
hier_clust,2,12,centroid,False,3734,7520,0.4965425531914894,0.8124137931034483,0.4145486415425066,0.30134680134680136,0.5098039215686274,0.0,0.0,0.0,0.0,0.6080691642651297
hier_clust,2,11,centroid,False,3734,7520,0.4965425531914894,0.8124137931034483,0.4145486415425066,0.30134680134680136,0.5098039215686274,0.0,0.0,0.0,0.0,0.6080691642651297
hier_clust,2,25,centroid,True,3734,7520,0.4965425531914894,0.786896551724138,0.16213847502191062,0.35241301907968575,0.6289034132171387,0.06930693069306931,0.0,0.0,0.014925373134328358,0.6469740634005764
hier_clust,2,23,centroid,True,3734,7520,0.4965425531914894,0.786896551724138,0.16213847502191062,0.35241301907968575,0.6289034132171387,0.06930693069306931,0.0,0.0,0.014925373134328358,0.6469740634005764
hier_clust,2,20,median,False,3733,7520,0.4964095744680851,0.6882758620689655,0.4802804557405784,0.16947250280583614,0.6790123456790124,0.034653465346534656,0.0,0.0,0.0,0.6793948126801153
hier_clust,4,17,ward,True,3732,7520,0.49627659574468086,0.6510344827586206,0.4233128834355828,0.24242424242424243,0.6180101670297748,0.0,0.0,0.0,0.0,0.7363112391930836
hier_clust,3,57,weighted,True,3732,7520,0.49627659574468086,0.7503448275862069,0.4145486415425066,0.24579124579124578,0.5816993464052288,0.12871287128712872,0.0,0.0,0.007462686567164179,0.6520172910662824
hier_clust,4,18,ward,True,3732,7520,0.49627659574468086,0.6510344827586206,0.4233128834355828,0.24242424242424243,0.6180101670297748,0.0,0.0,0.0,0.0,0.7363112391930836
hier_clust,5,13,ward,True,3731,7520,0.4961436170212766,0.6517241379310345,0.4233128834355828,0.37991021324354657,0.46405228758169936,0.0,0.0,0.0,0.0,0.7110951008645533
hier_clust,10,23,ward,True,3731,7520,0.4961436170212766,0.7572413793103449,0.4890446976336547,0.2244668911335578,0.5976761074800291,0.4603960396039604,0.0,0.0,0.0,0.5468299711815562
hier_clust,3,45,complete,True,3731,7520,0.4961436170212766,0.7510344827586207,0.3943908851884312,0.24803591470258138,0.635439360929557,0.1188118811881188,0.0,0.0,0.0,0.6131123919308358
hier_clust,5,15,ward,True,3731,7520,0.4961436170212766,0.6517241379310345,0.4233128834355828,0.37991021324354657,0.46405228758169936,0.0,0.0,0.0,0.0,0.7110951008645533
hier_clust,3,48,complete,True,3731,7520,0.4961436170212766,0.7510344827586207,0.3943908851884312,0.24803591470258138,0.635439360929557,0.1188118811881188,0.0,0.0,0.0,0.6131123919308358
hier_clust,5,14,ward,True,3731,7520,0.4961436170212766,0.6517241379310345,0.4233128834355828,0.37991021324354657,0.46405228758169936,0.0,0.0,0.0,0.0,0.7110951008645533
hier_clust,3,41,weighted,False,3730,7520,0.49601063829787234,0.7855172413793103,0.02366345311130587,0.4601571268237935,0.5395787944807553,0.18316831683168316,0.0,0.0,0.0,0.6945244956772334
hier_clust,2,17,median,False,3729,7520,0.4958776595744681,0.6882758620689655,0.4802804557405784,0.1835016835016835,0.6579520697167756,0.034653465346534656,0.0,0.0,0.0,0.6793948126801153
hier_clust,2,18,median,False,3729,7520,0.4958776595744681,0.6882758620689655,0.4802804557405784,0.1835016835016835,0.6579520697167756,0.034653465346534656,0.0,0.0,0.0,0.6793948126801153
hier_clust,4,30,average,True,3729,7520,0.4958776595744681,0.7827586206896552,0.3461875547765118,0.39225589225589225,0.4625998547567175,0.14356435643564355,0.0,0.0,0.0,0.600864553314121
hier_clust,2,13,average,False,3727,7520,0.4956117021276596,0.8137931034482758,0.33917616126205086,0.16161616161616163,0.6811909949164852,0.0,0.0,0.0,0.0,0.6729106628242075
hier_clust,20,21,ward,True,3727,7520,0.4956117021276596,0.7627586206896552,0.39614373356704646,0.3052749719416386,0.4756717501815541,0.0,0.0,0.0,0.0,0.6988472622478387
hier_clust,5,78,centroid,True,3727,7520,0.4956117021276596,0.7186206896551725,0.20946538124452235,0.4674523007856341,0.45098039215686275,0.22277227722772278,0.0,0.0,0.0,0.6822766570605188
hier_clust,2,14,average,False,3727,7520,0.4956117021276596,0.8137931034482758,0.33917616126205086,0.21156004489337824,0.616557734204793,0.0,0.0,0.0,0.0,0.6729106628242075
hier_clust,False,14,ward,True,3726,7520,0.4954787234042553,0.7613793103448275,0.3689745836985101,0.37093153759820424,0.4458968772694263,0.0,0.0,0.0,0.0,0.6671469740634006
hier_clust,False,15,ward,True,3726,7520,0.4954787234042553,0.7613793103448275,0.3689745836985101,0.37093153759820424,0.4458968772694263,0.0,0.0,0.0,0.0,0.6671469740634006
hier_clust,10,15,ward,False,3725,7520,0.4953457446808511,0.6075862068965517,0.5311130587204207,0.17957351290684623,0.6579520697167756,0.3564356435643564,0.0,0.0,0.0,0.6772334293948127
hier_clust,3,41,complete,True,3725,7520,0.4953457446808511,0.7510344827586207,0.3128834355828221,0.29685746352413017,0.635439360929557,0.1188118811881188,0.0,0.0,0.0,0.6131123919308358
hier_clust,5,32,median,False,3724,7520,0.4952127659574468,0.6055172413793104,0.6029798422436459,0.19640852974186307,0.5403050108932462,0.2376237623762376,0.0,0.0,0.007462686567164179,0.7312680115273775
hier_clust,2,11,ward,False,3724,7520,0.4952127659574468,0.6344827586206897,0.2427695004382121,0.36251402918069586,0.6949891067538126,0.0,0.0,0.0,0.0,0.6657060518731989
hier_clust,3,27,median,False,3724,7520,0.4952127659574468,0.7248275862068966,0.3523225241016652,0.2031425364758698,0.6877269426289034,0.11386138613861387,0.0,0.0,0.0,0.6765129682997119
hier_clust,4,35,median,False,3724,7520,0.4952127659574468,0.743448275862069,0.11393514460999124,0.4551066217732884,0.6303558460421206,0.0,0.0,0.0,0.0,0.6030259365994236
hier_clust,4,38,median,False,3724,7520,0.4952127659574468,0.743448275862069,0.11393514460999124,0.4556677890011223,0.6296296296296297,0.0,0.0,0.0,0.0,0.6030259365994236
hier_clust,4,27,average,True,3723,7520,0.49507978723404256,0.7827586206896552,0.32602979842243646,0.3961840628507295,0.4625998547567175,0.14356435643564355,0.0,0.0,0.0,0.6080691642651297
hier_clust,5,30,median,False,3723,7520,0.49507978723404256,0.6055172413793104,0.6029798422436459,0.19640852974186307,0.5403050108932462,0.2376237623762376,0.0,0.0,0.0,0.7312680115273775
hier_clust,4,92,median,True,3723,7520,0.49507978723404256,0.7917241379310345,0.33216476774758985,0.3686868686868687,0.5620915032679739,0.2376237623762376,0.0,0.0,0.04477611940298507,0.5122478386167147
hier_clust,10,78,weighted,True,3722,7520,0.4949468085106383,0.8468965517241379,0.26993865030674846,0.32042648709315374,0.5294117647058824,0.3465346534653465,0.0,0.0,0.1791044776119403,0.5706051873198847
hier_clust,2,17,centroid,True,3721,7520,0.49481382978723404,0.786896551724138,0.16213847502191062,0.3888888888888889,0.5737109658678287,0.06930693069306931,0.0,0.0,0.0,0.6469740634005764
hier_clust,2,21,centroid,True,3721,7520,0.49481382978723404,0.786896551724138,0.16213847502191062,0.3888888888888889,0.5737109658678287,0.06930693069306931,0.0,0.0,0.0,0.6469740634005764
hier_clust,2,20,centroid,True,3721,7520,0.49481382978723404,0.786896551724138,0.16213847502191062,0.3888888888888889,0.5737109658678287,0.06930693069306931,0.0,0.0,0.0,0.6469740634005764
hier_clust,2,18,centroid,True,3721,7520,0.49481382978723404,0.786896551724138,0.16213847502191062,0.3888888888888889,0.5737109658678287,0.06930693069306931,0.0,0.0,0.0,0.6469740634005764
hier_clust,5,72,centroid,True,3720,7520,0.4946808510638298,0.7186206896551725,0.21297107800175286,0.4674523007856341,0.4538852578068264,0.15346534653465346,0.0,0.0,0.0,0.6815561959654178
hier_clust,10,61,complete,True,3720,7520,0.4946808510638298,0.7441379310344828,0.4119193689745837,0.33164983164983164,0.5359477124183006,0.29207920792079206,0.0,0.0,0.13432835820895522,0.5511527377521613
hier_clust,3,52,weighted,True,3717,7520,0.494281914893617,0.7427586206896551,0.4215600350569676,0.24915824915824916,0.5896877269426289,0.14356435643564355,0.0,0.0,0.007462686567164179,0.6289625360230547
hier_clust,2,15,median,False,3717,7520,0.494281914893617,0.6882758620689655,0.4802804557405784,0.17115600448933782,0.6579520697167756,0.034653465346534656,0.0,0.0,0.0,0.6865994236311239
hier_clust,3,38,centroid,False,3716,7520,0.49414893617021277,0.6786206896551724,0.3523225241016652,0.27048260381593714,0.6020334059549746,0.18811881188118812,0.0,0.0,0.0,0.7067723342939481
hier_clust,False,100,complete,True,3716,7520,0.49414893617021277,0.7910344827586206,0.27957931638913236,0.4169472502805836,0.5882352941176471,0.2871287128712871,0.0,0.0,0.12686567164179105,0.44812680115273773
hier_clust,2,11,complete,True,3716,7520,0.49414893617021277,0.7758620689655172,0.3978965819456617,0.11447811447811448,0.7450980392156863,0.0,0.0,0.0,0.0,0.6534582132564841
hier_clust,2,12,complete,True,3716,7520,0.49414893617021277,0.7758620689655172,0.3978965819456617,0.11447811447811448,0.7450980392156863,0.0,0.0,0.0,0.0,0.6534582132564841
hier_clust,3,35,centroid,False,3715,7520,0.4940159574468085,0.6786206896551724,0.3523225241016652,0.26936026936026936,0.6020334059549746,0.18811881188118812,0.0,0.0,0.0,0.707492795389049
hier_clust,3,38,average,True,3714,7520,0.49388297872340425,0.6717241379310345,0.2743207712532866,0.38159371492704824,0.5657225853304285,0.07920792079207921,0.0,0.0,0.007462686567164179,0.6851585014409222
hier_clust,3,14,complete,False,3712,7520,0.49361702127659574,0.7744827586206896,0.32690622261174407,0.377665544332211,0.47276688453159044,0.16336633663366337,0.0,0.0,0.0,0.6188760806916427
hier_clust,3,32,centroid,False,3711,7520,0.4934840425531915,0.6786206896551724,0.3619631901840491,0.2609427609427609,0.6020334059549746,0.18811881188118812,0.0,0.0,0.0,0.707492795389049
hier_clust,2,14,median,False,3711,7520,0.4934840425531915,0.6882758620689655,0.4802804557405784,0.20707070707070707,0.6579520697167756,0.034653465346534656,0.0,0.0,0.0,0.6361671469740634
hier_clust,3,25,median,False,3710,7520,0.4933510638297872,0.7248275862068966,0.3523225241016652,0.18574635241301907,0.6877269426289034,0.11386138613861387,0.0,0.0,0.0,0.6887608069164265
hier_clust,3,35,average,True,3709,7520,0.493218085106383,0.6724137931034483,0.26906222611744085,0.38159371492704824,0.5657225853304285,0.07920792079207921,0.0,0.0,0.007462686567164179,0.6851585014409222
hier_clust,3,32,average,True,3708,7520,0.4930851063829787,0.6724137931034483,0.26906222611744085,0.38159371492704824,0.5649963689179376,0.07920792079207921,0.0,0.0,0.007462686567164179,0.6851585014409222
hier_clust,3,17,ward,True,3708,7520,0.4930851063829787,0.7937931034482759,0.42506573181419804,0.24186307519640854,0.5453885257806826,0.0,0.0,0.0,0.0,0.6412103746397695
hier_clust,2,13,median,False,3708,7520,0.4930851063829787,0.6882758620689655,0.4802804557405784,0.20707070707070707,0.6608569353667393,0.0,0.0,0.0,0.0,0.6361671469740634
hier_clust,3,30,average,True,3707,7520,0.49295212765957447,0.6724137931034483,0.30762489044697633,0.356341189674523,0.5649963689179376,0.07920792079207921,0.0,0.0,0.007462686567164179,0.6851585014409222
hier_clust,5,27,median,False,3707,7520,0.49295212765957447,0.6055172413793104,0.6029798422436459,0.15768799102132436,0.5671750181554103,0.1782178217821782,0.0,0.0,0.0,0.7514409221902018
hier_clust,20,15,ward,False,3707,7520,0.49295212765957447,0.7848275862068965,0.45574057843996496,0.2025813692480359,0.5519244734931009,0.0,0.0,0.0,0.3880597014925373,0.6311239193083573
hier_clust,10,57,complete,True,3707,7520,0.49295212765957447,0.7441379310344828,0.4119193689745837,0.3327721661054994,0.5352214960058097,0.22277227722772278,0.0,0.0,0.13432835820895522,0.5511527377521613
hier_clust,3,38,weighted,False,3706,7520,0.49281914893617024,0.7855172413793103,0.02366345311130587,0.49382716049382713,0.4756717501815541,0.18316831683168316,0.0,0.0,0.0,0.6974063400576369
hier_clust,4,48,weighted,True,3706,7520,0.49281914893617024,0.6841379310344827,0.3382997370727432,0.36924803591470257,0.5533769063180828,0.04950495049504951,0.0,0.0,0.20149253731343283,0.627521613832853
hier_clust,3,27,average,True,3705,7520,0.49268617021276595,0.6724137931034483,0.30762489044697633,0.3557800224466891,0.5657225853304285,0.06435643564356436,0.0,0.0,0.007462686567164179,0.6858789625360231
hier_clust,10,100,average,False,3705,7520,0.49268617021276595,0.9344827586206896,0.0026292725679228747,0.4180695847362514,0.5076252723311547,0.39603960396039606,0.08333333333333333,0.0,0.3582089552238806,0.5576368876080692
hier_clust,20,100,weighted,True,3705,7520,0.49268617021276595,0.7986206896551724,0.3619631901840491,0.27497194163860833,0.59840232389252,0.31683168316831684,0.0,0.0,0.3582089552238806,0.5100864553314121
hier_clust,4,30,complete,True,3705,7520,0.49268617021276595,0.7779310344827586,0.4049079754601227,0.3496071829405163,0.5134350036310821,0.04455445544554455,0.0,0.0,0.0,0.5590778097982709
hier_clust,4,32,complete,True,3705,7520,0.49268617021276595,0.7779310344827586,0.4049079754601227,0.3496071829405163,0.5134350036310821,0.04455445544554455,0.0,0.0,0.0,0.5590778097982709
hier_clust,3,25,average,True,3705,7520,0.49268617021276595,0.6724137931034483,0.30762489044697633,0.3557800224466891,0.5657225853304285,0.06435643564356436,0.0,0.0,0.007462686567164179,0.6858789625360231
hier_clust,2,27,average,True,3703,7520,0.49242021276595743,0.7793103448275862,0.38562664329535495,0.25308641975308643,0.5896877269426289,0.1782178217821782,0.0,0.0,0.014925373134328358,0.5994236311239193
hier_clust,4,48,centroid,True,3703,7520,0.49242021276595743,0.7310344827586207,0.5241016652059597,0.19809203142536475,0.5533769063180828,0.039603960396039604,0.0,0.0,0.0,0.6642651296829971
hier_clust,20,20,ward,True,3703,7520,0.49242021276595743,0.7627586206896552,0.39614373356704646,0.28619528619528617,0.4756717501815541,0.0,0.0,0.0,0.0,0.7060518731988472
hier_clust,3,35,weighted,False,3703,7520,0.49242021276595743,0.7855172413793103,0.02366345311130587,0.49719416386083054,0.4756717501815541,0.13861386138613863,0.0,0.0,0.0,0.6974063400576369
hier_clust,10,72,weighted,True,3703,7520,0.49242021276595743,0.8468965517241379,0.2357581069237511,0.34736251402918067,0.5090777051561365,0.3465346534653465,0.0,0.0,0.1791044776119403,0.5706051873198847
hier_clust,2,18,ward,True,3703,7520,0.49242021276595743,0.713103448275862,0.3970201577563541,0.3439955106621773,0.49310094408133626,0.0,0.0,0.0,0.0,0.6657060518731989
hier_clust,2,17,ward,True,3703,7520,0.49242021276595743,0.713103448275862,0.3970201577563541,0.3439955106621773,0.49310094408133626,0.0,0.0,0.0,0.0,0.6657060518731989
hier_clust,2,15,ward,True,3703,7520,0.49242021276595743,0.713103448275862,0.3970201577563541,0.3439955106621773,0.49310094408133626,0.0,0.0,0.0,0.0,0.6657060518731989
hier_clust,4,41,weighted,False,3702,7520,0.4922872340425532,0.8262068965517242,0.3339176161262051,0.40179573512906847,0.5468409586056645,0.09900990099009901,0.0,0.0,0.30597014925373134,0.4272334293948127
hier_clust,4,45,centroid,True,3702,7520,0.4922872340425532,0.7310344827586207,0.5276073619631901,0.19528619528619529,0.5533769063180828,0.039603960396039604,0.0,0.0,0.0,0.6642651296829971
hier_clust,False,13,ward,True,3702,7520,0.4922872340425532,0.7613793103448275,0.3689745836985101,0.3254769921436588,0.48729121278140886,0.0,0.0,0.0,0.0,0.6671469740634006
hier_clust,3,45,weighted,True,3701,7520,0.4921542553191489,0.7427586206896551,0.4215600350569676,0.2822671156004489,0.5352214960058097,0.14356435643564355,0.0,0.0,0.007462686567164179,0.6289625360230547
hier_clust,3,41,weighted,True,3701,7520,0.4921542553191489,0.7427586206896551,0.4215600350569676,0.2822671156004489,0.5352214960058097,0.14356435643564355,0.0,0.0,0.007462686567164179,0.6289625360230547
hier_clust,3,48,weighted,True,3701,7520,0.4921542553191489,0.7427586206896551,0.4215600350569676,0.2833894500561167,0.5337690631808278,0.14356435643564355,0.0,0.0,0.007462686567164179,0.6289625360230547
hier_clust,2,12,median,False,3701,7520,0.4921542553191489,0.6882758620689655,0.4802804557405784,0.2676767676767677,0.6608569353667393,0.0,0.0,0.0,0.0,0.553314121037464
hier_clust,10,92,average,False,3700,7520,0.4920212765957447,0.9344827586206896,0.0026292725679228747,0.41245791245791247,0.5068990559186638,0.39603960396039606,0.08333333333333333,0.0,0.3582089552238806,0.5619596541786743
hier_clust,20,100,complete,True,3699,7520,0.49188829787234045,0.743448275862069,0.39263803680981596,0.36307519640852975,0.533042846768337,0.2623762376237624,0.0,0.0,0.09701492537313433,0.5230547550432276
hier_clust,3,13,complete,False,3699,7520,0.49188829787234045,0.7744827586206896,0.32690622261174407,0.377665544332211,0.48729121278140886,0.0,0.0,0.0,0.0,0.6188760806916427
hier_clust,5,12,ward,True,3698,7520,0.49175531914893617,0.6517241379310345,0.4233128834355828,0.25813692480359146,0.5976761074800291,0.0,0.0,0.0,0.0,0.7110951008645533
hier_clust,3,38,complete,True,3698,7520,0.49175531914893617,0.7544827586206897,0.3470639789658195,0.2570145903479237,0.635439360929557,0.1188118811881188,0.0,0.0,0.0,0.6131123919308358
hier_clust,20,92,weighted,True,3698,7520,0.49175531914893617,0.7986206896551724,0.3619631901840491,0.2665544332210999,0.59840232389252,0.3415841584158416,0.0,0.0,0.3582089552238806,0.5122478386167147
hier_clust,5,100,median,True,3697,7520,0.49162234042553193,0.7986206896551724,0.287467134092901,0.3271604938271605,0.616557734204793,0.07425742574257425,0.0,0.0,0.007462686567164179,0.5497118155619597
hier_clust,2,10,ward,False,3696,7520,0.49148936170212765,0.6344827586206897,0.2427695004382121,0.43546576879910215,0.5802469135802469,0.0,0.0,0.0,0.0,0.6657060518731989
hier_clust,3,35,complete,True,3695,7520,0.4913563829787234,0.7544827586206897,0.3470639789658195,0.2721661054994388,0.635439360929557,0.1188118811881188,0.0,0.0,0.0,0.5914985590778098
hier_clust,3,32,complete,True,3695,7520,0.4913563829787234,0.7544827586206897,0.3470639789658195,0.2721661054994388,0.6281771968046478,0.16831683168316833,0.0,0.0,0.0,0.5914985590778098
hier_clust,5,25,median,False,3694,7520,0.49122340425531913,0.6055172413793104,0.6108676599474145,0.15768799102132436,0.5577342047930284,0.13366336633663367,0.0,0.0,0.0,0.7514409221902018
hier_clust,5,9,ward,False,3693,7520,0.4910904255319149,0.7351724137931035,0.3444347063978966,0.21099887766554434,0.6267247639796659,0.0,0.0,0.0,0.0,0.7168587896253602
hier_clust,5,11,ward,True,3693,7520,0.4910904255319149,0.6517241379310345,0.4233128834355828,0.3052749719416386,0.533042846768337,0.0,0.0,0.0,0.0,0.7110951008645533
hier_clust,10,14,ward,False,3693,7520,0.4910904255319149,0.6075862068965517,0.4198071866783523,0.2328843995510662,0.6579520697167756,0.3564356435643564,0.0,0.0,0.0,0.6772334293948127
hier_clust,4,17,complete,False,3693,7520,0.4910904255319149,0.7393103448275862,0.2743207712532866,0.3108866442199775,0.5265068990559186,0.13366336633663367,0.0,0.0,0.0,0.7219020172910663
hier_clust,2,10,complete,True,3692,7520,0.4909574468085106,0.7758620689655172,0.3978965819456617,0.08641975308641975,0.7450980392156863,0.0,0.0,0.0,0.0,0.6721902017291066
hier_clust,2,9,complete,True,3692,7520,0.4909574468085106,0.7758620689655172,0.3978965819456617,0.08641975308641975,0.7450980392156863,0.0,0.0,0.0,0.0,0.6721902017291066
hier_clust,10,13,ward,False,3692,7520,0.4909574468085106,0.6075862068965517,0.4198071866783523,0.2328843995510662,0.7095134350036311,0.0,0.0,0.0,0.0,0.6772334293948127
hier_clust,5,23,median,False,3691,7520,0.4908244680851064,0.613103448275862,0.5985977212971078,0.15768799102132436,0.5577342047930284,0.13366336633663367,0.0,0.0,0.0,0.7514409221902018
hier_clust,10,85,average,False,3690,7520,0.49069148936170215,0.9337931034482758,0.0017528483786152498,0.40404040404040403,0.5105301379811183,0.40594059405940597,0.08333333333333333,0.0,0.3582089552238806,0.5619596541786743
hier_clust,5,92,median,True,3690,7520,0.49069148936170215,0.7979310344827586,0.287467134092901,0.3176206509539843,0.6245461147421931,0.07425742574257425,0.0,0.0,0.007462686567164179,0.5497118155619597
hier_clust,2,25,average,True,3689,7520,0.49055851063829786,0.7793103448275862,0.3312883435582822,0.28114478114478114,0.5896877269426289,0.1782178217821782,0.0,0.0,0.0,0.5994236311239193
hier_clust,2,23,average,True,3688,7520,0.49042553191489363,0.7793103448275862,0.3312883435582822,0.28114478114478114,0.5860566448801743,0.19801980198019803,0.0,0.0,0.0,0.5994236311239193
hier_clust,2,14,complete,False,3688,7520,0.49042553191489363,0.6648275862068965,0.37949167397020156,0.287317620650954,0.6383442265795207,0.0,0.0,0.0,0.0,0.6484149855907781
hier_clust,3,32,median,True,3688,7520,0.49042553191489363,0.8241379310344827,0.147239263803681,0.36251402918069586,0.579520697167756,0.13366336633663367,0.0,0.0,0.03731343283582089,0.611671469740634
hier_clust,2,15,complete,False,3688,7520,0.49042553191489363,0.6648275862068965,0.37949167397020156,0.287317620650954,0.6383442265795207,0.0,0.0,0.0,0.0,0.6484149855907781
hier_clust,4,38,weighted,True,3688,7520,0.49042553191489363,0.6841379310344827,0.2839614373356705,0.40852974186307517,0.5344952795933188,0.04950495049504951,0.0,0.0,0.20149253731343283,0.627521613832853
hier_clust,4,41,weighted,True,3688,7520,0.49042553191489363,0.6841379310344827,0.2839614373356705,0.40852974186307517,0.5344952795933188,0.04950495049504951,0.0,0.0,0.20149253731343283,0.627521613832853
hier_clust,4,45,weighted,True,3688,7520,0.49042553191489363,0.6841379310344827,0.2839614373356705,0.40852974186307517,0.5344952795933188,0.04950495049504951,0.0,0.0,0.20149253731343283,0.627521613832853
hier_clust,2,20,weighted,True,3687,7520,0.49029255319148934,0.6772413793103448,0.26730937773882557,0.46296296296296297,0.45751633986928103,0.1485148514851485,0.0,0.0,0.0,0.659221902017291
hier_clust,False,92,complete,True,3686,7520,0.4901595744680851,0.7910344827586206,0.27957931638913236,0.4074074074074074,0.5867828612926652,0.2623762376237624,0.0,0.0,0.12686567164179105,0.4438040345821326
hier_clust,3,38,weighted,True,3686,7520,0.4901595744680851,0.7620689655172413,0.3838737949167397,0.2822671156004489,0.5352214960058097,0.14356435643564355,0.0,0.0,0.007462686567164179,0.6289625360230547
hier_clust,3,30,median,True,3685,7520,0.4900265957446808,0.8241379310344827,0.147239263803681,0.367003367003367,0.5715323166303559,0.13366336633663367,0.0,0.0,0.03731343283582089,0.611671469740634
hier_clust,4,27,complete,True,3685,7520,0.4900265957446808,0.7779310344827586,0.4022787028921998,0.287317620650954,0.5816993464052288,0.04455445544554455,0.0,0.0,0.0,0.5590778097982709
hier_clust,4,38,centroid,True,3684,7520,0.4898936170212766,0.7310344827586207,0.5276073619631901,0.19640852974186307,0.5388525780682644,0.039603960396039604,0.0,0.0,0.0,0.6642651296829971
hier_clust,10,11,ward,False,3684,7520,0.4898936170212766,0.6496551724137931,0.3593339176161262,0.2328843995510662,0.7095134350036311,0.0,0.0,0.0,0.0,0.6772334293948127
hier_clust,3,30,weighted,False,3684,7520,0.4898936170212766,0.7910344827586206,0.0,0.49719416386083054,0.4756717501815541,0.13861386138613863,0.0,0.0,0.0,0.6974063400576369
hier_clust,3,32,weighted,False,3684,7520,0.4898936170212766,0.7910344827586206,0.0,0.49719416386083054,0.4756717501815541,0.13861386138613863,0.0,0.0,0.0,0.6974063400576369
hier_clust,4,15,ward,True,3684,7520,0.4898936170212766,0.6510344827586206,0.3567046450482033,0.25813692480359146,0.6180101670297748,0.0,0.0,0.0,0.0,0.7363112391930836
hier_clust,4,41,centroid,True,3684,7520,0.4898936170212766,0.7310344827586207,0.5276073619631901,0.19865319865319866,0.5359477124183006,0.039603960396039604,0.0,0.0,0.0,0.6642651296829971
hier_clust,10,12,ward,False,3684,7520,0.4898936170212766,0.6496551724137931,0.3593339176161262,0.2328843995510662,0.7095134350036311,0.0,0.0,0.0,0.0,0.6772334293948127
hier_clust,10,21,ward,True,3683,7520,0.48976063829787236,0.7572413793103449,0.5039439088518843,0.18799102132435466,0.5976761074800291,0.4603960396039604,0.0,0.0,0.0,0.5468299711815562
hier_clust,10,20,ward,True,3683,7520,0.48976063829787236,0.7572413793103449,0.5039439088518843,0.18799102132435466,0.5976761074800291,0.4603960396039604,0.0,0.0,0.0,0.5468299711815562
hier_clust,5,61,weighted,False,3683,7520,0.48976063829787236,0.8372413793103448,0.2909728308501315,0.2671156004489338,0.5867828612926652,0.18811881188118812,0.0,0.0,0.0,0.5871757925072046
hier_clust,2,14,ward,True,3682,7520,0.4896276595744681,0.713103448275862,0.3970201577563541,0.31032547699214363,0.49310094408133626,0.0,0.0,0.0,0.0,0.6938040345821326
hier_clust,5,67,centroid,True,3682,7520,0.4896276595744681,0.7186206896551725,0.2322524101665206,0.43434343434343436,0.4538852578068264,0.15346534653465346,0.0,0.0,0.0,0.680835734870317
hier_clust,2,13,ward,True,3682,7520,0.4896276595744681,0.713103448275862,0.3970201577563541,0.31032547699214363,0.49310094408133626,0.0,0.0,0.0,0.0,0.6938040345821326
hier_clust,5,21,median,False,3682,7520,0.4896276595744681,0.613103448275862,0.5985977212971078,0.15768799102132436,0.5708061002178649,0.0,0.0,0.0,0.0,0.7514409221902018
hier_clust,10,18,ward,True,3681,7520,0.48949468085106385,0.7572413793103449,0.5039439088518843,0.18799102132435466,0.663761801016703,0.0,0.0,0.0,0.0,0.5468299711815562
hier_clust,20,18,ward,True,3681,7520,0.48949468085106385,0.7627586206896552,0.39614373356704646,0.28619528619528617,0.4422657952069717,0.0,0.0,0.0,0.0,0.723342939481268
hier_clust,2,21,average,True,3680,7520,0.48936170212765956,0.7793103448275862,0.3312883435582822,0.2716049382716049,0.5925925925925926,0.19801980198019803,0.0,0.0,0.0,0.5994236311239193
hier_clust,5,57,weighted,False,3680,7520,0.48936170212765956,0.8372413793103448,0.2909728308501315,0.26262626262626265,0.5904139433551199,0.18811881188118812,0.0,0.0,0.0,0.5871757925072046
hier_clust,4,10,ward,False,3679,7520,0.48922872340425533,0.6772413793103448,0.2007011393514461,0.4399551066217733,0.4538852578068264,0.0,0.0,0.0,0.0,0.7629682997118156
hier_clust,4,38,weighted,False,3679,7520,0.48922872340425533,0.8262068965517242,0.26643295354951796,0.4292929292929293,0.5468409586056645,0.09900990099009901,0.0,0.0,0.3358208955223881,0.42795389048991356
hier_clust,20,85,weighted,True,3679,7520,0.48922872340425533,0.7986206896551724,0.3619631901840491,0.2721661054994388,0.5773420479302832,0.3415841584158416,0.0,0.0,0.3582089552238806,0.5122478386167147
hier_clust,2,20,average,True,3679,7520,0.48922872340425533,0.7641379310344828,0.3496932515337423,0.2716049382716049,0.5925925925925926,0.19801980198019803,0.0,0.0,0.0,0.5994236311239193
hier_clust,4,35,centroid,True,3678,7520,0.48909574468085104,0.7310344827586207,0.5276073619631901,0.18686868686868688,0.5504720406681191,0.01485148514851485,0.0,0.0,0.0,0.6642651296829971
hier_clust,5,61,centroid,True,3678,7520,0.48909574468085104,0.7186206896551725,0.2322524101665206,0.43546576879910215,0.4538852578068264,0.15346534653465346,0.0,0.0,0.0,0.6765129682997119
hier_clust,5,85,median,True,3677,7520,0.4889627659574468,0.7979310344827586,0.287467134092901,0.29741863075196406,0.6412490922294843,0.07425742574257425,0.0,0.0,0.007462686567164179,0.5497118155619597
hier_clust,3,27,weighted,False,3677,7520,0.4889627659574468,0.7910344827586206,0.0,0.4668911335578002,0.5098039215686274,0.13861386138613863,0.0,0.0,0.0,0.6974063400576369
hier_clust,3,25,weighted,False,3676,7520,0.4888297872340426,0.7910344827586206,0.0,0.45454545454545453,0.5250544662309368,0.13861386138613863,0.0,0.0,0.0,0.6974063400576369
hier_clust,3,23,weighted,False,3675,7520,0.4886968085106383,0.7910344827586206,0.0,0.45454545454545453,0.5127087872185911,0.21782178217821782,0.0,0.0,0.0,0.6974063400576369
hier_clust,5,78,median,True,3674,7520,0.48856382978723406,0.7979310344827586,0.287467134092901,0.2957351290684624,0.6412490922294843,0.07425742574257425,0.0,0.0,0.007462686567164179,0.5497118155619597
hier_clust,2,18,weighted,False,3674,7520,0.48856382978723406,0.5813793103448276,0.5828220858895705,0.31425364758698093,0.5228758169934641,0.034653465346534656,0.0,0.0,0.3880597014925373,0.595821325648415
hier_clust,10,52,complete,True,3672,7520,0.48829787234042554,0.7441379310344828,0.4119193689745837,0.30134680134680136,0.5381263616557734,0.22277227722772278,0.0,0.0,0.13432835820895522,0.5634005763688761
hier_clust,5,7,ward,False,3672,7520,0.48829787234042554,0.7351724137931035,0.21910604732690622,0.27946127946127947,0.6267247639796659,0.0,0.0,0.0,0.0,0.7168587896253602
hier_clust,4,35,weighted,True,3672,7520,0.48829787234042554,0.6841379310344827,0.2839614373356705,0.3771043771043771,0.5635439360929557,0.04950495049504951,0.0,0.0,0.20149253731343283,0.627521613832853
hier_clust,5,8,ward,False,3672,7520,0.48829787234042554,0.7351724137931035,0.21910604732690622,0.27946127946127947,0.6267247639796659,0.0,0.0,0.0,0.0,0.7168587896253602
hier_clust,3,30,complete,True,3671,7520,0.48816489361702126,0.7544827586206897,0.3470639789658195,0.24017957351290684,0.6521423384168482,0.16831683168316833,0.0,0.0,0.0,0.5914985590778098
hier_clust,4,85,median,True,3670,7520,0.488031914893617,0.7917241379310345,0.32515337423312884,0.44388327721661053,0.44153957879448075,0.17326732673267325,0.0,0.0,0.04477611940298507,0.5122478386167147
hier_clust,2,7,ward,False,3670,7520,0.488031914893617,0.8075862068965517,0.0,0.43546576879910215,0.5802469135802469,0.0,0.0,0.0,0.0,0.6657060518731989
hier_clust,2,8,ward,False,3670,7520,0.488031914893617,0.8075862068965517,0.0,0.43546576879910215,0.5802469135802469,0.0,0.0,0.0,0.0,0.6657060518731989
hier_clust,2,9,ward,False,3670,7520,0.488031914893617,0.8075862068965517,0.0,0.43546576879910215,0.5802469135802469,0.0,0.0,0.0,0.0,0.6657060518731989
hier_clust,3,27,complete,True,3669,7520,0.4878989361702128,0.7544827586206897,0.3470639789658195,0.2356902356902357,0.6564996368917938,0.16831683168316833,0.0,0.0,0.0,0.5914985590778098
hier_clust,5,52,weighted,False,3669,7520,0.4878989361702128,0.8372413793103448,0.2909728308501315,0.27048260381593714,0.6049382716049383,0.18811881188118812,0.0,0.0,0.0,0.5547550432276657
hier_clust,4,35,weighted,False,3668,7520,0.4877659574468085,0.8262068965517242,0.26643295354951796,0.43209876543209874,0.5352214960058097,0.09900990099009901,0.0,0.0,0.3358208955223881,0.42795389048991356
hier_clust,5,32,centroid,False,3668,7520,0.4877659574468085,0.8379310344827586,0.0,0.4298540965207632,0.5439360929557008,0.04455445544554455,0.0,0.0,0.007462686567164179,0.6685878962536023
hier_clust,4,78,median,True,3668,7520,0.4877659574468085,0.7917241379310345,0.32515337423312884,0.44107744107744107,0.44153957879448075,0.17326732673267325,0.0,0.0,0.04477611940298507,0.5144092219020173
hier_clust,2,14,centroid,True,3666,7520,0.4875,0.786896551724138,0.0,0.4567901234567901,0.5737109658678287,0.06930693069306931,0.0,0.0,0.0,0.6534582132564841
hier_clust,2,15,centroid,True,3666,7520,0.4875,0.786896551724138,0.0,0.4567901234567901,0.5737109658678287,0.06930693069306931,0.0,0.0,0.0,0.6534582132564841
hier_clust,4,32,centroid,True,3665,7520,0.48736702127659576,0.7310344827586207,0.5276073619631901,0.1750841750841751,0.5504720406681191,0.01485148514851485,0.0,0.0,0.0,0.670028818443804
hier_clust,5,72,median,True,3665,7520,0.48736702127659576,0.7979310344827586,0.287467134092901,0.2957351290684624,0.6318082788671024,0.07425742574257425,0.0,0.0,0.007462686567164179,0.5525936599423631
hier_clust,10,78,average,False,3665,7520,0.48736702127659576,0.9337931034482758,0.0017528483786152498,0.40852974186307517,0.4865649963689179,0.40594059405940597,0.08333333333333333,0.0,0.3582089552238806,0.5619596541786743
hier_clust,2,13,centroid,True,3664,7520,0.48723404255319147,0.786896551724138,0.0,0.4556677890011223,0.5737109658678287,0.06930693069306931,0.0,0.0,0.0,0.6534582132564841
hier_clust,5,48,weighted,False,3664,7520,0.48723404255319147,0.8393103448275862,0.2909728308501315,0.265993265993266,0.6049382716049383,0.18811881188118812,0.0,0.0,0.0,0.5547550432276657
hier_clust,False,85,complete,True,3664,7520,0.48723404255319147,0.7910344827586206,0.27957931638913236,0.4046015712682379,0.5664488017429193,0.2623762376237624,0.0,0.0,0.12686567164179105,0.45172910662824206
hier_clust,4,27,centroid,True,3664,7520,0.48723404255319147,0.7310344827586207,0.5276073619631901,0.1745230078563412,0.5504720406681191,0.01485148514851485,0.0,0.0,0.0,0.670028818443804
hier_clust,4,30,centroid,True,3664,7520,0.48723404255319147,0.7310344827586207,0.5276073619631901,0.1745230078563412,0.5504720406681191,0.01485148514851485,0.0,0.0,0.0,0.670028818443804
hier_clust,False,8,ward,False,3662,7520,0.48696808510638295,0.7986206896551724,0.36108676599474143,0.23007856341189675,0.5453885257806826,0.0,0.0,0.0,0.0,0.670749279538905
hier_clust,False,12,ward,False,3662,7520,0.48696808510638295,0.7986206896551724,0.36108676599474143,0.27441077441077444,0.5453885257806826,0.0,0.0,0.0,0.0,0.6138328530259366
hier_clust,False,15,ward,False,3662,7520,0.48696808510638295,0.7986206896551724,0.36108676599474143,0.27441077441077444,0.5453885257806826,0.0,0.0,0.0,0.0,0.6138328530259366
hier_clust,False,9,ward,False,3662,7520,0.48696808510638295,0.7986206896551724,0.36108676599474143,0.23007856341189675,0.5453885257806826,0.0,0.0,0.0,0.0,0.670749279538905
hier_clust,False,13,ward,False,3662,7520,0.48696808510638295,0.7986206896551724,0.36108676599474143,0.27441077441077444,0.5453885257806826,0.0,0.0,0.0,0.0,0.6138328530259366
hier_clust,False,11,ward,False,3662,7520,0.48696808510638295,0.7986206896551724,0.36108676599474143,0.23007856341189675,0.5453885257806826,0.0,0.0,0.0,0.0,0.670749279538905
hier_clust,False,14,ward,False,3662,7520,0.48696808510638295,0.7986206896551724,0.36108676599474143,0.27441077441077444,0.5453885257806826,0.0,0.0,0.0,0.0,0.6138328530259366
hier_clust,False,10,ward,False,3662,7520,0.48696808510638295,0.7986206896551724,0.36108676599474143,0.23007856341189675,0.5453885257806826,0.0,0.0,0.0,0.0,0.670749279538905
hier_clust,2,11,centroid,True,3661,7520,0.4868351063829787,0.786896551724138,0.0,0.43209876543209874,0.5737109658678287,0.06930693069306931,0.0,0.0,0.0,0.6815561959654178
hier_clust,2,9,centroid,True,3661,7520,0.4868351063829787,0.786896551724138,0.0,0.43209876543209874,0.5737109658678287,0.06930693069306931,0.0,0.0,0.0,0.6815561959654178
hier_clust,2,10,centroid,True,3661,7520,0.4868351063829787,0.786896551724138,0.0,0.43209876543209874,0.5737109658678287,0.06930693069306931,0.0,0.0,0.0,0.6815561959654178
hier_clust,5,30,centroid,False,3661,7520,0.4868351063829787,0.8379310344827586,0.0,0.3484848484848485,0.6092955700798838,0.04455445544554455,0.0,0.0,0.007462686567164179,0.7031700288184438
hier_clust,2,12,centroid,True,3661,7520,0.4868351063829787,0.786896551724138,0.0,0.43209876543209874,0.5737109658678287,0.06930693069306931,0.0,0.0,0.0,0.6815561959654178
hier_clust,2,38,median,True,3661,7520,0.4868351063829787,0.6689655172413793,0.12357581069237511,0.35409652076318743,0.6187363834422658,0.1188118811881188,0.0,0.0,0.1791044776119403,0.734149855907781
hier_clust,2,18,weighted,True,3660,7520,0.4867021276595745,0.6772413793103448,0.17353198948290974,0.5078563411896745,0.45751633986928103,0.1485148514851485,0.0,0.0,0.0,0.659221902017291
hier_clust,4,32,centroid,False,3660,7520,0.4867021276595745,0.8103448275862069,0.020157756354075372,0.4079685746352413,0.5519244734931009,0.07920792079207921,0.0,0.0,0.31343283582089554,0.6606628242074928
hier_clust,2,8,centroid,True,3658,7520,0.486436170212766,0.786896551724138,0.0,0.3658810325476992,0.6572258533042846,0.06930693069306931,0.0,0.0,0.0,0.6815561959654178
hier_clust,10,17,ward,True,3658,7520,0.486436170212766,0.7572413793103449,0.5039439088518843,0.234006734006734,0.5875090777051561,0.0,0.0,0.0,0.0,0.5468299711815562
hier_clust,5,45,weighted,False,3658,7520,0.486436170212766,0.8393103448275862,0.2909728308501315,0.2738496071829405,0.5904139433551199,0.18811881188118812,0.0,0.0,0.0,0.5547550432276657
hier_clust,5,10,ward,True,3657,7520,0.4863031914893617,0.6517241379310345,0.4233128834355828,0.1936026936026936,0.6514161220043573,0.0,0.0,0.0,0.0,0.7110951008645533
hier_clust,5,27,centroid,False,3656,7520,0.48617021276595745,0.8379310344827586,0.0,0.4012345679012346,0.5374001452432825,0.04455445544554455,0.0,0.0,0.007462686567164179,0.7031700288184438
hier_clust,3,15,ward,True,3656,7520,0.48617021276595745,0.7937931034482759,0.42506573181419804,0.2362514029180696,0.5148874364560639,0.0,0.0,0.0,0.0,0.6412103746397695
hier_clust,4,25,average,True,3656,7520,0.48617021276595745,0.7827586206896552,0.32602979842243646,0.3338945005611672,0.4625998547567175,0.14356435643564355,0.0,0.0,0.0,0.6397694524495677
hier_clust,3,12,ward,True,3656,7520,0.48617021276595745,0.7937931034482759,0.42506573181419804,0.2362514029180696,0.5148874364560639,0.0,0.0,0.0,0.0,0.6412103746397695
hier_clust,3,13,ward,True,3656,7520,0.48617021276595745,0.7937931034482759,0.42506573181419804,0.2362514029180696,0.5148874364560639,0.0,0.0,0.0,0.0,0.6412103746397695
hier_clust,3,14,ward,True,3656,7520,0.48617021276595745,0.7937931034482759,0.42506573181419804,0.2362514029180696,0.5148874364560639,0.0,0.0,0.0,0.0,0.6412103746397695
hier_clust,3,11,ward,True,3656,7520,0.48617021276595745,0.7937931034482759,0.42506573181419804,0.2362514029180696,0.5148874364560639,0.0,0.0,0.0,0.0,0.6412103746397695
hier_clust,5,57,centroid,True,3656,7520,0.48617021276595745,0.7186206896551725,0.2322524101665206,0.4068462401795735,0.4538852578068264,0.1782178217821782,0.0,0.0,0.0,0.6938040345821326
hier_clust,5,21,centroid,False,3655,7520,0.48603723404255317,0.8379310344827586,0.0,0.4001122334455668,0.5381263616557734,0.04455445544554455,0.0,0.0,0.007462686567164179,0.7031700288184438
hier_clust,5,52,centroid,True,3655,7520,0.48603723404255317,0.7186206896551725,0.2322524101665206,0.4062850729517396,0.4538852578068264,0.1782178217821782,0.0,0.0,0.0,0.6938040345821326
hier_clust,10,72,average,False,3655,7520,0.48603723404255317,0.9337931034482758,0.0017528483786152498,0.4107744107744108,0.49019607843137253,0.3118811881188119,0.08333333333333333,0.0,0.3582089552238806,0.5619596541786743
hier_clust,5,25,centroid,False,3655,7520,0.48603723404255317,0.8379310344827586,0.0,0.4001122334455668,0.5381263616557734,0.04455445544554455,0.0,0.0,0.007462686567164179,0.7031700288184438
hier_clust,5,23,centroid,False,3655,7520,0.48603723404255317,0.8379310344827586,0.0,0.4001122334455668,0.5381263616557734,0.04455445544554455,0.0,0.0,0.007462686567164179,0.7031700288184438
hier_clust,20,78,weighted,True,3655,7520,0.48603723404255317,0.7986206896551724,0.3619631901840491,0.25196408529741865,0.5773420479302832,0.3316831683168317,0.0,0.0,0.3582089552238806,0.5223342939481268
hier_clust,10,14,ward,True,3655,7520,0.48603723404255317,0.7572413793103449,0.5039439088518843,0.186307519640853,0.5875090777051561,0.0,0.0,0.0,0.0,0.6059077809798271
hier_clust,10,15,ward,True,3655,7520,0.48603723404255317,0.7572413793103449,0.5039439088518843,0.186307519640853,0.5875090777051561,0.0,0.0,0.0,0.0,0.6059077809798271
hier_clust,10,13,ward,True,3654,7520,0.48590425531914894,0.7572413793103449,0.5039439088518843,0.24579124579124578,0.5098039215686274,0.0,0.0,0.0,0.0,0.6059077809798271
hier_clust,10,12,ward,True,3654,7520,0.48590425531914894,0.7572413793103449,0.5039439088518843,0.24579124579124578,0.5098039215686274,0.0,0.0,0.0,0.0,0.6059077809798271
hier_clust,2,17,weighted,True,3654,7520,0.48590425531914894,0.7662068965517241,0.17353198948290974,0.5078563411896745,0.45751633986928103,0.1485148514851485,0.0,0.0,0.0,0.5619596541786743
hier_clust,2,13,weighted,True,3652,7520,0.4856382978723404,0.7662068965517241,0.17353198948290974,0.5078563411896745,0.47785039941902685,0.0,0.0,0.0,0.0,0.5619596541786743
hier_clust,2,12,weighted,True,3652,7520,0.4856382978723404,0.7662068965517241,0.17353198948290974,0.5078563411896745,0.47785039941902685,0.0,0.0,0.0,0.0,0.5619596541786743
hier_clust,10,57,complete,False,3652,7520,0.4856382978723404,0.756551724137931,0.37949167397020156,0.31313131313131315,0.6201888162672476,0.21782178217821782,0.0,0.0,0.0,0.47982708933717577
hier_clust,2,15,weighted,True,3652,7520,0.4856382978723404,0.7662068965517241,0.17353198948290974,0.5078563411896745,0.47785039941902685,0.0,0.0,0.0,0.0,0.5619596541786743
hier_clust,2,14,weighted,True,3652,7520,0.4856382978723404,0.7662068965517241,0.17353198948290974,0.5078563411896745,0.47785039941902685,0.0,0.0,0.0,0.0,0.5619596541786743
hier_clust,10,8,ward,True,3651,7520,0.4855053191489362,0.7572413793103449,0.39526730937773885,0.31369248035914704,0.5098039215686274,0.0,0.0,0.0,0.0,0.6059077809798271
hier_clust,5,17,complete,False,3651,7520,0.4855053191489362,0.8882758620689655,0.12269938650306748,0.37093153759820424,0.4596949891067538,0.0,0.0,0.0,0.0,0.6693083573487032
hier_clust,10,11,ward,True,3651,7520,0.4855053191489362,0.7572413793103449,0.39526730937773885,0.31369248035914704,0.5098039215686274,0.0,0.0,0.0,0.0,0.6059077809798271
hier_clust,10,10,ward,True,3651,7520,0.4855053191489362,0.7572413793103449,0.39526730937773885,0.31369248035914704,0.5098039215686274,0.0,0.0,0.0,0.0,0.6059077809798271
hier_clust,4,14,ward,True,3651,7520,0.4855053191489362,0.6510344827586206,0.3567046450482033,0.30303030303030304,0.5359477124183006,0.0,0.0,0.0,0.0,0.7363112391930836
hier_clust,10,9,ward,True,3651,7520,0.4855053191489362,0.7572413793103449,0.39526730937773885,0.31369248035914704,0.5098039215686274,0.0,0.0,0.0,0.0,0.6059077809798271
hier_clust,20,14,ward,False,3650,7520,0.4853723404255319,0.6531034482758621,0.45574057843996496,0.2025813692480359,0.5519244734931009,0.0,0.0,0.0,0.3880597014925373,0.7276657060518732
hier_clust,20,13,ward,False,3650,7520,0.4853723404255319,0.6531034482758621,0.45574057843996496,0.2025813692480359,0.5519244734931009,0.0,0.0,0.0,0.3880597014925373,0.7276657060518732
hier_clust,5,48,centroid,True,3649,7520,0.48523936170212767,0.7179310344827586,0.2322524101665206,0.4046015712682379,0.4567901234567901,0.1485148514851485,0.0,0.0,0.0,0.6938040345821326
hier_clust,False,12,ward,True,3648,7520,0.4851063829787234,0.6268965517241379,0.4925503943908852,0.3254769921436588,0.48729121278140886,0.0,0.0,0.0,0.0,0.6671469740634006
hier_clust,False,6,ward,False,3646,7520,0.4848404255319149,0.7986206896551724,0.0,0.45230078563411896,0.5453885257806826,0.0,0.0,0.0,0.0,0.670749279538905
hier_clust,False,5,ward,False,3646,7520,0.4848404255319149,0.7986206896551724,0.0,0.45230078563411896,0.5453885257806826,0.0,0.0,0.0,0.0,0.670749279538905
hier_clust,False,4,ward,False,3646,7520,0.4848404255319149,0.7986206896551724,0.0,0.45230078563411896,0.5453885257806826,0.0,0.0,0.0,0.0,0.670749279538905
hier_clust,False,7,ward,False,3646,7520,0.4848404255319149,0.7986206896551724,0.0,0.45230078563411896,0.5453885257806826,0.0,0.0,0.0,0.0,0.670749279538905
hier_clust,4,72,median,True,3645,7520,0.48470744680851063,0.7917241379310345,0.32515337423312884,0.42592592592592593,0.4691358024691358,0.15346534653465346,0.0,0.0,0.0,0.49711815561959655
hier_clust,2,35,median,True,3645,7520,0.48470744680851063,0.6689655172413793,0.12357581069237511,0.345679012345679,0.6063907044299202,0.17326732673267325,0.0,0.0,0.1791044776119403,0.7377521613832853
hier_clust,3,23,average,True,3645,7520,0.48470744680851063,0.7696551724137931,0.13146362839614373,0.3557800224466891,0.5657225853304285,0.06435643564356436,0.0,0.0,0.007462686567164179,0.6858789625360231
hier_clust,20,12,ward,False,3644,7520,0.4845744680851064,0.6531034482758621,0.45574057843996496,0.2025813692480359,0.5853304284676834,0.0,0.0,0.0,0.0,0.7276657060518732
hier_clust,2,6,ward,False,3643,7520,0.4844414893617021,0.8075862068965517,0.0,0.4994388327721661,0.47785039941902685,0.0,0.0,0.0,0.0,0.6657060518731989
hier_clust,3,27,median,True,3643,7520,0.4844414893617021,0.8241379310344827,0.0,0.4377104377104377,0.5715323166303559,0.13366336633663367,0.0,0.0,0.03731343283582089,0.611671469740634
hier_clust,5,45,average,True,3643,7520,0.4844414893617021,0.7558620689655172,0.25766871165644173,0.4618406285072952,0.45098039215686275,0.13861386138613863,0.0,0.0,0.0,0.5626801152737753
hier_clust,5,20,median,False,3642,7520,0.4843085106382979,0.613103448275862,0.6459246275197196,0.10493827160493827,0.5708061002178649,0.0,0.0,0.0,0.0,0.7514409221902018
hier_clust,2,18,average,True,3641,7520,0.4841755319148936,0.7641379310344828,0.3496932515337423,0.21717171717171718,0.6194625998547567,0.19801980198019803,0.0,0.0,0.0,0.6152737752161384
hier_clust,2,17,average,True,3641,7520,0.4841755319148936,0.7641379310344828,0.3496932515337423,0.21717171717171718,0.6194625998547567,0.19801980198019803,0.0,0.0,0.0,0.6152737752161384
hier_clust,5,15,median,False,3640,7520,0.48404255319148937,0.613103448275862,0.6459246275197196,0.10493827160493827,0.5693536673928831,0.0,0.0,0.0,0.0,0.7514409221902018
hier_clust,5,17,median,False,3640,7520,0.48404255319148937,0.613103448275862,0.6459246275197196,0.10493827160493827,0.5693536673928831,0.0,0.0,0.0,0.0,0.7514409221902018
hier_clust,5,18,median,False,3640,7520,0.48404255319148937,0.613103448275862,0.6459246275197196,0.10493827160493827,0.5693536673928831,0.0,0.0,0.0,0.0,0.7514409221902018
hier_clust,2,11,ward,True,3640,7520,0.48404255319148937,0.713103448275862,0.23751095530236635,0.3888888888888889,0.49310094408133626,0.0,0.0,0.0,0.0,0.6938040345821326
hier_clust,2,12,ward,True,3640,7520,0.48404255319148937,0.713103448275862,0.23751095530236635,0.3888888888888889,0.49310094408133626,0.0,0.0,0.0,0.0,0.6938040345821326
hier_clust,2,10,ward,True,3640,7520,0.48404255319148937,0.713103448275862,0.23751095530236635,0.3888888888888889,0.49310094408133626,0.0,0.0,0.0,0.0,0.6938040345821326
hier_clust,5,14,median,False,3639,7520,0.4839095744680851,0.613103448275862,0.6459246275197196,0.10437710437710437,0.5693536673928831,0.0,0.0,0.0,0.0,0.7514409221902018
hier_clust,3,30,centroid,False,3639,7520,0.4839095744680851,0.6786206896551724,0.19193689745836984,0.4012345679012346,0.4749455337690632,0.18811881188118812,0.0,0.0,0.0,0.7413544668587896
hier_clust,2,32,median,True,3638,7520,0.48377659574468085,0.6689655172413793,0.12357581069237511,0.345679012345679,0.6172839506172839,0.07425742574257425,0.0,0.0,0.0,0.7536023054755043
hier_clust,3,12,ward,False,3638,7520,0.48377659574468085,0.6144827586206897,0.42857142857142855,0.3058361391694725,0.5003631082062454,0.0,0.0,0.0,0.0,0.7377521613832853
hier_clust,4,67,median,True,3638,7520,0.48377659574468085,0.7917241379310345,0.32515337423312884,0.4169472502805836,0.4749455337690632,0.15346534653465346,0.0,0.0,0.0,0.4978386167146974
hier_clust,5,45,centroid,True,3637,7520,0.4836436170212766,0.7179310344827586,0.2322524101665206,0.4046015712682379,0.46695715323166304,0.019801980198019802,0.0,0.0,0.0,0.6938040345821326
hier_clust,3,25,median,True,3637,7520,0.4836436170212766,0.8241379310344827,0.0,0.4377104377104377,0.5729847494553377,0.09405940594059406,0.0,0.0,0.03731343283582089,0.611671469740634
hier_clust,4,30,centroid,False,3637,7520,0.4836436170212766,0.8103448275862069,0.020157756354075372,0.4107744107744108,0.5388525780682644,0.0297029702970297,0.0,0.0,0.31343283582089554,0.6606628242074928
hier_clust,2,15,average,True,3637,7520,0.4836436170212766,0.7641379310344828,0.3496932515337423,0.21717171717171718,0.6230936819172114,0.15346534653465346,0.0,0.0,0.0,0.6152737752161384
hier_clust,2,14,average,True,3637,7520,0.4836436170212766,0.7641379310344828,0.3496932515337423,0.21717171717171718,0.6230936819172114,0.15346534653465346,0.0,0.0,0.0,0.6152737752161384
hier_clust,2,13,average,True,3637,7520,0.4836436170212766,0.7641379310344828,0.3496932515337423,0.21717171717171718,0.6230936819172114,0.15346534653465346,0.0,0.0,0.0,0.6152737752161384
hier_clust,4,25,complete,True,3637,7520,0.4836436170212766,0.7779310344827586,0.44609991235758106,0.23232323232323232,0.5816993464052288,0.04455445544554455,0.0,0.0,0.0,0.5590778097982709
hier_clust,3,21,average,True,3636,7520,0.48351063829787233,0.7696551724137931,0.3023663453111306,0.24130190796857465,0.5599128540305011,0.06435643564356436,0.0,0.0,0.007462686567164179,0.69164265129683
hier_clust,4,32,median,False,3636,7520,0.48351063829787233,0.6786206896551724,0.12357581069237511,0.3950617283950617,0.6942628903413217,0.0,0.0,0.0,0.0,0.6131123919308358
hier_clust,4,30,median,False,3635,7520,0.4833776595744681,0.6786206896551724,0.12357581069237511,0.3950617283950617,0.6920842411038489,0.0,0.0,0.0,0.0,0.6145533141210374
hier_clust,20,10,ward,False,3635,7520,0.4833776595744681,0.6531034482758621,0.4925503943908852,0.1739618406285073,0.5853304284676834,0.0,0.0,0.0,0.0,0.7276657060518732
hier_clust,20,9,ward,False,3635,7520,0.4833776595744681,0.6531034482758621,0.4925503943908852,0.1739618406285073,0.5853304284676834,0.0,0.0,0.0,0.0,0.7276657060518732
hier_clust,20,8,ward,False,3635,7520,0.4833776595744681,0.6531034482758621,0.4925503943908852,0.1739618406285073,0.5853304284676834,0.0,0.0,0.0,0.0,0.7276657060518732
hier_clust,4,25,centroid,False,3635,7520,0.4833776595744681,0.8103448275862069,0.020157756354075372,0.4107744107744108,0.5374001452432825,0.0297029702970297,0.0,0.0,0.31343283582089554,0.6606628242074928
hier_clust,4,27,centroid,False,3635,7520,0.4833776595744681,0.8103448275862069,0.020157756354075372,0.4107744107744108,0.5374001452432825,0.0297029702970297,0.0,0.0,0.31343283582089554,0.6606628242074928
hier_clust,4,23,complete,True,3635,7520,0.4833776595744681,0.7779310344827586,0.44609991235758106,0.23232323232323232,0.5867828612926652,0.0,0.0,0.0,0.0,0.5590778097982709
hier_clust,20,11,ward,False,3635,7520,0.4833776595744681,0.6531034482758621,0.4925503943908852,0.1739618406285073,0.5853304284676834,0.0,0.0,0.0,0.0,0.7276657060518732
hier_clust,5,14,complete,False,3635,7520,0.4833776595744681,0.8882758620689655,0.12269938650306748,0.37093153759820424,0.4422657952069717,0.0,0.0,0.0,0.0,0.6750720461095101
hier_clust,5,15,complete,False,3635,7520,0.4833776595744681,0.8882758620689655,0.12269938650306748,0.37093153759820424,0.4422657952069717,0.0,0.0,0.0,0.0,0.6750720461095101
hier_clust,2,12,average,True,3634,7520,0.4832446808510638,0.7641379310344828,0.3496932515337423,0.2738496071829405,0.5475671750181554,0.15346534653465346,0.0,0.0,0.0,0.6152737752161384
hier_clust,10,52,complete,False,3634,7520,0.4832446808510638,0.756551724137931,0.37949167397020156,0.3277216610549944,0.5882352941176471,0.21782178217821782,0.0,0.0,0.0,0.47982708933717577
hier_clust,3,20,average,True,3633,7520,0.4831117021276596,0.7696551724137931,0.3023663453111306,0.23961840628507294,0.5599128540305011,0.06435643564356436,0.0,0.0,0.007462686567164179,0.69164265129683
hier_clust,2,8,centroid,False,3631,7520,0.48284574468085106,0.8124137931034483,0.0,0.5089786756453423,0.5098039215686274,0.0,0.0,0.0,0.0,0.6080691642651297
hier_clust,2,9,centroid,False,3631,7520,0.48284574468085106,0.8124137931034483,0.0,0.5089786756453423,0.5098039215686274,0.0,0.0,0.0,0.0,0.6080691642651297
hier_clust,2,10,centroid,False,3631,7520,0.48284574468085106,0.8124137931034483,0.0,0.5089786756453423,0.5098039215686274,0.0,0.0,0.0,0.0,0.6080691642651297
hier_clust,2,12,average,False,3629,7520,0.48257978723404255,0.8137931034482758,0.33917616126205086,0.09371492704826039,0.6811909949164852,0.0,0.0,0.0,0.0,0.6894812680115274
hier_clust,4,25,centroid,True,3628,7520,0.4824468085106383,0.7310344827586207,0.5276073619631901,0.25140291806958476,0.42483660130718953,0.01485148514851485,0.0,0.0,0.0,0.670028818443804
hier_clust,4,23,centroid,True,3628,7520,0.4824468085106383,0.7310344827586207,0.5276073619631901,0.25140291806958476,0.42483660130718953,0.01485148514851485,0.0,0.0,0.0,0.670028818443804
hier_clust,3,11,ward,False,3628,7520,0.4824468085106383,0.6144827586206897,0.42857142857142855,0.21773288439955107,0.6071169208424111,0.0,0.0,0.0,0.0,0.7377521613832853
hier_clust,3,10,ward,False,3628,7520,0.4824468085106383,0.6144827586206897,0.42857142857142855,0.21773288439955107,0.6071169208424111,0.0,0.0,0.0,0.0,0.7377521613832853
hier_clust,3,21,weighted,False,3627,7520,0.482313829787234,0.7910344827586206,0.0,0.4068462401795735,0.5127087872185911,0.21782178217821782,0.0,0.0,0.0,0.7240634005763689
hier_clust,3,20,weighted,False,3627,7520,0.482313829787234,0.7910344827586206,0.0,0.4068462401795735,0.5127087872185911,0.21782178217821782,0.0,0.0,0.0,0.7240634005763689
hier_clust,3,17,weighted,False,3626,7520,0.4821808510638298,0.7910344827586206,0.0,0.4068462401795735,0.5439360929557008,0.0,0.0,0.0,0.0,0.7240634005763689
hier_clust,5,41,average,True,3626,7520,0.4821808510638298,0.8131034482758621,0.17002629272567923,0.47362514029180697,0.4357298474945534,0.13861386138613863,0.0,0.0,0.0,0.5626801152737753
hier_clust,4,21,centroid,True,3626,7520,0.4821808510638298,0.7310344827586207,0.5276073619631901,0.2536475869809203,0.420479302832244,0.01485148514851485,0.0,0.0,0.0,0.670028818443804
hier_clust,5,38,average,True,3626,7520,0.4821808510638298,0.8131034482758621,0.17002629272567923,0.47362514029180697,0.4357298474945534,0.13861386138613863,0.0,0.0,0.0,0.5626801152737753
hier_clust,3,18,weighted,False,3626,7520,0.4821808510638298,0.7910344827586206,0.0,0.4068462401795735,0.5439360929557008,0.0,0.0,0.0,0.0,0.7240634005763689
hier_clust,4,32,weighted,False,3625,7520,0.4820478723404255,0.829655172413793,0.26643295354951796,0.40347923681257014,0.5374001452432825,0.09900990099009901,0.0,0.0,0.3358208955223881,0.42795389048991356
hier_clust,4,20,average,False,3625,7520,0.4820478723404255,0.923448275862069,0.0,0.29012345679012347,0.5911401597676107,0.024752475247524754,0.0,0.0,0.0,0.6844380403458213
hier_clust,4,21,average,False,3625,7520,0.4820478723404255,0.923448275862069,0.0,0.29012345679012347,0.5911401597676107,0.024752475247524754,0.0,0.0,0.0,0.6844380403458213
hier_clust,4,23,average,False,3625,7520,0.4820478723404255,0.923448275862069,0.0,0.29012345679012347,0.5911401597676107,0.024752475247524754,0.0,0.0,0.0,0.6844380403458213
hier_clust,2,11,average,False,3625,7520,0.4820478723404255,0.8137931034482758,0.3409290096406661,0.09034792368125702,0.6811909949164852,0.0,0.0,0.0,0.0,0.6894812680115274
hier_clust,4,23,centroid,False,3624,7520,0.4819148936170213,0.8103448275862069,0.020157756354075372,0.39730639730639733,0.5381263616557734,0.0297029702970297,0.0,0.0,0.31343283582089554,0.6693083573487032
hier_clust,4,21,centroid,False,3624,7520,0.4819148936170213,0.8103448275862069,0.020157756354075372,0.39730639730639733,0.5381263616557734,0.0297029702970297,0.0,0.0,0.31343283582089554,0.6693083573487032
hier_clust,10,48,complete,False,3623,7520,0.48178191489361705,0.756551724137931,0.38562664329535495,0.31257014590347926,0.5947712418300654,0.21782178217821782,0.0,0.0,0.0,0.47982708933717577
hier_clust,10,45,complete,False,3623,7520,0.48178191489361705,0.756551724137931,0.38562664329535495,0.31257014590347926,0.5947712418300654,0.21782178217821782,0.0,0.0,0.0,0.47982708933717577
hier_clust,20,92,complete,True,3623,7520,0.48178191489361705,0.743448275862069,0.48115687992988604,0.36307519640852975,0.5366739288307916,0.21287128712871287,0.0,0.0,0.11194029850746269,0.3976945244956772
hier_clust,3,23,median,True,3622,7520,0.48164893617021276,0.8241379310344827,0.0,0.42368125701459036,0.5940450254175744,0.0,0.0,0.0,0.03731343283582089,0.611671469740634
hier_clust,5,35,average,True,3622,7520,0.48164893617021276,0.8131034482758621,0.17002629272567923,0.4590347923681257,0.46405228758169936,0.054455445544554455,0.0,0.0,0.0,0.5626801152737753
hier_clust,3,25,centroid,True,3621,7520,0.48151595744680853,0.7517241379310344,0.25153374233128833,0.5185185185185185,0.2970225127087872,0.11386138613861387,0.0,0.0,0.007462686567164179,0.6390489913544669
hier_clust,4,27,median,False,3621,7520,0.48151595744680853,0.6786206896551724,0.12971078001752848,0.377665544332211,0.6993464052287581,0.0,0.0,0.0,0.0,0.6145533141210374
hier_clust,5,20,centroid,False,3620,7520,0.48138297872340424,0.8379310344827586,0.0,0.4001122334455668,0.5068990559186638,0.04455445544554455,0.0,0.0,0.007462686567164179,0.7089337175792507
hier_clust,False,100,weighted,False,3620,7520,0.48138297872340424,0.8082758620689655,0.4075372480280456,0.2940516273849607,0.5809731299927379,0.2722772277227723,0.0,0.0,0.40298507462686567,0.3962536023054755
hier_clust,4,30,weighted,False,3620,7520,0.48138297872340424,0.829655172413793,0.26643295354951796,0.40347923681257014,0.5482933914306464,0.0,0.0,0.0,0.3358208955223881,0.42795389048991356
hier_clust,False,78,complete,True,3618,7520,0.4811170212765957,0.7910344827586206,0.2962313759859772,0.3681257014590348,0.5729847494553377,0.18811881188118812,0.0,0.0,0.12686567164179105,0.45605187319884727
hier_clust,2,17,weighted,False,3618,7520,0.4811170212765957,0.5813793103448276,0.6187554776511832,0.25982042648709314,0.5228758169934641,0.034653465346534656,0.0,0.0,0.3880597014925373,0.595821325648415
hier_clust,2,10,average,False,3617,7520,0.4809840425531915,0.8137931034482758,0.0,0.3041526374859708,0.6811909949164852,0.0,0.0,0.0,0.0,0.6894812680115274
hier_clust,2,8,average,False,3617,7520,0.4809840425531915,0.8137931034482758,0.0,0.3041526374859708,0.6811909949164852,0.0,0.0,0.0,0.0,0.6894812680115274
hier_clust,3,23,centroid,True,3617,7520,0.4809840425531915,0.7517241379310344,0.25153374233128833,0.5157126823793491,0.2962962962962963,0.11386138613861387,0.0,0.0,0.007462686567164179,0.6404899135446686
hier_clust,5,32,average,True,3617,7520,0.4809840425531915,0.8131034482758621,0.17002629272567923,0.4713804713804714,0.4444444444444444,0.054455445544554455,0.0,0.0,0.0,0.5626801152737753
hier_clust,5,30,average,True,3617,7520,0.4809840425531915,0.8131034482758621,0.17002629272567923,0.4713804713804714,0.4444444444444444,0.054455445544554455,0.0,0.0,0.0,0.5626801152737753
hier_clust,2,9,average,False,3617,7520,0.4809840425531915,0.8137931034482758,0.0,0.3041526374859708,0.6811909949164852,0.0,0.0,0.0,0.0,0.6894812680115274
hier_clust,5,67,median,True,3616,7520,0.4808510638297872,0.8006896551724138,0.287467134092901,0.2962962962962963,0.6201888162672476,0.08415841584158416,0.0,0.0,0.007462686567164179,0.5237752161383286
hier_clust,5,18,centroid,False,3616,7520,0.4808510638297872,0.8379310344827586,0.0,0.4001122334455668,0.5105301379811183,0.0,0.0,0.0,0.007462686567164179,0.7089337175792507
hier_clust,4,20,centroid,False,3616,7520,0.4808510638297872,0.8103448275862069,0.020157756354075372,0.39730639730639733,0.5308641975308642,0.0297029702970297,0.0,0.0,0.3283582089552239,0.6693083573487032
hier_clust,5,17,centroid,False,3616,7520,0.4808510638297872,0.8379310344827586,0.0,0.4001122334455668,0.5105301379811183,0.0,0.0,0.0,0.007462686567164179,0.7089337175792507
hier_clust,4,17,centroid,False,3615,7520,0.480718085106383,0.8103448275862069,0.020157756354075372,0.39674523007856344,0.5308641975308642,0.0297029702970297,0.0,0.0,0.3283582089552239,0.6693083573487032
hier_clust,4,18,centroid,False,3615,7520,0.480718085106383,0.8103448275862069,0.020157756354075372,0.39674523007856344,0.5308641975308642,0.0297029702970297,0.0,0.0,0.3283582089552239,0.6693083573487032
hier_clust,4,15,complete,False,3615,7520,0.480718085106383,0.7393103448275862,0.2743207712532866,0.25308641975308643,0.541757443718228,0.0,0.0,0.0,0.0,0.7442363112391931
hier_clust,4,25,median,False,3614,7520,0.48058510638297874,0.6786206896551724,0.11218229623137599,0.4208754208754209,0.6528685548293391,0.0,0.0,0.0,0.0,0.6145533141210374
hier_clust,3,23,complete,True,3613,7520,0.48045212765957446,0.6117241379310345,0.4741454864154251,0.14029180695847362,0.6564996368917938,0.16831683168316833,0.0,0.0,0.0,0.718299711815562
hier_clust,5,61,median,True,3613,7520,0.48045212765957446,0.8006896551724138,0.287467134092901,0.2951739618406285,0.6216412490922295,0.07425742574257425,0.0,0.0,0.007462686567164179,0.5230547550432276
hier_clust,3,25,complete,True,3613,7520,0.48045212765957446,0.6117241379310345,0.4741454864154251,0.14029180695847362,0.6564996368917938,0.16831683168316833,0.0,0.0,0.0,0.718299711815562
hier_clust,4,23,median,False,3612,7520,0.4803191489361702,0.6786206896551724,0.11218229623137599,0.41358024691358025,0.6608569353667393,0.0,0.0,0.0,0.0,0.6145533141210374
hier_clust,4,21,median,False,3611,7520,0.48018617021276594,0.6786206896551724,0.11218229623137599,0.41301907968574636,0.6608569353667393,0.0,0.0,0.0,0.0,0.6145533141210374
hier_clust,4,20,median,False,3611,7520,0.48018617021276594,0.6786206896551724,0.11218229623137599,0.41301907968574636,0.6608569353667393,0.0,0.0,0.0,0.0,0.6145533141210374
hier_clust,3,35,weighted,True,3611,7520,0.48018617021276594,0.7620689655172413,0.1726555652936021,0.43209876543209874,0.46187363834422657,0.14356435643564355,0.0,0.0,0.007462686567164179,0.6289625360230547
hier_clust,10,41,complete,False,3611,7520,0.48018617021276594,0.756551724137931,0.38562664329535495,0.3047138047138047,0.5962236746550472,0.21782178217821782,0.0,0.0,0.0,0.47982708933717577
hier_clust,5,27,average,True,3611,7520,0.48018617021276594,0.8131034482758621,0.3418054338299737,0.35802469135802467,0.4444444444444444,0.054455445544554455,0.0,0.0,0.0,0.5626801152737753
hier_clust,False,11,ward,True,3610,7520,0.4800531914893617,0.6268965517241379,0.3058720420683611,0.42368125701459036,0.48729121278140886,0.0,0.0,0.0,0.0,0.6671469740634006
hier_clust,3,21,centroid,True,3610,7520,0.4800531914893617,0.7517241379310344,0.24890446976336547,0.494949494949495,0.3202614379084967,0.11386138613861387,0.0,0.0,0.007462686567164179,0.6404899135446686
hier_clust,3,20,centroid,True,3610,7520,0.4800531914893617,0.7517241379310344,0.24890446976336547,0.494949494949495,0.3202614379084967,0.11386138613861387,0.0,0.0,0.007462686567164179,0.6404899135446686
hier_clust,False,8,ward,True,3610,7520,0.4800531914893617,0.6268965517241379,0.3058720420683611,0.42368125701459036,0.48729121278140886,0.0,0.0,0.0,0.0,0.6671469740634006
hier_clust,False,9,ward,True,3610,7520,0.4800531914893617,0.6268965517241379,0.3058720420683611,0.42368125701459036,0.48729121278140886,0.0,0.0,0.0,0.0,0.6671469740634006
hier_clust,False,10,ward,True,3610,7520,0.4800531914893617,0.6268965517241379,0.3058720420683611,0.42368125701459036,0.48729121278140886,0.0,0.0,0.0,0.0,0.6671469740634006
hier_clust,3,18,centroid,True,3609,7520,0.4799202127659574,0.7517241379310344,0.24890446976336547,0.494949494949495,0.3202614379084967,0.11386138613861387,0.0,0.0,0.0,0.6404899135446686
hier_clust,20,72,complete,False,3608,7520,0.4797872340425532,0.7827586206896552,0.44609991235758106,0.34231200897867564,0.5679012345679012,0.12376237623762376,0.0,0.0,0.3283582089552239,0.36239193083573484
hier_clust,5,41,weighted,False,3607,7520,0.47965425531914896,0.8393103448275862,0.18229623137598597,0.3439955106621773,0.5526506899055919,0.18811881188118812,0.0,0.0,0.0,0.5547550432276657
hier_clust,3,27,centroid,False,3607,7520,0.47965425531914896,0.6786206896551724,0.37773882559158634,0.26430976430976433,0.47421931735657225,0.19306930693069307,0.0,0.0,0.0,0.7413544668587896
hier_clust,4,61,median,True,3606,7520,0.47952127659574467,0.7917241379310345,0.31463628396143734,0.39113355780022446,0.4829339143064633,0.13861386138613863,0.0,0.0,0.0,0.510806916426513
hier_clust,10,67,average,False,3606,7520,0.47952127659574467,0.9337931034482758,0.0,0.3675645342312009,0.49019607843137253,0.3118811881188119,0.08333333333333333,0.0,0.3582089552238806,0.5835734870317003
hier_clust,4,23,average,True,3606,7520,0.47952127659574467,0.7827586206896552,0.1516213847502191,0.42031425364758696,0.46768336964415397,0.08415841584158416,0.0,0.0,0.0,0.6397694524495677
hier_clust,2,14,weighted,False,3604,7520,0.47925531914893615,0.5813793103448276,0.6187554776511832,0.16835016835016836,0.6361655773420479,0.0,0.0,0.0,0.3880597014925373,0.595821325648415
hier_clust,3,32,weighted,True,3604,7520,0.47925531914893615,0.7620689655172413,0.23137598597721298,0.39057239057239057,0.46187363834422657,0.14356435643564355,0.0,0.0,0.007462686567164179,0.6289625360230547
hier_clust,3,30,weighted,True,3604,7520,0.47925531914893615,0.7620689655172413,0.23137598597721298,0.39057239057239057,0.46187363834422657,0.14356435643564355,0.0,0.0,0.007462686567164179,0.6289625360230547
hier_clust,2,13,weighted,False,3604,7520,0.47925531914893615,0.5813793103448276,0.6187554776511832,0.16835016835016836,0.6361655773420479,0.0,0.0,0.0,0.3880597014925373,0.595821325648415
hier_clust,4,13,ward,True,3604,7520,0.47925531914893615,0.6510344827586206,0.19456617002629273,0.4556677890011223,0.4386347131445171,0.0,0.0,0.0,0.0,0.7363112391930836
hier_clust,2,15,weighted,False,3604,7520,0.47925531914893615,0.5813793103448276,0.6187554776511832,0.16835016835016836,0.6361655773420479,0.0,0.0,0.0,0.3880597014925373,0.595821325648415
hier_clust,4,18,average,False,3603,7520,0.4791223404255319,0.923448275862069,0.0,0.22053872053872053,0.6652142338416849,0.024752475247524754,0.0,0.0,0.0,0.6844380403458213
hier_clust,False,92,weighted,False,3603,7520,0.4791223404255319,0.8082758620689655,0.3339176161262051,0.3546576879910213,0.55119825708061,0.2722772277227723,0.0,0.0,0.40298507462686567,0.3962536023054755
hier_clust,False,85,weighted,False,3603,7520,0.4791223404255319,0.8082758620689655,0.3339176161262051,0.35353535353535354,0.5526506899055919,0.2722772277227723,0.0,0.0,0.40298507462686567,0.3962536023054755
hier_clust,20,78,weighted,False,3601,7520,0.4788563829787234,0.9075862068965517,0.006134969325153374,0.29124579124579125,0.5228758169934641,0.31683168316831684,0.0,0.0,0.2537313432835821,0.6779538904899135
hier_clust,5,38,weighted,False,3601,7520,0.4788563829787234,0.8393103448275862,0.18229623137598597,0.3546576879910213,0.5344952795933188,0.18811881188118812,0.0,0.0,0.0,0.5547550432276657
hier_clust,10,9,ward,False,3600,7520,0.4787234042553192,0.6496551724137931,0.3593339176161262,0.14029180695847362,0.7095134350036311,0.0,0.0,0.0,0.0,0.7355907780979827
hier_clust,10,38,complete,False,3600,7520,0.4787234042553192,0.7758620689655172,0.32515337423312884,0.32154882154882153,0.5962236746550472,0.21782178217821782,0.0,0.0,0.0,0.47982708933717577
hier_clust,10,10,ward,False,3600,7520,0.4787234042553192,0.6496551724137931,0.3593339176161262,0.14029180695847362,0.7095134350036311,0.0,0.0,0.0,0.0,0.7355907780979827
hier_clust,10,8,ward,False,3600,7520,0.4787234042553192,0.6496551724137931,0.3593339176161262,0.14029180695847362,0.7095134350036311,0.0,0.0,0.0,0.0,0.7355907780979827
hier_clust,20,72,weighted,True,3600,7520,0.4787234042553192,0.7986206896551724,0.3733567046450482,0.21268237934904602,0.5846042120551924,0.2871287128712871,0.0,0.0,0.3582089552238806,0.5230547550432276
hier_clust,3,17,centroid,True,3599,7520,0.4785904255319149,0.7517241379310344,0.24890446976336547,0.4831649831649832,0.3202614379084967,0.11386138613861387,0.0,0.0,0.0,0.6484149855907781
hier_clust,2,10,average,True,3599,7520,0.4785904255319149,0.7641379310344828,0.0,0.4781144781144781,0.5475671750181554,0.15346534653465346,0.0,0.0,0.0,0.6152737752161384
hier_clust,4,27,weighted,False,3599,7520,0.4785904255319149,0.829655172413793,0.26643295354951796,0.3552188552188552,0.5570079883805374,0.0,0.0,0.0,0.0,0.49855907780979825
hier_clust,2,11,average,True,3599,7520,0.4785904255319149,0.7641379310344828,0.0,0.4781144781144781,0.5475671750181554,0.15346534653465346,0.0,0.0,0.0,0.6152737752161384
hier_clust,4,21,average,True,3599,7520,0.4785904255319149,0.7827586206896552,0.1516213847502191,0.42312008978675647,0.4684095860566449,0.019801980198019802,0.0,0.0,0.0,0.6397694524495677
hier_clust,20,67,weighted,True,3599,7520,0.4785904255319149,0.7979310344827586,0.37248028045574055,0.2132435465768799,0.5846042120551924,0.2871287128712871,0.0,0.0,0.3582089552238806,0.5230547550432276
hier_clust,3,25,centroid,False,3599,7520,0.4785904255319149,0.6786206896551724,0.37773882559158634,0.26430976430976433,0.49310094408133626,0.009900990099009901,0.0,0.0,0.0,0.7435158501440923
hier_clust,4,20,average,True,3598,7520,0.47845744680851066,0.7827586206896552,0.1516213847502191,0.4219977553310887,0.4684095860566449,0.019801980198019802,0.0,0.0,0.0,0.6404899135446686
hier_clust,4,57,median,True,3598,7520,0.47845744680851066,0.7917241379310345,0.2883435582822086,0.37317620650953987,0.5054466230936819,0.13861386138613863,0.0,0.0,0.0,0.5273775216138329
hier_clust,4,18,average,True,3598,7520,0.47845744680851066,0.7827586206896552,0.1516213847502191,0.4219977553310887,0.4684095860566449,0.019801980198019802,0.0,0.0,0.0,0.6404899135446686
hier_clust,3,21,centroid,False,3598,7520,0.47845744680851066,0.6786206896551724,0.37773882559158634,0.26374859708193044,0.49310094408133626,0.009900990099009901,0.0,0.0,0.0,0.7435158501440923
hier_clust,3,23,centroid,False,3598,7520,0.47845744680851066,0.6786206896551724,0.37773882559158634,0.26374859708193044,0.49310094408133626,0.009900990099009901,0.0,0.0,0.0,0.7435158501440923
hier_clust,20,61,weighted,True,3598,7520,0.47845744680851066,0.7979310344827586,0.37072743207712533,0.2138047138047138,0.5846042120551924,0.2871287128712871,0.0,0.0,0.3582089552238806,0.5230547550432276
hier_clust,20,57,weighted,True,3597,7520,0.47832446808510637,0.7972413793103448,0.37160385626643294,0.2138047138047138,0.5846042120551924,0.2871287128712871,0.0,0.0,0.3582089552238806,0.5223342939481268
hier_clust,4,17,average,True,3596,7520,0.47819148936170214,0.7827586206896552,0.1516213847502191,0.4219977553310887,0.4684095860566449,0.009900990099009901,0.0,0.0,0.0,0.6404899135446686
hier_clust,4,25,weighted,False,3596,7520,0.47819148936170214,0.829655172413793,0.26643295354951796,0.36419753086419754,0.5432098765432098,0.0,0.0,0.0,0.0,0.49855907780979825
hier_clust,4,23,weighted,False,3596,7520,0.47819148936170214,0.829655172413793,0.26643295354951796,0.36419753086419754,0.5432098765432098,0.0,0.0,0.0,0.0,0.49855907780979825
hier_clust,5,57,median,True,3595,7520,0.47805851063829785,0.6358620689655172,0.287467134092901,0.29180695847362514,0.6151053013798112,0.07425742574257425,0.0,0.0,0.007462686567164179,0.6930835734870316
hier_clust,2,7,average,False,3595,7520,0.47805851063829785,0.8137931034482758,0.0,0.2783389450056117,0.6986201888162672,0.0,0.0,0.0,0.0,0.6894812680115274
hier_clust,2,6,average,False,3595,7520,0.47805851063829785,0.8137931034482758,0.0,0.2783389450056117,0.6986201888162672,0.0,0.0,0.0,0.0,0.6894812680115274
hier_clust,4,20,complete,True,3594,7520,0.4779255319148936,0.7779310344827586,0.44609991235758106,0.17732884399551066,0.5976761074800291,0.0,0.0,0.0,0.0,0.5893371757925072
hier_clust,4,21,complete,True,3594,7520,0.4779255319148936,0.7779310344827586,0.44609991235758106,0.17732884399551066,0.5976761074800291,0.0,0.0,0.0,0.0,0.5893371757925072
hier_clust,4,15,centroid,False,3594,7520,0.4779255319148936,0.8137931034482758,0.0,0.3945005611672278,0.5308641975308642,0.0297029702970297,0.0,0.0,0.3283582089552239,0.670028818443804
hier_clust,4,14,centroid,False,3594,7520,0.4779255319148936,0.8137931034482758,0.0,0.3945005611672278,0.5308641975308642,0.0297029702970297,0.0,0.0,0.3283582089552239,0.670028818443804
hier_clust,4,13,centroid,False,3593,7520,0.4777925531914894,0.8137931034482758,0.0,0.3939393939393939,0.5308641975308642,0.0297029702970297,0.0,0.0,0.3283582089552239,0.670028818443804
hier_clust,4,12,centroid,False,3593,7520,0.4777925531914894,0.8137931034482758,0.0,0.3939393939393939,0.5308641975308642,0.0297029702970297,0.0,0.0,0.3283582089552239,0.670028818443804
hier_clust,10,35,complete,False,3592,7520,0.4776595744680851,0.7758620689655172,0.32515337423312884,0.33108866442199775,0.5780682643427741,0.21782178217821782,0.0,0.0,0.0,0.47982708933717577
hier_clust,4,11,centroid,False,3592,7520,0.4776595744680851,0.8137931034482758,0.0,0.39337822671156003,0.5308641975308642,0.0297029702970297,0.0,0.0,0.3283582089552239,0.670028818443804
hier_clust,2,11,median,False,3592,7520,0.4776595744680851,0.5420689655172414,0.4802804557405784,0.2676767676767677,0.6608569353667393,0.0,0.0,0.0,0.0,0.627521613832853
hier_clust,5,41,centroid,True,3592,7520,0.4776595744680851,0.7179310344827586,0.23488168273444346,0.36980920314253646,0.46768336964415397,0.019801980198019802,0.0,0.0,0.0,0.7031700288184438
hier_clust,5,38,centroid,True,3592,7520,0.4776595744680851,0.7179310344827586,0.23488168273444346,0.36980920314253646,0.46768336964415397,0.019801980198019802,0.0,0.0,0.0,0.7031700288184438
hier_clust,2,10,median,False,3592,7520,0.4776595744680851,0.5420689655172414,0.4802804557405784,0.2676767676767677,0.6608569353667393,0.0,0.0,0.0,0.0,0.627521613832853
hier_clust,4,52,median,True,3591,7520,0.47752659574468087,0.7924137931034483,0.2883435582822086,0.3686868686868687,0.5054466230936819,0.13861386138613863,0.0,0.0,0.0,0.5273775216138329
hier_clust,4,10,centroid,False,3590,7520,0.4773936170212766,0.8137931034482758,0.0,0.39337822671156003,0.5337690631808278,0.0,0.0,0.0,0.3283582089552239,0.670028818443804
hier_clust,4,9,centroid,False,3590,7520,0.4773936170212766,0.8137931034482758,0.0,0.39337822671156003,0.5337690631808278,0.0,0.0,0.0,0.3283582089552239,0.670028818443804
hier_clust,4,8,centroid,False,3590,7520,0.4773936170212766,0.8137931034482758,0.0,0.39337822671156003,0.5337690631808278,0.0,0.0,0.0,0.3283582089552239,0.670028818443804
hier_clust,3,9,ward,False,3589,7520,0.47726063829787235,0.6144827586206897,0.42857142857142855,0.16161616161616163,0.6071169208424111,0.0,0.0,0.0,0.0,0.781700288184438
hier_clust,3,18,average,True,3589,7520,0.47726063829787235,0.7696551724137931,0.3023663453111306,0.18013468013468015,0.570079883805374,0.06435643564356436,0.0,0.0,0.007462686567164179,0.7262247838616714
hier_clust,5,35,complete,True,3588,7520,0.47712765957446807,0.7889655172413793,0.26818580192813324,0.35129068462401797,0.5620915032679739,0.09900990099009901,0.0,0.0,0.0,0.5172910662824207
hier_clust,10,61,average,False,3588,7520,0.47712765957446807,0.9337931034482758,0.0,0.30134680134680136,0.5642701525054467,0.3118811881188119,0.08333333333333333,0.0,0.3582089552238806,0.5821325648414986
hier_clust,10,57,average,False,3587,7520,0.47699468085106383,0.9324137931034483,0.0,0.30190796857463525,0.5642701525054467,0.3118811881188119,0.08333333333333333,0.0,0.3582089552238806,0.5821325648414986
hier_clust,10,48,complete,True,3587,7520,0.47699468085106383,0.7441379310344828,0.32778264680105174,0.3260381593714927,0.4974582425562818,0.22277227722772278,0.0,0.0,0.13432835820895522,0.579971181556196
hier_clust,20,67,complete,False,3586,7520,0.47686170212765955,0.7827586206896552,0.44609991235758106,0.37093153759820424,0.5119825708061002,0.12376237623762376,0.0,0.0,0.3582089552238806,0.36239193083573484
hier_clust,5,9,ward,True,3585,7520,0.4767287234042553,0.6517241379310345,0.4925503943908852,0.10886644219977554,0.6514161220043573,0.0,0.0,0.0,0.0,0.7110951008645533
hier_clust,5,6,ward,False,3585,7520,0.4767287234042553,0.7351724137931035,0.0,0.37093153759820424,0.6267247639796659,0.0,0.0,0.0,0.0,0.7168587896253602
hier_clust,20,100,average,True,3584,7520,0.4765957446808511,0.9620689655172414,0.0035056967572304996,0.33052749719416386,0.49600580973129993,0.1782178217821782,0.0,0.0,0.0,0.6318443804034583
hier_clust,3,15,average,False,3584,7520,0.4765957446808511,0.9337931034482758,0.025416301489921123,0.3277216610549944,0.5315904139433552,0.0,0.0,0.0,0.0,0.6376080691642652
hier_clust,2,13,complete,False,3583,7520,0.4764627659574468,0.7013793103448276,0.37949167397020156,0.287317620650954,0.6383442265795207,0.0,0.0,0.0,0.0,0.5345821325648416
hier_clust,2,7,ward,True,3583,7520,0.4764627659574468,0.713103448275862,0.23751095530236635,0.44276094276094274,0.49310094408133626,0.0,0.0,0.0,0.0,0.5835734870317003
hier_clust,2,8,ward,True,3583,7520,0.4764627659574468,0.713103448275862,0.23751095530236635,0.44276094276094274,0.49310094408133626,0.0,0.0,0.0,0.0,0.5835734870317003
hier_clust,2,12,complete,False,3583,7520,0.4764627659574468,0.7013793103448276,0.37949167397020156,0.287317620650954,0.6383442265795207,0.0,0.0,0.0,0.0,0.5345821325648416
hier_clust,False,72,complete,True,3583,7520,0.4764627659574468,0.7910344827586206,0.2962313759859772,0.3569023569023569,0.5642701525054467,0.15346534653465346,0.0,0.0,0.15671641791044777,0.45605187319884727
hier_clust,2,9,ward,True,3583,7520,0.4764627659574468,0.713103448275862,0.23751095530236635,0.44276094276094274,0.49310094408133626,0.0,0.0,0.0,0.0,0.5835734870317003
hier_clust,False,67,complete,True,3582,7520,0.47632978723404257,0.7910344827586206,0.2962313759859772,0.3569023569023569,0.5642701525054467,0.15346534653465346,0.0,0.0,0.15671641791044777,0.4553314121037464
hier_clust,5,32,complete,True,3582,7520,0.47632978723404257,0.7889655172413793,0.26818580192813324,0.35409652076318743,0.5410312273057372,0.18811881188118812,0.0,0.0,0.0,0.5172910662824207
hier_clust,4,12,ward,True,3582,7520,0.47632978723404257,0.6510344827586206,0.19456617002629273,0.4169472502805836,0.47276688453159044,0.0,0.0,0.0,0.0,0.7363112391930836
hier_clust,4,17,average,False,3582,7520,0.47632978723404257,0.923448275862069,0.0,0.3041526374859708,0.541757443718228,0.024752475247524754,0.0,0.0,0.0,0.6844380403458213
hier_clust,4,11,ward,True,3582,7520,0.47632978723404257,0.6510344827586206,0.19456617002629273,0.4169472502805836,0.47276688453159044,0.0,0.0,0.0,0.0,0.7363112391930836
hier_clust,5,35,centroid,True,3582,7520,0.47632978723404257,0.7179310344827586,0.08851884312007012,0.45791245791245794,0.46768336964415397,0.019801980198019802,0.0,0.0,0.0,0.7031700288184438
hier_clust,3,21,complete,True,3581,7520,0.4761968085106383,0.6510344827586206,0.4014022787028922,0.14029180695847362,0.6586782861292665,0.12376237623762376,0.0,0.0,0.0,0.718299711815562
hier_clust,4,14,average,False,3581,7520,0.4761968085106383,0.923448275862069,0.0,0.30359147025813693,0.541757443718228,0.024752475247524754,0.0,0.0,0.0,0.6844380403458213
hier_clust,3,20,complete,True,3581,7520,0.4761968085106383,0.6510344827586206,0.4014022787028922,0.14029180695847362,0.6586782861292665,0.12376237623762376,0.0,0.0,0.0,0.718299711815562
hier_clust,4,15,average,False,3581,7520,0.4761968085106383,0.923448275862069,0.0,0.30359147025813693,0.541757443718228,0.024752475247524754,0.0,0.0,0.0,0.6844380403458213
hier_clust,20,85,complete,True,3580,7520,0.47606382978723405,0.743448275862069,0.4820333041191937,0.3338945005611672,0.5424836601307189,0.21287128712871287,0.0,0.0,0.11194029850746269,0.3976945244956772
hier_clust,10,52,average,False,3580,7520,0.47606382978723405,0.9324137931034483,0.0,0.31313131313131315,0.5446623093681917,0.3118811881188119,0.08333333333333333,0.0,0.3582089552238806,0.5821325648414986
hier_clust,20,15,ward,True,3578,7520,0.47579787234042553,0.8158620689655173,0.39614373356704646,0.28619528619528617,0.4422657952069717,0.0,0.0,0.0,0.0,0.5936599423631124
hier_clust,20,17,ward,True,3578,7520,0.47579787234042553,0.8158620689655173,0.39614373356704646,0.28619528619528617,0.4422657952069717,0.0,0.0,0.0,0.0,0.5936599423631124
hier_clust,4,7,centroid,False,3577,7520,0.4756648936170213,0.8137931034482758,0.0,0.39337822671156003,0.5337690631808278,0.0,0.0,0.0,0.0,0.6923631123919308
hier_clust,10,45,complete,True,3575,7520,0.4753989361702128,0.7441379310344828,0.32778264680105174,0.3181818181818182,0.5134350036310821,0.12376237623762376,0.0,0.0,0.13432835820895522,0.579971181556196
hier_clust,3,18,complete,True,3574,7520,0.4752659574468085,0.6510344827586206,0.32690622261174407,0.1840628507295174,0.6586782861292665,0.12376237623762376,0.0,0.0,0.0,0.718299711815562
hier_clust,10,48,average,False,3574,7520,0.4752659574468085,0.9331034482758621,0.0,0.30920314253647585,0.5446623093681917,0.3118811881188119,0.08333333333333333,0.0,0.3582089552238806,0.5821325648414986
hier_clust,20,7,ward,False,3574,7520,0.4752659574468085,0.6531034482758621,0.4925503943908852,0.0,0.766158315177923,0.0,0.0,0.0,0.0,0.7276657060518732
hier_clust,5,13,complete,False,3574,7520,0.4752659574468085,0.9427586206896552,0.0,0.37093153759820424,0.4422657952069717,0.0,0.0,0.0,0.0,0.6750720461095101
hier_clust,2,12,weighted,False,3573,7520,0.47513297872340426,0.5813793103448276,0.6187554776511832,0.12289562289562289,0.6361655773420479,0.0,0.0,0.0,0.3880597014925373,0.6318443804034583
hier_clust,2,11,weighted,False,3573,7520,0.47513297872340426,0.5813793103448276,0.6187554776511832,0.12289562289562289,0.6361655773420479,0.0,0.0,0.0,0.3880597014925373,0.6318443804034583
hier_clust,5,4,ward,False,3572,7520,0.475,0.7351724137931035,0.0,0.5774410774410774,0.35003631082062453,0.0,0.0,0.0,0.0,0.7168587896253602
hier_clust,5,32,centroid,True,3572,7520,0.475,0.7179310344827586,0.09640666082383874,0.44612794612794615,0.46768336964415397,0.019801980198019802,0.0,0.0,0.0,0.7046109510086456
hier_clust,5,5,ward,False,3572,7520,0.475,0.7351724137931035,0.0,0.5774410774410774,0.35003631082062453,0.0,0.0,0.0,0.0,0.7168587896253602
hier_clust,2,8,complete,True,3572,7520,0.475,0.7758620689655172,0.3978965819456617,0.0,0.7450980392156863,0.0,0.0,0.0,0.0,0.696685878962536
hier_clust,4,18,complete,True,3571,7520,0.47486702127659575,0.7779310344827586,0.44609991235758106,0.21099887766554434,0.5374001452432825,0.0,0.0,0.0,0.0,0.5893371757925072
hier_clust,2,9,average,True,3570,7520,0.4747340425531915,0.7641379310344828,0.0,0.44276094276094274,0.5475671750181554,0.15346534653465346,0.0,0.0,0.0,0.6397694524495677
hier_clust,3,14,centroid,True,3569,7520,0.47460106382978723,0.7517241379310344,0.24890446976336547,0.4831649831649832,0.28540305010893247,0.11386138613861387,0.0,0.0,0.0,0.6613832853025937
hier_clust,3,15,centroid,True,3569,7520,0.47460106382978723,0.7517241379310344,0.24890446976336547,0.4831649831649832,0.28540305010893247,0.11386138613861387,0.0,0.0,0.0,0.6613832853025937
hier_clust,2,10,weighted,False,3569,7520,0.47460106382978723,0.5813793103448276,0.6187554776511832,0.18237934904601572,0.5562817719680465,0.0,0.0,0.0,0.3880597014925373,0.6318443804034583
hier_clust,5,35,weighted,False,3568,7520,0.474468085106383,0.8420689655172414,0.18229623137598597,0.3338945005611672,0.5344952795933188,0.18811881188118812,0.0,0.0,0.0,0.5547550432276657
hier_clust,4,14,complete,False,3568,7520,0.474468085106383,0.8013793103448276,0.15425065731814197,0.25308641975308643,0.541757443718228,0.0,0.0,0.0,0.0,0.7442363112391931
hier_clust,20,72,weighted,False,3568,7520,0.474468085106383,0.9075862068965517,0.006134969325153374,0.25869809203142535,0.5366739288307916,0.3465346534653465,0.0,0.0,0.2537313432835821,0.6779538904899135
hier_clust,2,25,median,True,3568,7520,0.474468085106383,0.6006896551724138,0.24101665205959685,0.372615039281706,0.6172839506172839,0.07425742574257425,0.0,0.0,0.0,0.6433717579250721
hier_clust,2,27,median,True,3568,7520,0.474468085106383,0.6006896551724138,0.24101665205959685,0.372615039281706,0.6172839506172839,0.07425742574257425,0.0,0.0,0.0,0.6433717579250721
hier_clust,2,30,median,True,3568,7520,0.474468085106383,0.6006896551724138,0.24101665205959685,0.372615039281706,0.6172839506172839,0.07425742574257425,0.0,0.0,0.0,0.6433717579250721
hier_clust,20,78,complete,True,3566,7520,0.4742021276595745,0.743448275862069,0.4820333041191937,0.3260381593714927,0.5403050108932462,0.21287128712871287,0.0,0.0,0.13432835820895522,0.3976945244956772
hier_clust,2,8,average,True,3564,7520,0.47393617021276596,0.7641379310344828,0.0,0.44276094276094274,0.5657225853304285,0.0,0.0,0.0,0.0,0.6397694524495677
hier_clust,3,27,weighted,True,3563,7520,0.4738031914893617,0.7620689655172413,0.23137598597721298,0.41414141414141414,0.4001452432824982,0.14356435643564355,0.0,0.0,0.007462686567164179,0.6304034582132565
hier_clust,4,15,complete,True,3562,7520,0.47367021276595744,0.7779310344827586,0.44609991235758106,0.18237934904601572,0.5679012345679012,0.0,0.0,0.0,0.0,0.5893371757925072
hier_clust,4,17,complete,True,3562,7520,0.47367021276595744,0.7779310344827586,0.44609991235758106,0.18237934904601572,0.5679012345679012,0.0,0.0,0.0,0.0,0.5893371757925072
hier_clust,3,13,centroid,True,3561,7520,0.4735372340425532,0.7517241379310344,0.24890446976336547,0.4831649831649832,0.27596223674655046,0.13861386138613863,0.0,0.0,0.0,0.6613832853025937
hier_clust,20,52,weighted,True,3561,7520,0.4735372340425532,0.7972413793103448,0.37160385626643294,0.1919191919191919,0.5867828612926652,0.2871287128712871,0.0,0.0,0.3582089552238806,0.5223342939481268
hier_clust,4,14,complete,True,3561,7520,0.4735372340425532,0.7779310344827586,0.44609991235758106,0.2255892255892256,0.5112563543936093,0.0,0.0,0.0,0.0,0.5893371757925072
hier_clust,4,13,complete,True,3561,7520,0.4735372340425532,0.7779310344827586,0.44609991235758106,0.2255892255892256,0.5112563543936093,0.0,0.0,0.0,0.0,0.5893371757925072
hier_clust,10,41,complete,True,3560,7520,0.4734042553191489,0.7441379310344828,0.33216476774758985,0.3069584736251403,0.5134350036310821,0.12376237623762376,0.0,0.0,0.13432835820895522,0.579971181556196
hier_clust,20,72,complete,True,3559,7520,0.4732712765957447,0.743448275862069,0.49868536371603855,0.29012345679012347,0.5679012345679012,0.21287128712871287,0.0,0.0,0.13432835820895522,0.3976945244956772
hier_clust,20,61,complete,False,3559,7520,0.4732712765957447,0.7827586206896552,0.3418054338299737,0.4225589225589226,0.5119825708061002,0.12376237623762376,0.0,0.0,0.3582089552238806,0.36239193083573484
hier_clust,5,30,complete,True,3558,7520,0.4731382978723404,0.7889655172413793,0.26818580192813324,0.32491582491582494,0.5410312273057372,0.18811881188118812,0.0,0.0,0.0,0.537463976945245
hier_clust,5,27,complete,True,3558,7520,0.4731382978723404,0.7889655172413793,0.26818580192813324,0.32491582491582494,0.5410312273057372,0.18811881188118812,0.0,0.0,0.0,0.537463976945245
hier_clust,10,7,ward,True,3557,7520,0.4730053191489362,0.7572413793103449,0.39526730937773885,0.16835016835016836,0.6296296296296297,0.0,0.0,0.0,0.0,0.6059077809798271
hier_clust,5,25,average,True,3556,7520,0.4728723404255319,0.8131034482758621,0.3418054338299737,0.3075196408529742,0.4444444444444444,0.054455445544554455,0.0,0.0,0.0,0.5878962536023055
hier_clust,4,21,weighted,False,3556,7520,0.4728723404255319,0.829655172413793,0.26643295354951796,0.3288439955106622,0.5599128540305011,0.0,0.0,0.0,0.0,0.49855907780979825
hier_clust,5,23,average,True,3555,7520,0.47273936170212766,0.8131034482758621,0.3409290096406661,0.3069584736251403,0.44517066085693535,0.054455445544554455,0.0,0.0,0.0,0.5878962536023055
hier_clust,3,23,weighted,True,3555,7520,0.47273936170212766,0.7620689655172413,0.23137598597721298,0.4337822671156005,0.36891793754538854,0.14356435643564355,0.0,0.0,0.007462686567164179,0.6304034582132565
hier_clust,3,25,weighted,True,3555,7520,0.47273936170212766,0.7620689655172413,0.23137598597721298,0.4337822671156005,0.36891793754538854,0.14356435643564355,0.0,0.0,0.007462686567164179,0.6304034582132565
hier_clust,20,57,complete,False,3555,7520,0.47273936170212766,0.7827586206896552,0.3698510078878177,0.40235690235690236,0.5119825708061002,0.12376237623762376,0.0,0.0,0.3582089552238806,0.36239193083573484
hier_clust,3,21,weighted,True,3555,7520,0.47273936170212766,0.7620689655172413,0.23137598597721298,0.4337822671156005,0.36891793754538854,0.14356435643564355,0.0,0.0,0.007462686567164179,0.6304034582132565
hier_clust,20,48,weighted,True,3554,7520,0.4726063829787234,0.7972413793103448,0.37160385626643294,0.19248035914702583,0.5809731299927379,0.2871287128712871,0.0,0.0,0.3582089552238806,0.5223342939481268
hier_clust,4,20,weighted,False,3554,7520,0.4726063829787234,0.829655172413793,0.26643295354951796,0.3063973063973064,0.5875090777051561,0.0,0.0,0.0,0.0,0.49855907780979825
hier_clust,3,9,ward,True,3553,7520,0.47247340425531914,0.7937931034482759,0.23049956178790534,0.30303030303030304,0.5148874364560639,0.0,0.0,0.0,0.0,0.6412103746397695
hier_clust,3,10,ward,True,3553,7520,0.47247340425531914,0.7937931034482759,0.23049956178790534,0.30303030303030304,0.5148874364560639,0.0,0.0,0.0,0.0,0.6412103746397695
hier_clust,3,20,median,True,3552,7520,0.4723404255319149,0.8241379310344827,0.0,0.38439955106621776,0.5940450254175744,0.0,0.0,0.0,0.03731343283582089,0.611671469740634
hier_clust,3,21,median,True,3552,7520,0.4723404255319149,0.8241379310344827,0.0,0.38439955106621776,0.5940450254175744,0.0,0.0,0.0,0.03731343283582089,0.611671469740634
hier_clust,3,18,weighted,True,3551,7520,0.4722074468085106,0.7620689655172413,0.23137598597721298,0.41975308641975306,0.36891793754538854,0.14356435643564355,0.0,0.0,0.007462686567164179,0.6455331412103746
hier_clust,3,12,complete,False,3551,7520,0.4722074468085106,0.9296551724137931,0.0,0.377665544332211,0.48729121278140886,0.0,0.0,0.0,0.0,0.6188760806916427
hier_clust,10,7,ward,False,3551,7520,0.4722074468085106,0.6496551724137931,0.5354951796669588,0.0,0.7095134350036311,0.0,0.0,0.0,0.0,0.7355907780979827
hier_clust,4,12,average,False,3551,7520,0.4722074468085106,0.923448275862069,0.0,0.3108866442199775,0.5105301379811183,0.024752475247524754,0.0,0.0,0.0,0.6844380403458213
hier_clust,4,13,average,False,3551,7520,0.4722074468085106,0.923448275862069,0.0,0.3108866442199775,0.5105301379811183,0.024752475247524754,0.0,0.0,0.0,0.6844380403458213
hier_clust,3,20,weighted,True,3551,7520,0.4722074468085106,0.7620689655172413,0.23137598597721298,0.41975308641975306,0.36891793754538854,0.14356435643564355,0.0,0.0,0.007462686567164179,0.6455331412103746
hier_clust,3,17,weighted,True,3551,7520,0.4722074468085106,0.7620689655172413,0.23137598597721298,0.41975308641975306,0.36891793754538854,0.14356435643564355,0.0,0.0,0.007462686567164179,0.6455331412103746
hier_clust,2,7,centroid,False,3549,7520,0.4719414893617021,0.8124137931034483,0.0,0.4489337822671156,0.5098039215686274,0.0,0.0,0.0,0.0,0.6260806916426513
hier_clust,5,20,average,True,3549,7520,0.4719414893617021,0.8131034482758621,0.3409290096406661,0.29236812570145904,0.44517066085693535,0.054455445544554455,0.0,0.0,0.0,0.6023054755043228
hier_clust,10,45,average,False,3549,7520,0.4719414893617021,0.9331034482758621,0.0,0.31874298540965207,0.514161220043573,0.3118811881188119,0.08333333333333333,0.0,0.3582089552238806,0.5821325648414986
hier_clust,5,21,average,True,3549,7520,0.4719414893617021,0.8131034482758621,0.3409290096406661,0.29236812570145904,0.44517066085693535,0.054455445544554455,0.0,0.0,0.0,0.6023054755043228
hier_clust,20,45,weighted,True,3548,7520,0.4718085106382979,0.7972413793103448,0.37160385626643294,0.19304152637485972,0.5758896151053013,0.2871287128712871,0.0,0.0,0.3582089552238806,0.5223342939481268
hier_clust,20,14,ward,True,3546,7520,0.47154255319148936,0.8158620689655173,0.4618755477651183,0.22615039281705948,0.4422657952069717,0.0,0.0,0.0,0.0,0.5936599423631124
hier_clust,10,41,average,False,3546,7520,0.47154255319148936,0.9331034482758621,0.0,0.31986531986531985,0.5112563543936093,0.31683168316831684,0.08333333333333333,0.0,0.0,0.6152737752161384
hier_clust,20,67,complete,True,3543,7520,0.4711436170212766,0.743448275862069,0.49868536371603855,0.30190796857463525,0.5410312273057372,0.21287128712871287,0.0,0.0,0.13432835820895522,0.3976945244956772
hier_clust,3,8,ward,False,3543,7520,0.4711436170212766,0.6144827586206897,0.42857142857142855,0.0,0.7828612926652142,0.0,0.0,0.0,0.0,0.781700288184438
hier_clust,3,15,weighted,True,3543,7520,0.4711436170212766,0.7620689655172413,0.23137598597721298,0.41975308641975306,0.37400145243282495,0.07425742574257425,0.0,0.0,0.0,0.6455331412103746
hier_clust,5,52,median,True,3543,7520,0.4711436170212766,0.5958620689655172,0.34355828220858897,0.2946127946127946,0.5693536673928831,0.07425742574257425,0.0,0.0,0.007462686567164179,0.6930835734870316
hier_clust,False,61,complete,True,3543,7520,0.4711436170212766,0.7910344827586206,0.30499561787905344,0.3395061728395062,0.55119825708061,0.15346534653465346,0.0,0.0,0.15671641791044777,0.4553314121037464
hier_clust,3,7,ward,False,3543,7520,0.4711436170212766,0.6144827586206897,0.42857142857142855,0.0,0.7828612926652142,0.0,0.0,0.0,0.0,0.781700288184438
hier_clust,5,48,median,True,3541,7520,0.4708776595744681,0.5958620689655172,0.34355828220858897,0.2940516273849607,0.5693536673928831,0.07425742574257425,0.0,0.0,0.0,0.6930835734870316
hier_clust,3,7,ward,True,3535,7520,0.47007978723404253,0.7937931034482759,0.23049956178790534,0.19528619528619529,0.6412490922294843,0.0,0.0,0.0,0.0,0.6412103746397695
hier_clust,3,8,ward,True,3535,7520,0.47007978723404253,0.7937931034482759,0.23049956178790534,0.19528619528619529,0.6412490922294843,0.0,0.0,0.0,0.0,0.6412103746397695
hier_clust,20,52,complete,False,3535,7520,0.47007978723404253,0.7827586206896552,0.37423312883435583,0.4001122334455668,0.5119825708061002,0.07920792079207921,0.0,0.0,0.26865671641791045,0.36239193083573484
hier_clust,3,18,median,True,3534,7520,0.4699468085106383,0.8241379310344827,0.0,0.4057239057239057,0.5533769063180828,0.0,0.0,0.0,0.03731343283582089,0.611671469740634
hier_clust,2,23,median,True,3533,7520,0.469813829787234,0.6006896551724138,0.24101665205959685,0.5028058361391695,0.4233841684822077,0.07425742574257425,0.0,0.0,0.0,0.6433717579250721
hier_clust,5,25,complete,True,3531,7520,0.46954787234042555,0.7889655172413793,0.26818580192813324,0.3047138047138047,0.5410312273057372,0.18811881188118812,0.0,0.0,0.0,0.5439481268011528
hier_clust,4,11,complete,True,3531,7520,0.46954787234042555,0.7779310344827586,0.44609991235758106,0.06846240179573512,0.6928104575163399,0.0,0.0,0.0,0.0,0.5893371757925072
hier_clust,2,11,complete,False,3531,7520,0.46954787234042555,0.7013793103448276,0.37949167397020156,0.20875420875420875,0.6383442265795207,0.0,0.0,0.0,0.0,0.5979827089337176
hier_clust,4,12,complete,True,3531,7520,0.46954787234042555,0.7779310344827586,0.44609991235758106,0.06846240179573512,0.6928104575163399,0.0,0.0,0.0,0.0,0.5893371757925072
hier_clust,20,41,weighted,True,3531,7520,0.46954787234042555,0.7972413793103448,0.37160385626643294,0.14309764309764308,0.6281771968046478,0.2871287128712871,0.0,0.0,0.3582089552238806,0.5223342939481268
hier_clust,4,13,complete,False,3531,7520,0.46954787234042555,0.8013793103448276,0.15425065731814197,0.2255892255892256,0.5504720406681191,0.0,0.0,0.0,0.0,0.7442363112391931
hier_clust,20,48,complete,False,3529,7520,0.46928191489361704,0.7827586206896552,0.37423312883435583,0.36980920314253646,0.5468409586056645,0.07920792079207921,0.0,0.0,0.26865671641791045,0.36239193083573484
hier_clust,10,67,weighted,True,3529,7520,0.46928191489361704,0.8586206896551725,0.2357581069237511,0.34175084175084175,0.49600580973129993,0.3465346534653465,0.0,0.0,0.1791044776119403,0.4531700288184438
hier_clust,4,10,complete,True,3527,7520,0.4690159574468085,0.7779310344827586,0.44609991235758106,0.06004489337822671,0.70079883805374,0.0,0.0,0.0,0.0,0.5893371757925072
hier_clust,20,67,weighted,False,3526,7520,0.46888297872340423,0.9075862068965517,0.006134969325153374,0.2334455667789001,0.5366739288307916,0.3465346534653465,0.0,0.0,0.2537313432835821,0.6801152737752162
hier_clust,2,21,median,True,3526,7520,0.46888297872340423,0.6006896551724138,0.24101665205959685,0.478675645342312,0.4495279593318809,0.07425742574257425,0.0,0.0,0.0,0.6433717579250721
hier_clust,2,6,centroid,False,3525,7520,0.46875,0.8124137931034483,0.0,0.398989898989899,0.5570079883805374,0.0,0.0,0.0,0.0,0.6260806916426513
hier_clust,2,18,median,True,3524,7520,0.46861702127659577,0.6006896551724138,0.24101665205959685,0.47418630751964086,0.4538852578068264,0.07425742574257425,0.0,0.0,0.0,0.6433717579250721
hier_clust,2,17,median,True,3524,7520,0.46861702127659577,0.6006896551724138,0.24101665205959685,0.47418630751964086,0.4538852578068264,0.07425742574257425,0.0,0.0,0.0,0.6433717579250721
hier_clust,2,15,median,True,3524,7520,0.46861702127659577,0.6006896551724138,0.24101665205959685,0.47418630751964086,0.4538852578068264,0.07425742574257425,0.0,0.0,0.0,0.6433717579250721
hier_clust,2,20,median,True,3524,7520,0.46861702127659577,0.6006896551724138,0.24101665205959685,0.47418630751964086,0.4538852578068264,0.07425742574257425,0.0,0.0,0.0,0.6433717579250721
hier_clust,20,11,ward,True,3523,7520,0.4684840425531915,0.8158620689655173,0.4618755477651183,0.15993265993265993,0.5112563543936093,0.0,0.0,0.0,0.0,0.5936599423631124
hier_clust,20,10,ward,True,3523,7520,0.4684840425531915,0.8158620689655173,0.4618755477651183,0.15993265993265993,0.5112563543936093,0.0,0.0,0.0,0.0,0.5936599423631124
hier_clust,20,12,ward,True,3523,7520,0.4684840425531915,0.8158620689655173,0.4618755477651183,0.15993265993265993,0.5112563543936093,0.0,0.0,0.0,0.0,0.5936599423631124
hier_clust,20,13,ward,True,3523,7520,0.4684840425531915,0.8158620689655173,0.4618755477651183,0.15993265993265993,0.5112563543936093,0.0,0.0,0.0,0.0,0.5936599423631124
hier_clust,20,9,ward,True,3523,7520,0.4684840425531915,0.8158620689655173,0.4618755477651183,0.15993265993265993,0.5112563543936093,0.0,0.0,0.0,0.0,0.5936599423631124
hier_clust,20,7,ward,True,3523,7520,0.4684840425531915,0.8158620689655173,0.4618755477651183,0.15993265993265993,0.5112563543936093,0.0,0.0,0.0,0.0,0.5936599423631124
hier_clust,20,6,ward,True,3523,7520,0.4684840425531915,0.8158620689655173,0.4618755477651183,0.15993265993265993,0.5112563543936093,0.0,0.0,0.0,0.0,0.5936599423631124
hier_clust,20,8,ward,True,3523,7520,0.4684840425531915,0.8158620689655173,0.4618755477651183,0.15993265993265993,0.5112563543936093,0.0,0.0,0.0,0.0,0.5936599423631124
hier_clust,10,32,complete,False,3522,7520,0.46835106382978725,0.7758620689655172,0.26117440841367223,0.35241301907968575,0.5461147421931736,0.21782178217821782,0.0,0.0,0.0,0.48631123919308356
hier_clust,2,11,weighted,True,3521,7520,0.46821808510638296,0.7662068965517241,0.17353198948290974,0.3877665544332211,0.47785039941902685,0.0,0.0,0.0,0.0,0.6217579250720461
hier_clust,2,10,weighted,True,3521,7520,0.46821808510638296,0.7662068965517241,0.17353198948290974,0.3877665544332211,0.47785039941902685,0.0,0.0,0.0,0.0,0.6217579250720461
hier_clust,2,14,median,True,3519,7520,0.46795212765957445,0.6006896551724138,0.24101665205959685,0.5297418630751964,0.3783587509077705,0.07425742574257425,0.0,0.0,0.0,0.6433717579250721
hier_clust,2,13,median,True,3519,7520,0.46795212765957445,0.6006896551724138,0.24101665205959685,0.5297418630751964,0.3783587509077705,0.07425742574257425,0.0,0.0,0.0,0.6433717579250721
hier_clust,2,10,complete,False,3518,7520,0.4678191489361702,0.7013793103448276,0.37949167397020156,0.18237934904601572,0.6630355846042121,0.0,0.0,0.0,0.0,0.5979827089337176
hier_clust,2,9,complete,False,3518,7520,0.4678191489361702,0.7013793103448276,0.37949167397020156,0.18237934904601572,0.6630355846042121,0.0,0.0,0.0,0.0,0.5979827089337176
hier_clust,4,20,centroid,True,3518,7520,0.4678191489361702,0.7310344827586207,0.0,0.5308641975308642,0.420479302832244,0.01485148514851485,0.0,0.0,0.0,0.670028818443804
hier_clust,20,61,weighted,False,3518,7520,0.4678191489361702,0.9075862068965517,0.0035056967572304996,0.23007856341189675,0.5374001452432825,0.3465346534653465,0.0,0.0,0.2537313432835821,0.6801152737752162
hier_clust,2,8,complete,False,3518,7520,0.4678191489361702,0.7013793103448276,0.37949167397020156,0.18237934904601572,0.6630355846042121,0.0,0.0,0.0,0.0,0.5979827089337176
hier_clust,4,12,complete,False,3517,7520,0.467686170212766,0.8013793103448276,0.0,0.3164983164983165,0.5504720406681191,0.0,0.0,0.0,0.0,0.7442363112391931
hier_clust,4,11,complete,False,3517,7520,0.467686170212766,0.8013793103448276,0.0,0.3164983164983165,0.5504720406681191,0.0,0.0,0.0,0.0,0.7442363112391931
hier_clust,5,18,average,True,3516,7520,0.4675531914893617,0.8131034482758621,0.3409290096406661,0.2474747474747475,0.4793028322440087,0.054455445544554455,0.0,0.0,0.0,0.6023054755043228
hier_clust,4,15,centroid,True,3516,7520,0.4675531914893617,0.7310344827586207,0.0,0.5308641975308642,0.420479302832244,0.0049504950495049506,0.0,0.0,0.0,0.670028818443804
hier_clust,4,17,centroid,True,3516,7520,0.4675531914893617,0.7310344827586207,0.0,0.5308641975308642,0.420479302832244,0.0049504950495049506,0.0,0.0,0.0,0.670028818443804
hier_clust,4,18,centroid,True,3516,7520,0.4675531914893617,0.7310344827586207,0.0,0.5308641975308642,0.420479302832244,0.0049504950495049506,0.0,0.0,0.0,0.670028818443804
hier_clust,20,57,weighted,False,3516,7520,0.4675531914893617,0.906896551724138,0.0043821209465381246,0.22839506172839505,0.5381263616557734,0.3465346534653465,0.0,0.0,0.2537313432835821,0.6801152737752162
hier_clust,20,61,complete,True,3515,7520,0.46742021276595747,0.743448275862069,0.49868536371603855,0.2570145903479237,0.5875090777051561,0.15346534653465346,0.0,0.0,0.13432835820895522,0.3976945244956772
hier_clust,3,6,ward,True,3515,7520,0.46742021276595747,0.7937931034482759,0.0,0.33164983164983164,0.6412490922294843,0.0,0.0,0.0,0.0,0.6412103746397695
hier_clust,20,45,complete,False,3514,7520,0.4672872340425532,0.7827586206896552,0.2883435582822086,0.3939393939393939,0.5758896151053013,0.07920792079207921,0.0,0.0,0.26865671641791045,0.36239193083573484
hier_clust,3,15,weighted,False,3514,7520,0.4672872340425532,0.7034482758620689,0.0,0.4068462401795735,0.5439360929557008,0.0,0.0,0.0,0.0,0.7348703170028819
hier_clust,4,11,average,False,3514,7520,0.4672872340425532,0.923448275862069,0.0,0.2755331088664422,0.5105301379811183,0.024752475247524754,0.0,0.0,0.0,0.7031700288184438
hier_clust,4,14,centroid,True,3513,7520,0.46715425531914895,0.733103448275862,0.0,0.5274971941638609,0.420479302832244,0.0049504950495049506,0.0,0.0,0.0,0.670028818443804
hier_clust,10,61,weighted,True,3513,7520,0.46715425531914895,0.8586206896551725,0.2401402278702892,0.34062850729517397,0.4974582425562818,0.24257425742574257,0.0,0.0,0.1791044776119403,0.4531700288184438
hier_clust,5,45,median,True,3512,7520,0.46702127659574466,0.5958620689655172,0.34355828220858897,0.3507295173961841,0.4749455337690632,0.07425742574257425,0.0,0.0,0.0,0.6930835734870316
hier_clust,10,30,complete,False,3512,7520,0.46702127659574466,0.7758620689655172,0.26117440841367223,0.345679012345679,0.5461147421931736,0.21782178217821782,0.0,0.0,0.0,0.4877521613832853
hier_clust,3,17,median,True,3510,7520,0.46675531914893614,0.7096551724137931,0.0,0.48540965207631875,0.5533769063180828,0.0,0.0,0.0,0.03731343283582089,0.611671469740634
hier_clust,3,15,median,True,3510,7520,0.46675531914893614,0.7096551724137931,0.0,0.48540965207631875,0.5533769063180828,0.0,0.0,0.0,0.03731343283582089,0.611671469740634
hier_clust,3,14,median,True,3510,7520,0.46675531914893614,0.7096551724137931,0.0,0.48540965207631875,0.5533769063180828,0.0,0.0,0.0,0.03731343283582089,0.611671469740634
hier_clust,3,17,average,True,3510,7520,0.46675531914893614,0.7696551724137931,0.3023663453111306,0.0005611672278338945,0.7450980392156863,0.06435643564356436,0.0,0.0,0.007462686567164179,0.7262247838616714
hier_clust,4,10,ward,True,3509,7520,0.4666223404255319,0.7482758620689656,0.19456617002629273,0.4169472502805836,0.47276688453159044,0.0,0.0,0.0,0.0,0.5821325648414986
hier_clust,3,10,median,True,3509,7520,0.4666223404255319,0.7096551724137931,0.0,0.48540965207631875,0.5526506899055919,0.0,0.0,0.0,0.03731343283582089,0.611671469740634
hier_clust,3,11,median,True,3509,7520,0.4666223404255319,0.7096551724137931,0.0,0.48540965207631875,0.5526506899055919,0.0,0.0,0.0,0.03731343283582089,0.611671469740634
hier_clust,3,12,median,True,3509,7520,0.4666223404255319,0.7096551724137931,0.0,0.48540965207631875,0.5526506899055919,0.0,0.0,0.0,0.03731343283582089,0.611671469740634
hier_clust,20,38,weighted,True,3509,7520,0.4666223404255319,0.7972413793103448,0.37160385626643294,0.09708193041526375,0.6717501815541032,0.2871287128712871,0.0,0.0,0.3582089552238806,0.5223342939481268
hier_clust,3,13,median,True,3509,7520,0.4666223404255319,0.7096551724137931,0.0,0.48540965207631875,0.5526506899055919,0.0,0.0,0.0,0.03731343283582089,0.611671469740634
hier_clust,3,14,average,False,3509,7520,0.4666223404255319,0.9337931034482758,0.025416301489921123,0.4494949494949495,0.31953522149600583,0.0,0.0,0.0,0.0,0.6376080691642652
hier_clust,3,15,average,True,3509,7520,0.4666223404255319,0.7696551724137931,0.3023663453111306,0.0005611672278338945,0.7450980392156863,0.06435643564356436,0.0,0.0,0.0,0.7262247838616714
hier_clust,False,7,ward,True,3508,7520,0.4664893617021277,0.6268965517241379,0.3058720420683611,0.24017957351290684,0.6506899055918663,0.0,0.0,0.0,0.0,0.6671469740634006
hier_clust,5,41,median,True,3507,7520,0.4663563829787234,0.5958620689655172,0.3172655565293602,0.3664421997755331,0.4749455337690632,0.0594059405940594,0.0,0.0,0.0,0.6930835734870316
hier_clust,4,18,median,False,3505,7520,0.4660904255319149,0.6786206896551724,0.11218229623137599,0.3372615039281706,0.6608569353667393,0.0,0.0,0.0,0.0,0.6354466858789626
hier_clust,4,9,average,False,3502,7520,0.4656914893617021,0.9351724137931035,0.0,0.25925925925925924,0.5105301379811183,0.024752475247524754,0.0,0.0,0.0,0.7031700288184438
hier_clust,4,8,average,False,3502,7520,0.4656914893617021,0.9351724137931035,0.0,0.25925925925925924,0.5105301379811183,0.024752475247524754,0.0,0.0,0.0,0.7031700288184438
hier_clust,4,10,average,False,3502,7520,0.4656914893617021,0.9351724137931035,0.0,0.25925925925925924,0.5105301379811183,0.024752475247524754,0.0,0.0,0.0,0.7031700288184438
hier_clust,5,32,weighted,False,3502,7520,0.4656914893617021,0.8420689655172414,0.12357581069237511,0.30303030303030304,0.5715323166303559,0.18811881188118812,0.0,0.0,0.0,0.55835734870317
hier_clust,20,35,weighted,True,3501,7520,0.4655585106382979,0.7972413793103448,0.37160385626643294,0.09259259259259259,0.6717501815541032,0.2871287128712871,0.0,0.0,0.3582089552238806,0.5223342939481268
hier_clust,4,48,median,True,3501,7520,0.4655585106382979,0.7924137931034483,0.19281332164767748,0.4281705948372615,0.4422657952069717,0.13861386138613863,0.0,0.0,0.0,0.5273775216138329
hier_clust,3,13,average,True,3500,7520,0.4654255319148936,0.7696551724137931,0.3023663453111306,0.0005611672278338945,0.7480029048656499,0.0,0.0,0.0,0.0,0.7262247838616714
hier_clust,3,12,average,True,3500,7520,0.4654255319148936,0.7696551724137931,0.3023663453111306,0.0005611672278338945,0.7480029048656499,0.0,0.0,0.0,0.0,0.7262247838616714
hier_clust,3,14,average,True,3500,7520,0.4654255319148936,0.7696551724137931,0.3023663453111306,0.0005611672278338945,0.7480029048656499,0.0,0.0,0.0,0.0,0.7262247838616714
hier_clust,False,52,complete,False,3499,7520,0.4652925531914894,0.7848275862068965,0.3137598597721297,0.398989898989899,0.5344952795933188,0.400990099009901,0.0,0.0,0.0,0.34221902017291067
hier_clust,3,11,average,True,3499,7520,0.4652925531914894,0.7696551724137931,0.3023663453111306,0.0,0.7480029048656499,0.0,0.0,0.0,0.0,0.7262247838616714
hier_clust,3,10,average,True,3499,7520,0.4652925531914894,0.7696551724137931,0.3023663453111306,0.0,0.7480029048656499,0.0,0.0,0.0,0.0,0.7262247838616714
hier_clust,20,41,complete,False,3498,7520,0.4651595744680851,0.7827586206896552,0.2883435582822086,0.3939393939393939,0.5758896151053013,0.0,0.0,0.0,0.26865671641791045,0.36239193083573484
hier_clust,4,12,centroid,True,3498,7520,0.4651595744680851,0.733103448275862,0.0,0.5819304152637486,0.3391430646332607,0.0049504950495049506,0.0,0.0,0.0,0.670028818443804
hier_clust,4,13,centroid,True,3498,7520,0.4651595744680851,0.733103448275862,0.0,0.5819304152637486,0.3391430646332607,0.0049504950495049506,0.0,0.0,0.0,0.670028818443804
hier_clust,10,38,complete,True,3497,7520,0.46502659574468086,0.7903448275862069,0.33216476774758985,0.29124579124579125,0.5315904139433552,0.12376237623762376,0.0,0.0,0.13432835820895522,0.4884726224783862
hier_clust,10,38,average,False,3497,7520,0.46502659574468086,0.9331034482758621,0.0,0.23007856341189675,0.5918663761801016,0.31683168316831684,0.08333333333333333,0.0,0.0,0.6152737752161384
hier_clust,False,48,complete,False,3497,7520,0.46502659574468086,0.7848275862068965,0.3137598597721297,0.398989898989899,0.5424836601307189,0.33663366336633666,0.0,0.0,0.0,0.34221902017291067
hier_clust,10,57,weighted,True,3495,7520,0.46476063829787234,0.8586206896551725,0.2401402278702892,0.3372615039281706,0.4843863471314452,0.25742574257425743,0.0,0.0,0.1791044776119403,0.4553314121037464
hier_clust,10,35,complete,True,3495,7520,0.46476063829787234,0.7903448275862069,0.33216476774758985,0.29236812570145904,0.5286855482933914,0.12376237623762376,0.0,0.0,0.13432835820895522,0.4884726224783862
hier_clust,20,38,complete,False,3494,7520,0.4646276595744681,0.7827586206896552,0.2883435582822086,0.398989898989899,0.5664488017429193,0.0,0.0,0.0,0.26865671641791045,0.36239193083573484
hier_clust,10,27,complete,False,3494,7520,0.4646276595744681,0.7758620689655172,0.26117440841367223,0.345679012345679,0.5395787944807553,0.15841584158415842,0.0,0.0,0.0,0.4899135446685879
hier_clust,False,6,ward,True,3492,7520,0.4643617021276596,0.856551724137931,0.0,0.24017957351290684,0.6506899055918663,0.0,0.0,0.0,0.0,0.6671469740634006
hier_clust,3,17,centroid,False,3488,7520,0.46382978723404256,0.8013793103448276,0.37773882559158634,0.26374859708193044,0.49310094408133626,0.009900990099009901,0.0,0.0,0.0,0.5360230547550432
hier_clust,3,20,centroid,False,3488,7520,0.46382978723404256,0.8013793103448276,0.37773882559158634,0.26374859708193044,0.49310094408133626,0.009900990099009901,0.0,0.0,0.0,0.5360230547550432
hier_clust,3,18,centroid,False,3488,7520,0.46382978723404256,0.8013793103448276,0.37773882559158634,0.26374859708193044,0.49310094408133626,0.009900990099009901,0.0,0.0,0.0,0.5360230547550432
hier_clust,4,45,median,True,3487,7520,0.4636968085106383,0.7924137931034483,0.19281332164767748,0.4281705948372615,0.4458968772694263,0.13861386138613863,0.0,0.0,0.0,0.5136887608069164
hier_clust,False,57,complete,True,3487,7520,0.4636968085106383,0.7910344827586206,0.2331288343558282,0.3395061728395062,0.55119825708061,0.15346534653465346,0.0,0.0,0.15671641791044777,0.47406340057636887
hier_clust,2,5,ward,False,3486,7520,0.46356382978723404,0.8075862068965517,0.0,0.5566778900112234,0.47785039941902685,0.0,0.0,0.0,0.0,0.47910662824207495
hier_clust,4,41,median,True,3486,7520,0.46356382978723404,0.7924137931034483,0.19281332164767748,0.4276094276094276,0.4458968772694263,0.13861386138613863,0.0,0.0,0.0,0.5136887608069164
hier_clust,4,38,median,True,3485,7520,0.4634308510638298,0.7924137931034483,0.19281332164767748,0.4276094276094276,0.4502541757443718,0.10396039603960396,0.0,0.0,0.0,0.5136887608069164
hier_clust,5,30,weighted,False,3484,7520,0.4632978723404255,0.8420689655172414,0.12357581069237511,0.22334455667789002,0.6615831517792302,0.18811881188118812,0.0,0.0,0.0,0.55835734870317
hier_clust,3,14,weighted,False,3483,7520,0.4631648936170213,0.7034482758620689,0.0,0.3608305274971942,0.5439360929557008,0.0,0.0,0.0,0.0,0.771613832853026
hier_clust,4,15,average,True,3483,7520,0.4631648936170213,0.7827586206896552,0.1516213847502191,0.4450056116722783,0.35657225853304286,0.009900990099009901,0.0,0.0,0.0,0.6404899135446686
hier_clust,4,14,average,True,3483,7520,0.4631648936170213,0.7827586206896552,0.1516213847502191,0.4450056116722783,0.35657225853304286,0.009900990099009901,0.0,0.0,0.0,0.6404899135446686
hier_clust,4,13,average,True,3483,7520,0.4631648936170213,0.7827586206896552,0.1516213847502191,0.4450056116722783,0.35657225853304286,0.009900990099009901,0.0,0.0,0.0,0.6404899135446686
hier_clust,4,12,average,True,3483,7520,0.4631648936170213,0.7827586206896552,0.1516213847502191,0.4450056116722783,0.35657225853304286,0.009900990099009901,0.0,0.0,0.0,0.6404899135446686
hier_clust,4,18,weighted,False,3482,7520,0.463031914893617,0.829655172413793,0.26643295354951796,0.22727272727272727,0.6376180101670298,0.0,0.0,0.0,0.0,0.49855907780979825
hier_clust,3,11,complete,False,3481,7520,0.46289893617021277,0.9296551724137931,0.0,0.24635241301907967,0.6063907044299202,0.0,0.0,0.0,0.0,0.6188760806916427
hier_clust,4,11,average,True,3481,7520,0.46289893617021277,0.7827586206896552,0.15337423312883436,0.4450056116722783,0.35366739288307913,0.009900990099009901,0.0,0.0,0.0,0.6404899135446686
hier_clust,4,7,average,False,3480,7520,0.4627659574468085,0.9351724137931035,0.0,0.25925925925925924,0.49310094408133626,0.024752475247524754,0.0,0.0,0.0,0.7046109510086456
hier_clust,5,27,weighted,False,3480,7520,0.4627659574468085,0.8420689655172414,0.12357581069237511,0.22334455667789002,0.6681190994916485,0.12376237623762376,0.0,0.0,0.0,0.55835734870317
hier_clust,10,92,weighted,False,3478,7520,0.4625,0.7848275862068965,0.18930762489044697,0.4292929292929293,0.5911401597676107,0.30198019801980197,0.0,0.0,0.0,0.34870317002881845
hier_clust,3,12,weighted,False,3478,7520,0.4625,0.7034482758620689,0.0,0.3686868686868687,0.5301379811183733,0.0,0.0,0.0,0.0,0.771613832853026
hier_clust,20,35,complete,False,3478,7520,0.4625,0.7827586206896552,0.2883435582822086,0.4068462401795735,0.5446623093681917,0.0,0.0,0.0,0.26865671641791045,0.36239193083573484
hier_clust,3,13,weighted,False,3478,7520,0.4625,0.7034482758620689,0.0,0.3686868686868687,0.5301379811183733,0.0,0.0,0.0,0.0,0.771613832853026
hier_clust,5,11,complete,False,3477,7520,0.46236702127659574,0.9427586206896552,0.0,0.4494949494949495,0.4422657952069717,0.0,0.0,0.0,0.0,0.5043227665706052
hier_clust,5,12,complete,False,3477,7520,0.46236702127659574,0.9427586206896552,0.0,0.4494949494949495,0.4422657952069717,0.0,0.0,0.0,0.0,0.5043227665706052
hier_clust,4,15,weighted,False,3476,7520,0.4622340425531915,0.829655172413793,0.24978089395267308,0.2345679012345679,0.6376180101670298,0.0,0.0,0.0,0.0,0.49855907780979825
hier_clust,4,14,weighted,False,3476,7520,0.4622340425531915,0.829655172413793,0.24978089395267308,0.2345679012345679,0.6376180101670298,0.0,0.0,0.0,0.0,0.49855907780979825
hier_clust,10,35,average,False,3476,7520,0.4622340425531915,0.9331034482758621,0.0,0.2132435465768799,0.5918663761801016,0.31683168316831684,0.08333333333333333,0.0,0.0,0.6217579250720461
hier_clust,4,9,ward,False,3476,7520,0.4622340425531915,0.6772413793103448,0.0,0.4399551066217733,0.4538852578068264,0.0,0.0,0.0,0.0,0.781700288184438
hier_clust,4,17,weighted,False,3476,7520,0.4622340425531915,0.829655172413793,0.24978089395267308,0.2345679012345679,0.6376180101670298,0.0,0.0,0.0,0.0,0.49855907780979825
hier_clust,4,13,weighted,False,3476,7520,0.4622340425531915,0.829655172413793,0.24978089395267308,0.2345679012345679,0.6376180101670298,0.0,0.0,0.0,0.0,0.49855907780979825
hier_clust,3,13,average,False,3474,7520,0.461968085106383,0.9337931034482758,0.025416301489921123,0.3900112233445567,0.31953522149600583,0.0,0.0,0.0,0.0,0.6887608069164265
hier_clust,3,11,average,False,3474,7520,0.461968085106383,0.9337931034482758,0.025416301489921123,0.3900112233445567,0.31953522149600583,0.0,0.0,0.0,0.0,0.6887608069164265
hier_clust,20,100,average,False,3474,7520,0.461968085106383,0.9482758620689655,0.008764241893076249,0.2620650953984287,0.6325344952795933,0.20297029702970298,0.3333333333333333,0.0,0.0,0.5086455331412104
hier_clust,3,12,average,False,3474,7520,0.461968085106383,0.9337931034482758,0.025416301489921123,0.3900112233445567,0.31953522149600583,0.0,0.0,0.0,0.0,0.6887608069164265
hier_clust,20,92,average,False,3471,7520,0.46156914893617024,0.9482758620689655,0.007887817703768623,0.2570145903479237,0.6405228758169934,0.18316831683168316,0.3333333333333333,0.0,0.0,0.5086455331412104
hier_clust,20,78,average,False,3470,7520,0.46143617021276595,0.9482758620689655,0.006134969325153374,0.25757575757575757,0.6405228758169934,0.18316831683168316,0.3333333333333333,0.0,0.0,0.5086455331412104
hier_clust,20,85,average,False,3470,7520,0.46143617021276595,0.9482758620689655,0.006134969325153374,0.25757575757575757,0.6405228758169934,0.18316831683168316,0.3333333333333333,0.0,0.0,0.5086455331412104
hier_clust,10,85,weighted,False,3469,7520,0.4613031914893617,0.7848275862068965,0.18930762489044697,0.46352413019079686,0.5344952795933188,0.30198019801980197,0.0,0.0,0.0,0.35446685878962536
hier_clust,5,23,complete,True,3469,7520,0.4613031914893617,0.7889655172413793,0.3523225241016652,0.2671156004489338,0.4749455337690632,0.18811881188118812,0.0,0.0,0.0,0.5439481268011528
hier_clust,20,32,complete,False,3467,7520,0.4610372340425532,0.7827586206896552,0.33654688869412797,0.36980920314253646,0.5446623093681917,0.0,0.0,0.0,0.26865671641791045,0.36239193083573484
hier_clust,20,30,complete,False,3467,7520,0.4610372340425532,0.7827586206896552,0.33654688869412797,0.36980920314253646,0.5446623093681917,0.0,0.0,0.0,0.26865671641791045,0.36239193083573484
hier_clust,5,57,weighted,True,3467,7520,0.4610372340425532,0.7820689655172414,0.3172655565293602,0.3888888888888889,0.5976761074800291,0.3217821782178218,0.0,0.0,0.0,0.28097982708933716
hier_clust,5,13,median,False,3466,7520,0.4609042553191489,0.613103448275862,0.6459246275197196,0.10437710437710437,0.43790849673202614,0.0,0.0,0.0,0.0,0.7572046109510087
hier_clust,5,48,weighted,True,3465,7520,0.4607712765957447,0.7820689655172414,0.39526730937773885,0.3367003367003367,0.5976761074800291,0.3217821782178218,0.0,0.0,0.0,0.2824207492795389
hier_clust,20,52,weighted,False,3465,7520,0.4607712765957447,0.906896551724138,0.0043821209465381246,0.14029180695847362,0.6405228758169934,0.1485148514851485,0.0,0.0,0.2537313432835821,0.6837175792507204
hier_clust,10,32,complete,True,3465,7520,0.4607712765957447,0.7903448275862069,0.33216476774758985,0.26430976430976433,0.5504720406681191,0.12376237623762376,0.0,0.0,0.0,0.4942363112391931
hier_clust,5,52,weighted,True,3465,7520,0.4607712765957447,0.7820689655172414,0.39526730937773885,0.3372615039281706,0.5976761074800291,0.3217821782178218,0.0,0.0,0.0,0.28170028818443804
hier_clust,2,11,median,True,3464,7520,0.46063829787234045,0.7524137931034482,0.0,0.5297418630751964,0.3783587509077705,0.07425742574257425,0.0,0.0,0.0,0.6433717579250721
hier_clust,2,12,median,True,3464,7520,0.46063829787234045,0.7524137931034482,0.0,0.5297418630751964,0.3783587509077705,0.07425742574257425,0.0,0.0,0.0,0.6433717579250721
hier_clust,3,6,ward,False,3463,7520,0.46050531914893617,0.786896551724138,0.42857142857142855,0.0,0.7828612926652142,0.0,0.0,0.0,0.0,0.5439481268011528
hier_clust,3,5,ward,False,3463,7520,0.46050531914893617,0.786896551724138,0.42857142857142855,0.0,0.7828612926652142,0.0,0.0,0.0,0.0,0.5439481268011528
hier_clust,5,25,weighted,False,3462,7520,0.46037234042553193,0.8420689655172414,0.12357581069237511,0.18967452300785634,0.6986201888162672,0.12376237623762376,0.0,0.0,0.0,0.55835734870317
hier_clust,10,32,average,False,3462,7520,0.46037234042553193,0.9331034482758621,0.0,0.2132435465768799,0.6245461147421931,0.024752475247524754,0.08333333333333333,0.0,0.0,0.6217579250720461
hier_clust,5,17,average,True,3461,7520,0.46023936170212765,0.8131034482758621,0.3663453111305872,0.2474747474747475,0.41830065359477125,0.054455445544554455,0.0,0.0,0.0,0.6023054755043228
hier_clust,20,72,average,False,3460,7520,0.4601063829787234,0.9482758620689655,0.006134969325153374,0.25084175084175087,0.6419753086419753,0.1782178217821782,0.08333333333333333,0.0,0.0,0.5115273775216138
hier_clust,5,8,ward,True,3460,7520,0.4601063829787234,0.7731034482758621,0.4925503943908852,0.10886644219977554,0.6514161220043573,0.0,0.0,0.0,0.0,0.4942363112391931
hier_clust,20,67,average,False,3459,7520,0.45997340425531913,0.9482758620689655,0.006134969325153374,0.24859708193041527,0.6441539578794481,0.1782178217821782,0.08333333333333333,0.0,0.0,0.5115273775216138
hier_clust,False,100,average,False,3457,7520,0.4597074468085106,0.9586206896551724,0.0035056967572304996,0.3271604938271605,0.495279593318809,0.2079207920792079,0.0,0.0,0.3656716417910448,0.5093659942363112
hier_clust,2,10,median,True,3457,7520,0.4597074468085106,0.7524137931034482,0.0,0.5297418630751964,0.3841684822076979,0.0,0.0,0.0,0.0,0.6433717579250721
hier_clust,4,35,median,True,3456,7520,0.4595744680851064,0.8096551724137931,0.1866783523225241,0.4214365881032548,0.4241103848946986,0.10396039603960396,0.0,0.0,0.0,0.5136887608069164
hier_clust,4,32,median,True,3456,7520,0.4595744680851064,0.8096551724137931,0.1866783523225241,0.4214365881032548,0.4241103848946986,0.10396039603960396,0.0,0.0,0.0,0.5136887608069164
hier_clust,3,23,median,False,3456,7520,0.4595744680851064,0.8524137931034482,0.009640666082383873,0.14758698092031425,0.6877269426289034,0.11386138613861387,0.0,0.0,0.0,0.7031700288184438
hier_clust,3,21,median,False,3456,7520,0.4595744680851064,0.8524137931034482,0.009640666082383873,0.14758698092031425,0.6877269426289034,0.11386138613861387,0.0,0.0,0.0,0.7031700288184438
hier_clust,3,15,centroid,False,3456,7520,0.4595744680851064,0.8151724137931035,0.0,0.4764309764309764,0.49310094408133626,0.009900990099009901,0.0,0.0,0.0,0.5360230547550432
hier_clust,10,5,ward,True,3456,7520,0.4595744680851064,0.7572413793103449,0.5696757230499562,0.0,0.6296296296296297,0.0,0.0,0.0,0.0,0.6059077809798271
hier_clust,10,4,ward,True,3456,7520,0.4595744680851064,0.7572413793103449,0.5696757230499562,0.0,0.6296296296296297,0.0,0.0,0.0,0.0,0.6059077809798271
hier_clust,3,13,centroid,False,3456,7520,0.4595744680851064,0.8151724137931035,0.0,0.4764309764309764,0.49310094408133626,0.009900990099009901,0.0,0.0,0.0,0.5360230547550432
hier_clust,3,14,centroid,False,3456,7520,0.4595744680851064,0.8151724137931035,0.0,0.4764309764309764,0.49310094408133626,0.009900990099009901,0.0,0.0,0.0,0.5360230547550432
hier_clust,10,6,ward,True,3456,7520,0.4595744680851064,0.7572413793103449,0.5696757230499562,0.0,0.6296296296296297,0.0,0.0,0.0,0.0,0.6059077809798271
hier_clust,20,48,weighted,False,3455,7520,0.45944148936170215,0.906896551724138,0.0043821209465381246,0.12457912457912458,0.6405228758169934,0.1485148514851485,0.0,0.0,0.2537313432835821,0.696685878962536
hier_clust,10,100,average,True,3454,7520,0.45930851063829786,0.9482758620689655,0.0,0.2721661054994388,0.6027596223674655,0.16336633663366337,0.0,0.0,0.0,0.526657060518732
hier_clust,5,45,weighted,True,3453,7520,0.45917553191489363,0.7820689655172414,0.3803680981595092,0.3395061728395062,0.5976761074800291,0.3217821782178218,0.0,0.0,0.0,0.2824207492795389
hier_clust,20,45,weighted,False,3453,7520,0.45917553191489363,0.906896551724138,0.0043821209465381246,0.12457912457912458,0.6441539578794481,0.11386138613861387,0.0,0.0,0.2537313432835821,0.696685878962536
hier_clust,False,52,complete,True,3452,7520,0.45904255319148934,0.7910344827586206,0.2331288343558282,0.3164983164983165,0.5562817719680465,0.1485148514851485,0.0,0.0,0.15671641791044777,0.47406340057636887
hier_clust,20,4,ward,True,3452,7520,0.45904255319148934,0.8158620689655173,0.0,0.4158249158249158,0.5112563543936093,0.0,0.0,0.0,0.0,0.5936599423631124
hier_clust,20,5,ward,True,3452,7520,0.45904255319148934,0.8158620689655173,0.0,0.4158249158249158,0.5112563543936093,0.0,0.0,0.0,0.0,0.5936599423631124
hier_clust,3,10,average,False,3451,7520,0.4589095744680851,0.9337931034482758,0.0,0.3900112233445567,0.31953522149600583,0.0,0.0,0.0,0.0,0.6930835734870316
hier_clust,20,27,complete,False,3450,7520,0.4587765957446808,0.7827586206896552,0.33654688869412797,0.3759820426487093,0.5519244734931009,0.0,0.0,0.0,0.26865671641791045,0.335014409221902
hier_clust,4,30,median,True,3450,7520,0.4587765957446808,0.8096551724137931,0.1866783523225241,0.4214365881032548,0.42556281771968046,0.06435643564356436,0.0,0.0,0.0,0.5136887608069164
hier_clust,2,7,centroid,True,3449,7520,0.4586436170212766,0.829655172413793,0.0,0.3658810325476992,0.6572258533042846,0.06930693069306931,0.0,0.0,0.0,0.48631123919308356
hier_clust,3,14,weighted,True,3449,7520,0.4586436170212766,0.7620689655172413,0.0,0.5151515151515151,0.37400145243282495,0.07425742574257425,0.0,0.0,0.0,0.6455331412103746
hier_clust,4,17,median,False,3449,7520,0.4586436170212766,0.6786206896551724,0.03067484662576687,0.3372615039281706,0.6877269426289034,0.0,0.0,0.0,0.0,0.6354466858789626
hier_clust,3,9,average,True,3447,7520,0.4583776595744681,0.7696551724137931,0.0,0.23063973063973064,0.6623093681917211,0.0,0.0,0.0,0.0,0.7262247838616714
hier_clust,4,10,average,True,3446,7520,0.45824468085106385,0.7827586206896552,0.0,0.5235690235690236,0.35366739288307913,0.009900990099009901,0.0,0.0,0.0,0.6404899135446686
hier_clust,4,9,average,True,3446,7520,0.45824468085106385,0.7827586206896552,0.0,0.5235690235690236,0.35366739288307913,0.009900990099009901,0.0,0.0,0.0,0.6404899135446686
hier_clust,3,20,median,False,3445,7520,0.45811170212765956,0.8524137931034482,0.009640666082383873,0.14758698092031425,0.6928104575163399,0.024752475247524754,0.0,0.0,0.0,0.7031700288184438
hier_clust,5,41,weighted,True,3445,7520,0.45811170212765956,0.7820689655172414,0.38475021910604734,0.3395061728395062,0.5882352941176471,0.3217821782178218,0.0,0.0,0.0,0.2824207492795389
hier_clust,10,30,average,False,3444,7520,0.45797872340425533,0.9331034482758621,0.0,0.15993265993265993,0.6804647785039942,0.024752475247524754,0.08333333333333333,0.0,0.0,0.6217579250720461
hier_clust,5,17,average,False,3443,7520,0.45784574468085104,0.9627586206896551,0.0,0.030864197530864196,0.7371096586782862,0.0,0.0,0.0,0.0,0.7038904899135446
hier_clust,5,18,average,False,3443,7520,0.45784574468085104,0.9627586206896551,0.0,0.030864197530864196,0.7371096586782862,0.0,0.0,0.0,0.0,0.7038904899135446
hier_clust,False,41,complete,False,3443,7520,0.45784574468085104,0.7848275862068965,0.3137598597721297,0.3265993265993266,0.5649963689179376,0.37623762376237624,0.0,0.0,0.0,0.3681556195965418
hier_clust,10,25,complete,False,3443,7520,0.45784574468085104,0.7758620689655172,0.2979842243645925,0.2934904601571268,0.5395787944807553,0.15841584158415842,0.0,0.0,0.0,0.4899135446685879
hier_clust,5,20,average,False,3443,7520,0.45784574468085104,0.9627586206896551,0.0,0.030864197530864196,0.7371096586782862,0.0,0.0,0.0,0.0,0.7038904899135446
hier_clust,3,9,average,False,3443,7520,0.45784574468085104,0.9337931034482758,0.0,0.21212121212121213,0.5439360929557008,0.0,0.0,0.0,0.0,0.6930835734870316
hier_clust,False,45,complete,False,3443,7520,0.45784574468085104,0.7848275862068965,0.3137598597721297,0.3265993265993266,0.5649963689179376,0.37623762376237624,0.0,0.0,0.0,0.3681556195965418
hier_clust,5,21,average,False,3443,7520,0.45784574468085104,0.9627586206896551,0.0,0.030864197530864196,0.7371096586782862,0.0,0.0,0.0,0.0,0.7038904899135446
hier_clust,3,12,weighted,True,3442,7520,0.4577127659574468,0.7620689655172413,0.0,0.4943883277216611,0.39578794480755264,0.07425742574257425,0.0,0.0,0.0,0.6455331412103746
hier_clust,False,100,weighted,True,3442,7520,0.4577127659574468,0.6917241379310345,0.5170902716914987,0.31874298540965207,0.5657225853304285,0.2871287128712871,0.0,0.0,0.31343283582089554,0.2896253602305475
hier_clust,3,13,weighted,True,3442,7520,0.4577127659574468,0.7620689655172413,0.0,0.4943883277216611,0.39578794480755264,0.07425742574257425,0.0,0.0,0.0,0.6455331412103746
hier_clust,4,8,average,True,3440,7520,0.4574468085106383,0.7827586206896552,0.0,0.5134680134680135,0.3623819898329702,0.009900990099009901,0.0,0.0,0.0,0.6404899135446686
hier_clust,3,8,average,False,3439,7520,0.45731382978723406,0.9337931034482758,0.0,0.0016835016835016834,0.813362381989833,0.0,0.0,0.0,0.0,0.6930835734870316
hier_clust,False,92,weighted,True,3439,7520,0.45731382978723406,0.6917241379310345,0.516213847502191,0.3170594837261504,0.5664488017429193,0.2871287128712871,0.0,0.0,0.31343283582089554,0.2896253602305475
hier_clust,False,38,complete,False,3438,7520,0.4571808510638298,0.7848275862068965,0.3137598597721297,0.3265993265993266,0.5744371822803195,0.2871287128712871,0.0,0.0,0.0,0.3681556195965418
hier_clust,10,78,weighted,False,3438,7520,0.4571808510638298,0.7848275862068965,0.18930762489044697,0.5011223344556678,0.46332607116920843,0.30198019801980197,0.0,0.0,0.0,0.35446685878962536
hier_clust,5,14,average,False,3437,7520,0.45704787234042554,0.9627586206896551,0.0,0.02356902356902357,0.7421931735657226,0.0,0.0,0.0,0.0,0.7038904899135446
hier_clust,5,13,average,False,3437,7520,0.45704787234042554,0.9627586206896551,0.0,0.02356902356902357,0.7421931735657226,0.0,0.0,0.0,0.0,0.7038904899135446
hier_clust,5,38,median,True,3437,7520,0.45704787234042554,0.5958620689655172,0.3172655565293602,0.2856341189674523,0.5272331154684096,0.0594059405940594,0.0,0.0,0.0,0.6945244956772334
hier_clust,5,15,average,False,3437,7520,0.45704787234042554,0.9627586206896551,0.0,0.02356902356902357,0.7421931735657226,0.0,0.0,0.0,0.0,0.7038904899135446
hier_clust,10,27,average,False,3436,7520,0.45691489361702126,0.9324137931034483,0.0,0.15824915824915825,0.6761074800290486,0.024752475247524754,0.08333333333333333,0.0,0.0,0.6231988472622478
hier_clust,4,9,ward,True,3436,7520,0.45691489361702126,0.7482758620689656,0.19456617002629273,0.26430976430976433,0.6172839506172839,0.0,0.0,0.0,0.0,0.5821325648414986
hier_clust,4,8,ward,True,3436,7520,0.45691489361702126,0.7482758620689656,0.19456617002629273,0.26430976430976433,0.6172839506172839,0.0,0.0,0.0,0.0,0.5821325648414986
hier_clust,10,72,weighted,False,3436,7520,0.45691489361702126,0.7841379310344827,0.18930762489044697,0.5011223344556678,0.46332607116920843,0.30198019801980197,0.0,0.0,0.0,0.3537463976945245
hier_clust,False,92,average,False,3435,7520,0.456781914893617,0.9586206896551724,0.0035056967572304996,0.2738496071829405,0.5482933914306464,0.2079207920792079,0.0,0.0,0.3656716417910448,0.5093659942363112
hier_clust,10,25,average,False,3435,7520,0.456781914893617,0.9324137931034483,0.0,0.15881032547699214,0.6746550472040668,0.024752475247524754,0.08333333333333333,0.0,0.0,0.6231988472622478
hier_clust,False,85,weighted,True,3435,7520,0.456781914893617,0.6917241379310345,0.516213847502191,0.32042648709315374,0.5591866376180101,0.2871287128712871,0.0,0.0,0.31343283582089554,0.2896253602305475
hier_clust,3,18,median,False,3434,7520,0.4566489361702128,0.8524137931034482,0.0,0.14758698092031425,0.6928104575163399,0.024752475247524754,0.0,0.0,0.0,0.7031700288184438
hier_clust,5,38,weighted,True,3433,7520,0.4565159574468085,0.7820689655172414,0.38475021910604734,0.38608305274971944,0.5192447349310094,0.3217821782178218,0.0,0.0,0.0,0.2824207492795389
hier_clust,10,100,centroid,False,3433,7520,0.4565159574468085,0.9441379310344827,0.006134969325153374,0.2609427609427609,0.6056644880174292,0.09405940594059406,0.16666666666666666,0.0,0.014925373134328358,0.5295389048991355
hier_clust,False,35,complete,False,3431,7520,0.45625,0.7848275862068965,0.32340052585451357,0.3170594837261504,0.5737109658678287,0.2871287128712871,0.0,0.0,0.0,0.3681556195965418
hier_clust,3,12,centroid,True,3431,7520,0.45625,0.7517241379310344,0.0,0.5695847362514029,0.27596223674655046,0.13861386138613863,0.0,0.0,0.0,0.6613832853025937
hier_clust,5,32,median,True,3430,7520,0.45611702127659576,0.5958620689655172,0.3172655565293602,0.27048260381593714,0.541757443718228,0.0594059405940594,0.0,0.0,0.0,0.6945244956772334
hier_clust,5,35,median,True,3430,7520,0.45611702127659576,0.5958620689655172,0.3172655565293602,0.27048260381593714,0.541757443718228,0.0594059405940594,0.0,0.0,0.0,0.6945244956772334
hier_clust,20,61,average,False,3429,7520,0.45598404255319147,0.9482758620689655,0.006134969325153374,0.2789001122334456,0.5816993464052288,0.1782178217821782,0.08333333333333333,0.0,0.0,0.5129682997118156
hier_clust,False,78,weighted,True,3427,7520,0.45571808510638295,0.6917241379310345,0.516213847502191,0.32098765432098764,0.541757443718228,0.3613861386138614,0.0,0.0,0.31343283582089554,0.2896253602305475
hier_clust,3,11,centroid,True,3425,7520,0.4554521276595745,0.7517241379310344,0.0,0.5695847362514029,0.29193899782135074,0.0,0.0,0.0,0.0,0.6613832853025937
hier_clust,False,4,ward,True,3425,7520,0.4554521276595745,0.856551724137931,0.0,0.489337822671156,0.27959331880900506,0.0,0.0,0.0,0.0,0.6671469740634006
hier_clust,False,5,ward,True,3425,7520,0.4554521276595745,0.856551724137931,0.0,0.489337822671156,0.27959331880900506,0.0,0.0,0.0,0.0,0.6671469740634006
hier_clust,3,6,centroid,True,3425,7520,0.4554521276595745,0.7517241379310344,0.0,0.5695847362514029,0.29193899782135074,0.0,0.0,0.0,0.0,0.6613832853025937
hier_clust,3,7,centroid,True,3425,7520,0.4554521276595745,0.7517241379310344,0.0,0.5695847362514029,0.29193899782135074,0.0,0.0,0.0,0.0,0.6613832853025937
hier_clust,3,8,centroid,True,3425,7520,0.4554521276595745,0.7517241379310344,0.0,0.5695847362514029,0.29193899782135074,0.0,0.0,0.0,0.0,0.6613832853025937
hier_clust,3,9,centroid,True,3425,7520,0.4554521276595745,0.7517241379310344,0.0,0.5695847362514029,0.29193899782135074,0.0,0.0,0.0,0.0,0.6613832853025937
hier_clust,3,10,centroid,True,3425,7520,0.4554521276595745,0.7517241379310344,0.0,0.5695847362514029,0.29193899782135074,0.0,0.0,0.0,0.0,0.6613832853025937
hier_clust,False,48,complete,True,3424,7520,0.4553191489361702,0.7958620689655173,0.2331288343558282,0.3052749719416386,0.5562817719680465,0.07425742574257425,0.0,0.0,0.15671641791044777,0.47406340057636887
hier_clust,False,78,weighted,False,3424,7520,0.4553191489361702,0.8096551724137931,0.2787028921998247,0.39674523007856344,0.5526506899055919,0.30198019801980197,0.0,0.0,0.12686567164179105,0.2780979827089337
hier_clust,10,92,centroid,False,3423,7520,0.455186170212766,0.9462068965517242,0.0052585451358457495,0.2542087542087542,0.6063907044299202,0.09405940594059406,0.16666666666666666,0.0,0.007462686567164179,0.5295389048991355
hier_clust,3,15,median,False,3423,7520,0.455186170212766,0.8524137931034482,0.0,0.1015712682379349,0.70079883805374,0.024752475247524754,0.0,0.0,0.0,0.7463976945244957
hier_clust,3,17,median,False,3423,7520,0.455186170212766,0.8524137931034482,0.0,0.10774410774410774,0.6928104575163399,0.024752475247524754,0.0,0.0,0.0,0.7463976945244957
hier_clust,3,14,median,False,3422,7520,0.4550531914893617,0.8524137931034482,0.0,0.21885521885521886,0.5482933914306464,0.024752475247524754,0.0,0.0,0.0,0.7463976945244957
hier_clust,3,13,median,False,3422,7520,0.4550531914893617,0.8524137931034482,0.0,0.21885521885521886,0.5482933914306464,0.024752475247524754,0.0,0.0,0.0,0.7463976945244957
hier_clust,2,9,weighted,True,3422,7520,0.4550531914893617,0.7662068965517241,0.0,0.44332210998877664,0.47785039941902685,0.0,0.0,0.0,0.0,0.6217579250720461
hier_clust,10,23,average,False,3422,7520,0.4550531914893617,0.9324137931034483,0.0,0.1745230078563412,0.644880174291939,0.024752475247524754,0.08333333333333333,0.0,0.0,0.6231988472622478
hier_clust,5,35,weighted,True,3422,7520,0.4550531914893617,0.7820689655172414,0.38475021910604734,0.3765432098765432,0.5301379811183733,0.27722772277227725,0.0,0.0,0.0,0.2824207492795389
hier_clust,10,30,complete,True,3421,7520,0.45492021276595745,0.7903448275862069,0.24802804557405783,0.335016835016835,0.49673202614379086,0.12376237623762376,0.0,0.0,0.0,0.4942363112391931
hier_clust,10,27,complete,True,3421,7520,0.45492021276595745,0.7903448275862069,0.24802804557405783,0.335016835016835,0.49673202614379086,0.12376237623762376,0.0,0.0,0.0,0.4942363112391931
hier_clust,5,6,ward,True,3421,7520,0.45492021276595745,0.613103448275862,0.6617002629272568,0.10886644219977554,0.6514161220043573,0.0,0.0,0.0,0.0,0.4942363112391931
hier_clust,5,7,ward,True,3421,7520,0.45492021276595745,0.613103448275862,0.6617002629272568,0.10886644219977554,0.6514161220043573,0.0,0.0,0.0,0.0,0.4942363112391931
hier_clust,5,12,average,False,3420,7520,0.45478723404255317,0.9627586206896551,0.0,0.014029180695847363,0.7421931735657226,0.0,0.0,0.0,0.0,0.7038904899135446
hier_clust,4,6,centroid,False,3420,7520,0.45478723404255317,0.8137931034482758,0.0,0.5,0.28177196804647786,0.0,0.0,0.0,0.0,0.6923631123919308
hier_clust,10,85,centroid,False,3420,7520,0.45478723404255317,0.9462068965517242,0.006134969325153374,0.25140291806958476,0.6078431372549019,0.09405940594059406,0.16666666666666666,0.0,0.007462686567164179,0.5288184438040345
hier_clust,False,72,weighted,False,3420,7520,0.45478723404255317,0.8096551724137931,0.2787028921998247,0.40291806958473625,0.541757443718228,0.30198019801980197,0.0,0.0,0.12686567164179105,0.2780979827089337
hier_clust,5,11,average,False,3419,7520,0.45465425531914894,0.9627586206896551,0.0,0.013468013468013467,0.7421931735657226,0.0,0.0,0.0,0.0,0.7038904899135446
hier_clust,3,10,median,False,3418,7520,0.4545212765957447,0.8524137931034482,0.0,0.21885521885521886,0.5490196078431373,0.0,0.0,0.0,0.0,0.7463976945244957
hier_clust,3,12,median,False,3418,7520,0.4545212765957447,0.8524137931034482,0.0,0.21885521885521886,0.5490196078431373,0.0,0.0,0.0,0.0,0.7463976945244957
hier_clust,3,11,median,False,3418,7520,0.4545212765957447,0.8524137931034482,0.0,0.21885521885521886,0.5490196078431373,0.0,0.0,0.0,0.0,0.7463976945244957
hier_clust,5,9,average,False,3418,7520,0.4545212765957447,0.9627586206896551,0.0,0.012345679012345678,0.7436456063907044,0.0,0.0,0.0,0.0,0.7031700288184438
hier_clust,5,23,weighted,False,3418,7520,0.4545212765957447,0.8420689655172414,0.15249780893952672,0.143658810325477,0.6986201888162672,0.12376237623762376,0.0,0.0,0.0,0.5619596541786743
hier_clust,5,10,average,False,3418,7520,0.4545212765957447,0.9627586206896551,0.0,0.013468013468013467,0.7421931735657226,0.0,0.0,0.0,0.0,0.7031700288184438
hier_clust,2,9,weighted,False,3417,7520,0.4543882978723404,0.5813793103448276,0.4636283961437336,0.18237934904601572,0.5562817719680465,0.0,0.0,0.0,0.3880597014925373,0.6498559077809798
hier_clust,5,14,average,True,3417,7520,0.4543882978723404,0.8131034482758621,0.0,0.43602693602693604,0.41830065359477125,0.054455445544554455,0.0,0.0,0.0,0.6296829971181557
hier_clust,5,15,average,True,3417,7520,0.4543882978723404,0.8131034482758621,0.0,0.43602693602693604,0.41830065359477125,0.054455445544554455,0.0,0.0,0.0,0.6296829971181557
hier_clust,2,8,weighted,False,3417,7520,0.4543882978723404,0.5813793103448276,0.4636283961437336,0.18237934904601572,0.5562817719680465,0.0,0.0,0.0,0.3880597014925373,0.6498559077809798
hier_clust,5,20,weighted,False,3416,7520,0.4542553191489362,0.8420689655172414,0.15249780893952672,0.15544332210998876,0.681917211328976,0.12376237623762376,0.0,0.0,0.0,0.5619596541786743
hier_clust,False,72,weighted,True,3416,7520,0.4542553191489362,0.6917241379310345,0.4005258545135846,0.39113355780022446,0.5461147421931736,0.3613861386138614,0.0,0.0,0.23880597014925373,0.2896253602305475
hier_clust,5,21,weighted,False,3416,7520,0.4542553191489362,0.8420689655172414,0.15249780893952672,0.15544332210998876,0.681917211328976,0.12376237623762376,0.0,0.0,0.0,0.5619596541786743
hier_clust,3,8,complete,False,3415,7520,0.4541223404255319,0.9406896551724138,0.0,0.20033670033670034,0.6063907044299202,0.0,0.0,0.0,0.0,0.6188760806916427
hier_clust,3,11,weighted,False,3415,7520,0.4541223404255319,0.7034482758620689,0.0,0.20819304152637486,0.6920842411038489,0.0,0.0,0.0,0.0,0.771613832853026
hier_clust,3,10,complete,False,3415,7520,0.4541223404255319,0.9406896551724138,0.0,0.20033670033670034,0.6063907044299202,0.0,0.0,0.0,0.0,0.6188760806916427
hier_clust,3,9,complete,False,3415,7520,0.4541223404255319,0.9406896551724138,0.0,0.20033670033670034,0.6063907044299202,0.0,0.0,0.0,0.0,0.6188760806916427
hier_clust,5,13,average,True,3414,7520,0.45398936170212767,0.8131034482758621,0.0,0.43602693602693604,0.4241103848946986,0.0,0.0,0.0,0.0,0.6296829971181557
hier_clust,20,6,ward,False,3414,7520,0.45398936170212767,0.7944827586206896,0.4925503943908852,0.0,0.766158315177923,0.0,0.0,0.0,0.0,0.46469740634005763
hier_clust,20,4,ward,False,3414,7520,0.45398936170212767,0.7944827586206896,0.4925503943908852,0.0,0.766158315177923,0.0,0.0,0.0,0.0,0.46469740634005763
hier_clust,20,5,ward,False,3414,7520,0.45398936170212767,0.7944827586206896,0.4925503943908852,0.0,0.766158315177923,0.0,0.0,0.0,0.0,0.46469740634005763
hier_clust,5,11,average,True,3414,7520,0.45398936170212767,0.8131034482758621,0.0,0.43602693602693604,0.4241103848946986,0.0,0.0,0.0,0.0,0.6296829971181557
hier_clust,5,12,average,True,3414,7520,0.45398936170212767,0.8131034482758621,0.0,0.43602693602693604,0.4241103848946986,0.0,0.0,0.0,0.0,0.6296829971181557
hier_clust,False,67,weighted,True,3413,7520,0.4538563829787234,0.6917241379310345,0.4005258545135846,0.39281705948372614,0.5475671750181554,0.3217821782178218,0.0,0.0,0.23880597014925373,0.2896253602305475
hier_clust,False,45,complete,True,3413,7520,0.4538563829787234,0.7958620689655173,0.2331288343558282,0.2839506172839506,0.5657225853304285,0.13366336633663367,0.0,0.0,0.17164179104477612,0.47406340057636887
hier_clust,3,15,complete,True,3413,7520,0.4538563829787234,0.803448275862069,0.32690622261174407,0.1840628507295174,0.6586782861292665,0.12376237623762376,0.0,0.0,0.0,0.4430835734870317
hier_clust,10,25,complete,True,3413,7520,0.4538563829787234,0.7937931034482759,0.24802804557405783,0.31930415263748596,0.5076252723311547,0.12376237623762376,0.0,0.0,0.0,0.4942363112391931
hier_clust,4,7,ward,True,3413,7520,0.4538563829787234,0.7482758620689656,0.19456617002629273,0.51010101010101,0.2824981844589688,0.0,0.0,0.0,0.0,0.5821325648414986
hier_clust,3,17,complete,True,3413,7520,0.4538563829787234,0.803448275862069,0.32690622261174407,0.1840628507295174,0.6586782861292665,0.12376237623762376,0.0,0.0,0.0,0.4430835734870317
hier_clust,False,61,weighted,True,3411,7520,0.4535904255319149,0.6917241379310345,0.4005258545135846,0.39169472502805835,0.5468409586056645,0.3217821782178218,0.0,0.0,0.23880597014925373,0.2903458213256484
hier_clust,10,67,weighted,False,3411,7520,0.4535904255319149,0.7841379310344827,0.19631901840490798,0.5011223344556678,0.439360929557008,0.30198019801980197,0.0,0.0,0.0,0.3537463976945245
hier_clust,20,41,weighted,False,3410,7520,0.45345744680851063,0.9075862068965517,0.0043821209465381246,0.12457912457912458,0.6499636891793754,0.024752475247524754,0.0,0.0,0.0,0.696685878962536
hier_clust,20,38,weighted,False,3410,7520,0.45345744680851063,0.9075862068965517,0.0043821209465381246,0.12457912457912458,0.6499636891793754,0.024752475247524754,0.0,0.0,0.0,0.696685878962536
hier_clust,3,9,median,False,3410,7520,0.45345744680851063,0.8524137931034482,0.0,0.0712682379349046,0.7342047930283224,0.0,0.0,0.0,0.0,0.7463976945244957
hier_clust,10,23,complete,True,3408,7520,0.4531914893617021,0.7937931034482759,0.24802804557405783,0.33108866442199775,0.4887436456063907,0.12376237623762376,0.0,0.0,0.0,0.4942363112391931
hier_clust,10,21,complete,True,3408,7520,0.4531914893617021,0.7937931034482759,0.24802804557405783,0.33108866442199775,0.4887436456063907,0.12376237623762376,0.0,0.0,0.0,0.4942363112391931
hier_clust,5,27,median,True,3407,7520,0.4530585106382979,0.5958620689655172,0.3172655565293602,0.21997755331088664,0.5904139433551199,0.0594059405940594,0.0,0.0,0.0,0.6945244956772334
hier_clust,5,30,median,True,3407,7520,0.4530585106382979,0.5958620689655172,0.3172655565293602,0.21997755331088664,0.5904139433551199,0.0594059405940594,0.0,0.0,0.0,0.6945244956772334
hier_clust,10,100,centroid,True,3407,7520,0.4530585106382979,0.9558620689655173,0.0043821209465381246,0.24074074074074073,0.5221496005809731,0.3811881188118812,0.08333333333333333,0.0,0.014925373134328358,0.5677233429394812
hier_clust,5,32,weighted,True,3407,7520,0.4530585106382979,0.7820689655172414,0.38475021910604734,0.4006734006734007,0.4880174291938998,0.27722772277227725,0.0,0.0,0.0,0.2824207492795389
hier_clust,5,30,weighted,True,3406,7520,0.4529255319148936,0.7820689655172414,0.38475021910604734,0.3978675645342312,0.49092229484386346,0.27722772277227725,0.0,0.0,0.0,0.2824207492795389
hier_clust,5,8,average,False,3404,7520,0.4526595744680851,0.9627586206896551,0.0,0.0005611672278338945,0.7436456063907044,0.0,0.0,0.0,0.0,0.7082132564841499
hier_clust,5,7,average,False,3404,7520,0.4526595744680851,0.9627586206896551,0.0,0.0005611672278338945,0.7436456063907044,0.0,0.0,0.0,0.0,0.7082132564841499
hier_clust,4,27,median,True,3404,7520,0.4526595744680851,0.8096551724137931,0.33304119193689746,0.3333333333333333,0.3848946986201888,0.06435643564356436,0.0,0.0,0.0,0.5136887608069164
hier_clust,10,78,centroid,False,3403,7520,0.45252659574468085,0.9510344827586207,0.006134969325153374,0.23793490460157127,0.6078431372549019,0.09405940594059406,0.16666666666666666,0.0,0.007462686567164179,0.5288184438040345
hier_clust,False,85,average,False,3403,7520,0.45252659574468085,0.9586206896551724,0.0035056967572304996,0.2053872053872054,0.6136528685548294,0.2079207920792079,0.0,0.0,0.3656716417910448,0.5093659942363112
hier_clust,3,14,complete,True,3403,7520,0.45252659574468085,0.803448275862069,0.32690622261174407,0.1840628507295174,0.6695715323166304,0.0,0.0,0.0,0.0,0.4430835734870317
hier_clust,10,6,ward,False,3402,7520,0.4523936170212766,0.7627586206896552,0.5354951796669588,0.0,0.7095134350036311,0.0,0.0,0.0,0.0,0.5100864553314121
hier_clust,10,5,ward,False,3402,7520,0.4523936170212766,0.7627586206896552,0.5354951796669588,0.0,0.7095134350036311,0.0,0.0,0.0,0.0,0.5100864553314121
hier_clust,10,23,complete,False,3402,7520,0.4523936170212766,0.7758620689655172,0.2979842243645925,0.2996632996632997,0.5018155410312273,0.15841584158415842,0.0,0.0,0.0,0.4899135446685879
hier_clust,10,4,ward,False,3402,7520,0.4523936170212766,0.7627586206896552,0.5354951796669588,0.0,0.7095134350036311,0.0,0.0,0.0,0.0,0.5100864553314121
hier_clust,False,67,weighted,False,3402,7520,0.4523936170212766,0.8096551724137931,0.27957931638913236,0.40291806958473625,0.5279593318809005,0.30198019801980197,0.0,0.0,0.12686567164179105,0.2780979827089337
hier_clust,False,32,complete,False,3402,7520,0.4523936170212766,0.8724137931034482,0.18755477651183172,0.3170594837261504,0.6013071895424836,0.09405940594059406,0.0,0.0,0.0,0.3681556195965418
hier_clust,False,78,average,False,3402,7520,0.4523936170212766,0.9586206896551724,0.0035056967572304996,0.2053872053872054,0.6129266521423384,0.2079207920792079,0.0,0.0,0.3656716417910448,0.5093659942363112
hier_clust,10,21,complete,False,3401,7520,0.45226063829787233,0.7758620689655172,0.2979842243645925,0.2996632996632997,0.5018155410312273,0.15841584158415842,0.0,0.0,0.0,0.489193083573487
hier_clust,5,18,weighted,False,3399,7520,0.4519946808510638,0.8420689655172414,0.15249780893952672,0.143658810325477,0.6848220769789397,0.12376237623762376,0.0,0.0,0.0,0.5619596541786743
hier_clust,10,21,average,False,3399,7520,0.4519946808510638,0.9324137931034483,0.0,0.23007856341189675,0.5562817719680465,0.024752475247524754,0.08333333333333333,0.0,0.0,0.6231988472622478
hier_clust,10,20,average,False,3399,7520,0.4519946808510638,0.9324137931034483,0.0,0.23007856341189675,0.5562817719680465,0.024752475247524754,0.08333333333333333,0.0,0.0,0.6231988472622478
hier_clust,20,32,weighted,True,3398,7520,0.4518617021276596,0.7972413793103448,0.0035056967572304996,0.265993265993266,0.7182280319535221,0.009900990099009901,0.0,0.0,0.3582089552238806,0.5223342939481268
hier_clust,20,25,complete,False,3398,7520,0.4518617021276596,0.7827586206896552,0.33654688869412797,0.2957351290684624,0.6180101670297748,0.0,0.0,0.0,0.26865671641791045,0.335014409221902
hier_clust,10,18,average,False,3398,7520,0.4518617021276596,0.9324137931034483,0.0,0.23007856341189675,0.5562817719680465,0.019801980198019802,0.08333333333333333,0.0,0.0,0.6231988472622478
hier_clust,10,17,average,False,3398,7520,0.4518617021276596,0.9324137931034483,0.0,0.22951739618406286,0.5570079883805374,0.019801980198019802,0.08333333333333333,0.0,0.0,0.6231988472622478
hier_clust,20,30,weighted,True,3398,7520,0.4518617021276596,0.7972413793103448,0.0035056967572304996,0.265993265993266,0.7182280319535221,0.009900990099009901,0.0,0.0,0.3582089552238806,0.5223342939481268
hier_clust,10,72,centroid,False,3396,7520,0.45159574468085106,0.9510344827586207,0.0026292725679228747,0.23737373737373738,0.6063907044299202,0.09900990099009901,0.08333333333333333,0.0,0.007462686567164179,0.5288184438040345
hier_clust,False,57,weighted,True,3395,7520,0.45146276595744683,0.6917241379310345,0.4005258545135846,0.3832772166105499,0.5468409586056645,0.3217821782178218,0.0,0.0,0.23880597014925373,0.2896253602305475
hier_clust,10,92,average,True,3395,7520,0.45146276595744683,0.9482758620689655,0.0,0.2441077441077441,0.5816993464052288,0.15346534653465346,0.0,0.0,0.0,0.542507204610951
hier_clust,10,67,centroid,False,3394,7520,0.45132978723404255,0.9510344827586207,0.0,0.23793490460157127,0.6063907044299202,0.09900990099009901,0.08333333333333333,0.0,0.007462686567164179,0.5288184438040345
hier_clust,10,61,weighted,False,3393,7520,0.4511968085106383,0.7848275862068965,0.19631901840490798,0.48709315375982043,0.44371822803195354,0.30198019801980197,0.0,0.0,0.0,0.3537463976945245
hier_clust,10,61,centroid,False,3392,7520,0.451063829787234,0.9510344827586207,0.0,0.23737373737373738,0.6056644880174292,0.09900990099009901,0.08333333333333333,0.0,0.007462686567164179,0.5288184438040345
hier_clust,10,57,weighted,False,3391,7520,0.4509308510638298,0.7848275862068965,0.19631901840490798,0.4837261503928171,0.44371822803195354,0.3217821782178218,0.0,0.0,0.0,0.3537463976945245
hier_clust,2,7,complete,False,3391,7520,0.4509308510638298,0.7013793103448276,0.5530236634531113,0.0,0.6630355846042121,0.0,0.0,0.0,0.0,0.5979827089337176
hier_clust,20,23,complete,False,3390,7520,0.4507978723404255,0.7827586206896552,0.33654688869412797,0.28170594837261503,0.6180101670297748,0.0,0.0,0.0,0.39552238805970147,0.335014409221902
hier_clust,10,52,weighted,True,3389,7520,0.4506648936170213,0.7137931034482758,0.2401402278702892,0.3075196408529742,0.5170660856935366,0.25742574257425743,0.0,0.0,0.1791044776119403,0.5360230547550432
hier_clust,False,41,complete,True,3388,7520,0.45053191489361705,0.7958620689655173,0.2331288343558282,0.26318742985409654,0.5722585330428468,0.13366336633663367,0.0,0.0,0.17164179104477612,0.4762247838616715
hier_clust,5,5,ward,True,3388,7520,0.45053191489361705,0.613103448275862,0.6617002629272568,0.2878787878787879,0.39578794480755264,0.0,0.0,0.0,0.0,0.4942363112391931
hier_clust,20,57,average,False,3387,7520,0.45039893617021276,0.96,0.0026292725679228747,0.24130190796857465,0.5904139433551199,0.1782178217821782,0.08333333333333333,0.0,0.0,0.5129682997118156
hier_clust,20,35,weighted,False,3387,7520,0.45039893617021276,0.9075862068965517,0.0043821209465381246,0.132996632996633,0.6194625998547567,0.024752475247524754,0.0,0.0,0.0,0.6995677233429395
hier_clust,3,12,complete,True,3387,7520,0.45039893617021276,0.7551724137931034,0.37423312883435583,0.1840628507295174,0.6695715323166304,0.0,0.0,0.0,0.0,0.4430835734870317
hier_clust,3,13,complete,True,3387,7520,0.45039893617021276,0.7551724137931034,0.37423312883435583,0.1840628507295174,0.6695715323166304,0.0,0.0,0.0,0.0,0.4430835734870317
hier_clust,3,11,complete,True,3387,7520,0.45039893617021276,0.7551724137931034,0.37423312883435583,0.1840628507295174,0.6695715323166304,0.0,0.0,0.0,0.0,0.4430835734870317
hier_clust,2,6,average,True,3386,7520,0.45026595744680853,0.8027586206896552,0.0,0.44276094276094274,0.5657225853304285,0.0,0.0,0.0,0.0,0.4711815561959654
hier_clust,2,7,average,True,3386,7520,0.45026595744680853,0.8027586206896552,0.0,0.44276094276094274,0.5657225853304285,0.0,0.0,0.0,0.0,0.4711815561959654
hier_clust,10,85,average,True,3384,7520,0.45,0.94,0.0,0.24859708193041527,0.5766158315177923,0.15346534653465346,0.0,0.0,0.0,0.542507204610951
hier_clust,20,52,average,False,3384,7520,0.45,0.96,0.0026292725679228747,0.23961840628507294,0.5780682643427741,0.26732673267326734,0.0,0.0,0.0,0.5129682997118156
hier_clust,10,57,centroid,False,3380,7520,0.449468085106383,0.9510344827586207,0.0,0.23737373737373738,0.5933188090050835,0.09900990099009901,0.08333333333333333,0.0,0.007462686567164179,0.5324207492795389
hier_clust,2,8,weighted,True,3380,7520,0.449468085106383,0.7662068965517241,0.0,0.3759820426487093,0.47785039941902685,0.0,0.0,0.0,0.0,0.6779538904899135
hier_clust,2,7,weighted,True,3380,7520,0.449468085106383,0.7662068965517241,0.0,0.3759820426487093,0.47785039941902685,0.0,0.0,0.0,0.0,0.6779538904899135
hier_clust,20,92,average,True,3380,7520,0.449468085106383,0.9634482758620689,0.0035056967572304996,0.33164983164983164,0.3449527959331881,0.1782178217821782,0.0,0.0,0.0,0.6318443804034583
hier_clust,20,57,complete,True,3378,7520,0.44920212765957446,0.8593103448275862,0.23137598597721298,0.2570145903479237,0.5875090777051561,0.15346534653465346,0.0,0.0,0.13432835820895522,0.3976945244956772
hier_clust,3,12,centroid,False,3376,7520,0.44893617021276594,0.8151724137931035,0.0,0.4062850729517396,0.49310094408133626,0.009900990099009901,0.0,0.0,0.0,0.5684438040345822
hier_clust,10,15,average,False,3376,7520,0.44893617021276594,0.9324137931034483,0.0,0.18013468013468015,0.6049382716049383,0.019801980198019802,0.08333333333333333,0.0,0.0,0.6231988472622478
hier_clust,3,11,centroid,False,3376,7520,0.44893617021276594,0.8151724137931035,0.0,0.4062850729517396,0.49310094408133626,0.009900990099009901,0.0,0.0,0.0,0.5684438040345822
hier_clust,3,10,centroid,False,3376,7520,0.44893617021276594,0.8151724137931035,0.0,0.4062850729517396,0.49310094408133626,0.009900990099009901,0.0,0.0,0.0,0.5684438040345822
hier_clust,3,8,complete,True,3375,7520,0.4488031914893617,0.7551724137931034,0.37423312883435583,0.1526374859708193,0.6695715323166304,0.0,0.0,0.0,0.0,0.47478386167146974
hier_clust,3,9,complete,True,3375,7520,0.4488031914893617,0.7551724137931034,0.37423312883435583,0.1526374859708193,0.6695715323166304,0.0,0.0,0.0,0.0,0.47478386167146974
hier_clust,3,10,complete,True,3375,7520,0.4488031914893617,0.7551724137931034,0.37423312883435583,0.1526374859708193,0.6695715323166304,0.0,0.0,0.0,0.0,0.47478386167146974
hier_clust,3,9,centroid,False,3374,7520,0.4486702127659574,0.8151724137931035,0.0,0.4051627384960718,0.49310094408133626,0.009900990099009901,0.0,0.0,0.0,0.5684438040345822
hier_clust,10,78,average,True,3374,7520,0.4486702127659574,0.94,0.0,0.22839506172839505,0.5954974582425563,0.15346534653465346,0.0,0.0,0.0,0.542507204610951
hier_clust,False,38,complete,True,3374,7520,0.4486702127659574,0.7958620689655173,0.2331288343558282,0.2856341189674523,0.5599128540305011,0.13366336633663367,0.0,0.0,0.17164179104477612,0.4495677233429395
hier_clust,2,9,median,True,3374,7520,0.4486702127659574,0.7524137931034482,0.0,0.4276094276094276,0.3841684822076979,0.0,0.0,0.0,0.0,0.7146974063400576
hier_clust,20,45,average,False,3373,7520,0.4485372340425532,0.9593103448275863,0.0035056967572304996,0.24354657687991021,0.5649963689179376,0.26732673267326734,0.0,0.0,0.0,0.5129682997118156
hier_clust,20,48,average,False,3373,7520,0.4485372340425532,0.96,0.0026292725679228747,0.24354657687991021,0.5649963689179376,0.26732673267326734,0.0,0.0,0.0,0.5129682997118156
hier_clust,5,17,weighted,False,3372,7520,0.44840425531914896,0.8420689655172414,0.15249780893952672,0.1447811447811448,0.663761801016703,0.12376237623762376,0.0,0.0,0.0,0.5619596541786743
hier_clust,False,30,complete,False,3371,7520,0.44827127659574467,0.8724137931034482,0.18755477651183172,0.2845117845117845,0.6013071895424836,0.09405940594059406,0.0,0.0,0.0,0.38760806916426516
hier_clust,20,85,average,True,3371,7520,0.44827127659574467,0.9634482758620689,0.0035056967572304996,0.335016835016835,0.33405954974582425,0.1782178217821782,0.0,0.0,0.0,0.6318443804034583
hier_clust,10,72,average,True,3370,7520,0.44813829787234044,0.94,0.0,0.22727272727272727,0.6092955700798838,0.04950495049504951,0.0,0.0,0.0,0.542507204610951
hier_clust,20,41,average,False,3369,7520,0.44800531914893615,0.9593103448275863,0.0035056967572304996,0.2452300785634119,0.5599128540305011,0.26732673267326734,0.0,0.0,0.0,0.5129682997118156
hier_clust,10,52,weighted,False,3367,7520,0.44773936170212764,0.7848275862068965,0.16476774758983348,0.4696969696969697,0.46768336964415397,0.3415841584158416,0.0,0.0,0.0,0.3537463976945245
hier_clust,False,27,complete,False,3366,7520,0.4476063829787234,0.8724137931034482,0.18755477651183172,0.35409652076318743,0.5076252723311547,0.09405940594059406,0.0,0.0,0.0,0.38760806916426516
hier_clust,10,67,average,True,3365,7520,0.4474734042553192,0.94,0.0,0.22727272727272727,0.6114742193173566,0.04950495049504951,0.0,0.0,0.0,0.5367435158501441
hier_clust,False,61,weighted,False,3363,7520,0.44720744680851066,0.8096551724137931,0.27957931638913236,0.3327721661054994,0.5831517792302106,0.35148514851485146,0.0,0.0,0.12686567164179105,0.2780979827089337
hier_clust,20,38,average,False,3362,7520,0.44707446808510637,0.9593103448275863,0.0035056967572304996,0.2452300785634119,0.5853304284676834,0.0594059405940594,0.0,0.0,0.0,0.5129682997118156
hier_clust,20,35,average,False,3361,7520,0.44694148936170214,0.9593103448275863,0.0035056967572304996,0.18911335578002245,0.6572258533042846,0.0594059405940594,0.0,0.0,0.0,0.5129682997118156
hier_clust,False,57,weighted,False,3361,7520,0.44694148936170214,0.8096551724137931,0.27957931638913236,0.33108866442199775,0.5838779956427015,0.35148514851485146,0.0,0.0,0.12686567164179105,0.2780979827089337
hier_clust,20,72,average,True,3360,7520,0.44680851063829785,0.9634482758620689,0.0035056967572304996,0.33613916947250283,0.33405954974582425,0.1188118811881188,0.0,0.0,0.0,0.6311239193083573
hier_clust,20,78,average,True,3360,7520,0.44680851063829785,0.9634482758620689,0.0035056967572304996,0.33613916947250283,0.33405954974582425,0.1188118811881188,0.0,0.0,0.0,0.6311239193083573
hier_clust,False,25,complete,False,3359,7520,0.4466755319148936,0.8724137931034482,0.18755477651183172,0.27665544332211,0.5867828612926652,0.20297029702970298,0.0,0.0,0.0,0.38760806916426516
hier_clust,False,23,complete,False,3359,7520,0.4466755319148936,0.8724137931034482,0.18755477651183172,0.27665544332211,0.5867828612926652,0.20297029702970298,0.0,0.0,0.0,0.38760806916426516
hier_clust,False,20,complete,False,3359,7520,0.4466755319148936,0.8724137931034482,0.18755477651183172,0.27665544332211,0.5867828612926652,0.20297029702970298,0.0,0.0,0.0,0.38760806916426516
hier_clust,False,21,complete,False,3359,7520,0.4466755319148936,0.8724137931034482,0.18755477651183172,0.27665544332211,0.5867828612926652,0.20297029702970298,0.0,0.0,0.0,0.38760806916426516
hier_clust,2,6,ward,True,3357,7520,0.4464095744680851,0.713103448275862,0.0,0.44276094276094274,0.49310094408133626,0.0,0.0,0.0,0.0,0.6159942363112392
hier_clust,False,3,ward,True,3357,7520,0.4464095744680851,0.856551724137931,0.0,0.0,0.8634713144517067,0.0,0.0,0.0,0.0,0.6671469740634006
hier_clust,5,4,ward,True,3356,7520,0.44627659574468087,0.613103448275862,0.6617002629272568,0.0,0.7450980392156863,0.0,0.0,0.0,0.0,0.4942363112391931
hier_clust,4,25,median,True,3356,7520,0.44627659574468087,0.8096551724137931,0.26730937773882557,0.3490460157126824,0.3841684822076979,0.06435643564356436,0.0,0.0,0.0,0.5136887608069164
hier_clust,False,52,weighted,True,3356,7520,0.44627659574468087,0.6917241379310345,0.5284837861524978,0.28114478114478114,0.5446623093681917,0.3217821782178218,0.0,0.0,0.23880597014925373,0.2896253602305475
hier_clust,10,92,centroid,True,3355,7520,0.4461436170212766,0.9551724137931035,0.0052585451358457495,0.021885521885521887,0.7676107480029049,0.3811881188118812,0.08333333333333333,0.0,0.014925373134328358,0.5677233429394812
hier_clust,2,9,median,False,3355,7520,0.4461436170212766,0.756551724137931,0.0,0.2676767676767677,0.6608569353667393,0.0,0.0,0.0,0.0,0.627521613832853
hier_clust,10,48,weighted,True,3355,7520,0.4461436170212766,0.7137931034482758,0.2401402278702892,0.33164983164983164,0.45751633986928103,0.2623762376237624,0.0,0.0,0.1791044776119403,0.5389048991354467
hier_clust,20,32,weighted,False,3354,7520,0.44601063829787235,0.9110344827586206,0.0035056967572304996,0.1324354657687991,0.5933188090050835,0.024752475247524754,0.0,0.0,0.0,0.6995677233429395
hier_clust,10,61,average,True,3354,7520,0.44601063829787235,0.9551724137931035,0.0,0.2542087542087542,0.5526506899055919,0.04950495049504951,0.0,0.0,0.0,0.5367435158501441
hier_clust,10,57,average,True,3352,7520,0.44574468085106383,0.9551724137931035,0.0,0.24130190796857465,0.5664488017429193,0.0594059405940594,0.0,0.0,0.0,0.5367435158501441
hier_clust,10,52,average,True,3352,7520,0.44574468085106383,0.9551724137931035,0.0,0.24130190796857465,0.5664488017429193,0.0594059405940594,0.0,0.0,0.0,0.5367435158501441
hier_clust,3,6,complete,False,3352,7520,0.44574468085106383,0.9406896551724138,0.0,0.0,0.8198983297022513,0.0,0.0,0.0,0.0,0.6188760806916427
hier_clust,3,7,complete,False,3352,7520,0.44574468085106383,0.9406896551724138,0.0,0.0,0.8198983297022513,0.0,0.0,0.0,0.0,0.6188760806916427
hier_clust,10,45,weighted,True,3351,7520,0.44561170212765955,0.7137931034482758,0.24189307624890447,0.33108866442199775,0.4538852578068264,0.2623762376237624,0.0,0.0,0.1791044776119403,0.5389048991354467
hier_clust,20,52,complete,True,3350,7520,0.4454787234042553,0.8593103448275862,0.12971078001752848,0.34287317620650953,0.5548293391430646,0.15346534653465346,0.0,0.0,0.13432835820895522,0.38328530259365995
hier_clust,3,9,median,True,3347,7520,0.44507978723404257,0.9165517241379311,0.0,0.22615039281705948,0.5526506899055919,0.0,0.0,0.0,0.03731343283582089,0.611671469740634
hier_clust,False,3,ward,False,3347,7520,0.44507978723404257,0.7986206896551724,0.0,0.0,0.9135802469135802,0.0,0.0,0.0,0.0,0.670749279538905
hier_clust,5,27,weighted,True,3347,7520,0.44507978723404257,0.7820689655172414,0.3838737949167397,0.31257014590347926,0.5446623093681917,0.27722772277227725,0.0,0.0,0.0,0.2968299711815562
hier_clust,4,5,centroid,False,3345,7520,0.44481382978723405,0.8137931034482758,0.0,0.0005611672278338945,0.8736383442265795,0.0,0.0,0.0,0.0,0.6923631123919308
hier_clust,3,8,median,True,3345,7520,0.44481382978723405,0.9165517241379311,0.0,0.22615039281705948,0.5548293391430646,0.0,0.0,0.0,0.0,0.611671469740634
hier_clust,10,20,complete,True,3345,7520,0.44481382978723405,0.7937931034482759,0.24802804557405783,0.38271604938271603,0.4887436456063907,0.12376237623762376,0.0,0.0,0.0,0.38256484149855907
hier_clust,4,4,centroid,False,3345,7520,0.44481382978723405,0.8137931034482758,0.0,0.0005611672278338945,0.8736383442265795,0.0,0.0,0.0,0.0,0.6923631123919308
hier_clust,20,48,complete,True,3345,7520,0.44481382978723405,0.8593103448275862,0.12971078001752848,0.3389450056116723,0.5679012345679012,0.054455445544554455,0.0,0.0,0.16417910447761194,0.38328530259365995
hier_clust,20,45,complete,True,3345,7520,0.44481382978723405,0.8593103448275862,0.12971078001752848,0.3344556677890011,0.5737109658678287,0.054455445544554455,0.0,0.0,0.16417910447761194,0.38328530259365995
hier_clust,4,32,weighted,True,3344,7520,0.44468085106382976,0.7627586206896552,0.2839614373356705,0.3888888888888889,0.5635439360929557,0.04950495049504951,0.0,0.0,0.0,0.3134005763688761
hier_clust,4,6,ward,True,3344,7520,0.44468085106382976,0.7482758620689656,0.0,0.5959595959595959,0.2824981844589688,0.0,0.0,0.0,0.0,0.5821325648414986
hier_clust,4,5,ward,True,3344,7520,0.44468085106382976,0.7482758620689656,0.0,0.5959595959595959,0.2824981844589688,0.0,0.0,0.0,0.0,0.5821325648414986
hier_clust,4,4,ward,True,3344,7520,0.44468085106382976,0.7482758620689656,0.0,0.5959595959595959,0.2824981844589688,0.0,0.0,0.0,0.0,0.5821325648414986
hier_clust,4,30,weighted,True,3344,7520,0.44468085106382976,0.7627586206896552,0.2839614373356705,0.3888888888888889,0.5635439360929557,0.04950495049504951,0.0,0.0,0.0,0.3134005763688761
hier_clust,10,48,average,True,3344,7520,0.44468085106382976,0.9551724137931035,0.0,0.23176206509539843,0.5729847494553377,0.0594059405940594,0.0,0.0,0.0,0.5367435158501441
hier_clust,4,23,median,True,3343,7520,0.44454787234042553,0.8103448275862069,0.26730937773882557,0.34287317620650953,0.38707334785766156,0.06435643564356436,0.0,0.0,0.0,0.5086455331412104
hier_clust,5,25,weighted,True,3342,7520,0.4444148936170213,0.7820689655172414,0.3838737949167397,0.31257014590347926,0.5548293391430646,0.18316831683168316,0.0,0.0,0.0,0.2968299711815562
hier_clust,False,52,weighted,False,3338,7520,0.44388297872340426,0.8096551724137931,0.2787028921998247,0.3271604938271605,0.5758896151053013,0.2623762376237624,0.0,0.0,0.12686567164179105,0.2881844380403458
hier_clust,False,48,weighted,True,3336,7520,0.44361702127659575,0.6910344827586207,0.5293602103418055,0.28114478114478114,0.5751633986928104,0.01485148514851485,0.0,0.0,0.23880597014925373,0.2896253602305475
hier_clust,2,5,ward,True,3336,7520,0.44361702127659575,0.713103448275862,0.0,0.32940516273849607,0.49310094408133626,0.0,0.0,0.0,0.0,0.7463976945244957
hier_clust,10,85,centroid,True,3335,7520,0.4434840425531915,0.9551724137931035,0.0052585451358457495,0.021885521885521887,0.7472766884531591,0.3811881188118812,0.08333333333333333,0.0,0.014925373134328358,0.5734870317002881
hier_clust,2,7,complete,True,3335,7520,0.4434840425531915,0.9255172413793104,0.0,0.0,0.7450980392156863,0.0,0.0,0.0,0.0,0.696685878962536
hier_clust,5,23,weighted,True,3334,7520,0.44335106382978723,0.7820689655172414,0.3838737949167397,0.31257014590347926,0.5758896151053013,0.0,0.0,0.0,0.0,0.2968299711815562
hier_clust,20,41,complete,True,3333,7520,0.443218085106383,0.8593103448275862,0.12971078001752848,0.3462401795735129,0.5497458242556281,0.054455445544554455,0.0,0.0,0.16417910447761194,0.38328530259365995
hier_clust,10,45,average,True,3331,7520,0.4429521276595745,0.9551724137931035,0.0,0.2351290684624018,0.5591866376180101,0.0594059405940594,0.0,0.0,0.0,0.5367435158501441
hier_clust,5,21,weighted,True,3331,7520,0.4429521276595745,0.7820689655172414,0.31814198071866784,0.35297418630751964,0.5758896151053013,0.0,0.0,0.0,0.0,0.2968299711815562
hier_clust,10,18,complete,True,3330,7520,0.4428191489361702,0.7937931034482759,0.24802804557405783,0.38271604938271603,0.49600580973129993,0.0,0.0,0.0,0.0,0.38256484149855907
hier_clust,2,5,average,False,3329,7520,0.44268617021276596,0.8710344827586207,0.0,0.2783389450056117,0.6986201888162672,0.0,0.0,0.0,0.0,0.43804034582132567
hier_clust,10,78,centroid,True,3328,7520,0.4425531914893617,0.9551724137931035,0.0052585451358457495,0.023007856341189674,0.7421931735657226,0.38613861386138615,0.08333333333333333,0.0,0.014925373134328358,0.5713256484149856
hier_clust,10,48,weighted,False,3327,7520,0.44242021276595744,0.7848275862068965,0.16476774758983348,0.4281705948372615,0.4684095860566449,0.3316831683168317,0.0,0.0,0.0,0.37896253602305474
hier_clust,20,67,average,True,3326,7520,0.4422872340425532,0.9634482758620689,0.0035056967572304996,0.2564534231200898,0.41249092229484385,0.1188118811881188,0.0,0.0,0.0,0.6311239193083573
hier_clust,4,27,weighted,True,3326,7520,0.4422872340425532,0.7627586206896552,0.2839614373356705,0.3686868686868687,0.5766158315177923,0.04950495049504951,0.0,0.0,0.0,0.3134005763688761
hier_clust,False,72,average,False,3326,7520,0.4422872340425532,0.973103448275862,0.0035056967572304996,0.1526374859708193,0.6107480029048656,0.2079207920792079,0.0,0.0,0.3656716417910448,0.5093659942363112
hier_clust,False,45,weighted,True,3325,7520,0.4421542553191489,0.6910344827586207,0.5319894829097284,0.2755331088664422,0.5722585330428468,0.01485148514851485,0.0,0.0,0.23880597014925373,0.2896253602305475
hier_clust,False,32,complete,True,3324,7520,0.4420212765957447,0.7958620689655173,0.2331288343558282,0.31032547699214363,0.4916485112563544,0.13366336633663367,0.0,0.0,0.17164179104477612,0.4495677233429395
hier_clust,False,35,complete,True,3324,7520,0.4420212765957447,0.7958620689655173,0.2331288343558282,0.31930415263748596,0.48002904865649965,0.13366336633663367,0.0,0.0,0.17164179104477612,0.4495677233429395
hier_clust,4,21,median,True,3323,7520,0.4418882978723404,0.8103448275862069,0.0,0.5028058361391695,0.38707334785766156,0.06435643564356436,0.0,0.0,0.0,0.5086455331412104
hier_clust,False,67,average,False,3323,7520,0.4418882978723404,0.973103448275862,0.0035056967572304996,0.1526374859708193,0.6122004357298475,0.2079207920792079,0.0,0.0,0.3656716417910448,0.5057636887608069
hier_clust,10,41,average,True,3322,7520,0.4417553191489362,0.9551724137931035,0.0,0.18181818181818182,0.6201888162672476,0.06930693069306931,0.0,0.0,0.0,0.5367435158501441
hier_clust,20,61,average,True,3322,7520,0.4417553191489362,0.9641379310344828,0.0035056967572304996,0.2536475869809203,0.41249092229484385,0.1188118811881188,0.0,0.0,0.0,0.6311239193083573
hier_clust,10,41,weighted,True,3322,7520,0.4417553191489362,0.7158620689655173,0.24189307624890447,0.2777777777777778,0.5105301379811183,0.2623762376237624,0.0,0.0,0.0,0.5453890489913544
hier_clust,False,57,average,False,3320,7520,0.44148936170212766,0.973103448275862,0.0035056967572304996,0.15095398428731763,0.6122004357298475,0.2079207920792079,0.0,0.0,0.3656716417910448,0.5057636887608069
hier_clust,4,18,median,True,3320,7520,0.44148936170212766,0.8103448275862069,0.0,0.5028058361391695,0.3848946986201888,0.06435643564356436,0.0,0.0,0.0,0.5086455331412104
hier_clust,4,20,median,True,3320,7520,0.44148936170212766,0.8103448275862069,0.0,0.5028058361391695,0.3848946986201888,0.06435643564356436,0.0,0.0,0.0,0.5086455331412104
hier_clust,False,61,average,False,3320,7520,0.44148936170212766,0.973103448275862,0.0035056967572304996,0.15095398428731763,0.6122004357298475,0.2079207920792079,0.0,0.0,0.3656716417910448,0.5057636887608069
hier_clust,False,45,weighted,False,3319,7520,0.4413563829787234,0.8089655172413793,0.27957931638913236,0.2839506172839506,0.6172839506172839,0.26732673267326734,0.0,0.0,0.12686567164179105,0.2881844380403458
hier_clust,False,48,weighted,False,3319,7520,0.4413563829787234,0.8089655172413793,0.27957931638913236,0.2839506172839506,0.6172839506172839,0.26732673267326734,0.0,0.0,0.12686567164179105,0.2881844380403458
hier_clust,20,38,complete,True,3319,7520,0.4413563829787234,0.8593103448275862,0.12971078001752848,0.3383838383838384,0.5497458242556281,0.054455445544554455,0.0,0.0,0.16417910447761194,0.38328530259365995
hier_clust,20,30,weighted,False,3318,7520,0.44122340425531914,0.9110344827586206,0.0035056967572304996,0.10830527497194165,0.5933188090050835,0.024752475247524754,0.0,0.0,0.0,0.7046109510086456
hier_clust,4,25,weighted,True,3318,7520,0.44122340425531914,0.7627586206896552,0.2839614373356705,0.345679012345679,0.5766158315177923,0.04950495049504951,0.0,0.0,0.0,0.3371757925072046
hier_clust,4,21,weighted,True,3318,7520,0.44122340425531914,0.7627586206896552,0.2839614373356705,0.345679012345679,0.5766158315177923,0.04950495049504951,0.0,0.0,0.0,0.3371757925072046
hier_clust,4,23,weighted,True,3318,7520,0.44122340425531914,0.7627586206896552,0.2839614373356705,0.345679012345679,0.5766158315177923,0.04950495049504951,0.0,0.0,0.0,0.3371757925072046
hier_clust,False,52,average,False,3317,7520,0.4410904255319149,0.973103448275862,0.0035056967572304996,0.14085297418630752,0.6289034132171387,0.16831683168316833,0.0,0.0,0.3656716417910448,0.5057636887608069
hier_clust,5,3,ward,False,3315,7520,0.4408244680851064,0.7351724137931035,0.0,0.0,0.9106753812636166,0.0,0.0,0.0,0.0,0.7168587896253602
hier_clust,2,7,weighted,False,3315,7520,0.4408244680851064,0.8758620689655172,0.0,0.18237934904601572,0.5562817719680465,0.0,0.0,0.0,0.3880597014925373,0.6498559077809798
hier_clust,5,20,complete,True,3314,7520,0.4406914893617021,0.7889655172413793,0.19193689745836984,0.38496071829405165,0.4749455337690632,0.18811881188118812,0.0,0.0,0.0,0.4128242074927954
hier_clust,5,21,complete,True,3314,7520,0.4406914893617021,0.7889655172413793,0.19193689745836984,0.38496071829405165,0.4749455337690632,0.18811881188118812,0.0,0.0,0.0,0.4128242074927954
hier_clust,4,20,weighted,True,3314,7520,0.4406914893617021,0.7627586206896552,0.3032427695004382,0.33108866442199775,0.5766158315177923,0.04950495049504951,0.0,0.0,0.0,0.3371757925072046
hier_clust,10,38,average,True,3313,7520,0.4405585106382979,0.9544827586206897,0.0,0.1734006734006734,0.6201888162672476,0.06930693069306931,0.0,0.0,0.0,0.5417867435158501
hier_clust,10,35,average,True,3313,7520,0.4405585106382979,0.9544827586206897,0.0,0.1734006734006734,0.6201888162672476,0.06930693069306931,0.0,0.0,0.0,0.5417867435158501
hier_clust,10,30,average,True,3311,7520,0.44029255319148936,0.9544827586206897,0.0,0.1734006734006734,0.6201888162672476,0.0594059405940594,0.0,0.0,0.0,0.5417867435158501
hier_clust,10,32,average,True,3311,7520,0.44029255319148936,0.9544827586206897,0.0,0.1734006734006734,0.6201888162672476,0.0594059405940594,0.0,0.0,0.0,0.5417867435158501
hier_clust,4,8,ward,False,3310,7520,0.4401595744680851,0.6772413793103448,0.0,0.4910213243546577,0.2672476397966594,0.0,0.0,0.0,0.0,0.781700288184438
hier_clust,20,27,weighted,False,3310,7520,0.4401595744680851,0.9110344827586206,0.0035056967572304996,0.11672278338945005,0.5802469135802469,0.0,0.0,0.0,0.0,0.7046109510086456
hier_clust,4,7,ward,False,3310,7520,0.4401595744680851,0.6772413793103448,0.0,0.4910213243546577,0.2672476397966594,0.0,0.0,0.0,0.0,0.781700288184438
hier_clust,5,20,weighted,True,3307,7520,0.4397606382978723,0.7820689655172414,0.31814198071866784,0.35858585858585856,0.55119825708061,0.0,0.0,0.0,0.0,0.2968299711815562
hier_clust,20,25,weighted,False,3307,7520,0.4397606382978723,0.9110344827586206,0.0035056967572304996,0.11672278338945005,0.5780682643427741,0.0,0.0,0.0,0.0,0.7046109510086456
hier_clust,5,18,weighted,True,3307,7520,0.4397606382978723,0.7820689655172414,0.31814198071866784,0.35858585858585856,0.55119825708061,0.0,0.0,0.0,0.0,0.2968299711815562
hier_clust,5,18,complete,True,3307,7520,0.4397606382978723,0.7889655172413793,0.19193689745836984,0.3681257014590348,0.5192447349310094,0.0,0.0,0.0,0.0,0.4128242074927954
hier_clust,20,23,weighted,False,3307,7520,0.4397606382978723,0.9110344827586206,0.0035056967572304996,0.11672278338945005,0.5780682643427741,0.0,0.0,0.0,0.0,0.7046109510086456
hier_clust,False,41,weighted,False,3306,7520,0.4396276595744681,0.8089655172413793,0.27957931638913236,0.250280583613917,0.6172839506172839,0.26732673267326734,0.0,0.0,0.12686567164179105,0.32204610951008644
hier_clust,4,17,median,True,3306,7520,0.4396276595744681,0.8103448275862069,0.0,0.5611672278338945,0.29920116194626,0.06435643564356436,0.0,0.0,0.0,0.5086455331412104
hier_clust,False,41,weighted,True,3305,7520,0.43949468085106386,0.6910344827586207,0.5319894829097284,0.29068462401795736,0.5613652868554829,0.01485148514851485,0.0,0.0,0.0,0.2896253602305475
hier_clust,10,23,average,True,3305,7520,0.43949468085106386,0.9544827586206897,0.0,0.1717171717171717,0.625998547567175,0.0049504950495049506,0.0,0.0,0.0,0.5417867435158501
hier_clust,False,38,weighted,True,3305,7520,0.43949468085106386,0.6910344827586207,0.530236634531113,0.29180695847362514,0.5613652868554829,0.01485148514851485,0.0,0.0,0.0,0.2896253602305475
hier_clust,10,25,average,True,3305,7520,0.43949468085106386,0.9544827586206897,0.0,0.1717171717171717,0.625998547567175,0.0049504950495049506,0.0,0.0,0.0,0.5417867435158501
hier_clust,10,27,average,True,3305,7520,0.43949468085106386,0.9544827586206897,0.0,0.1722783389450056,0.6252723311546841,0.0049504950495049506,0.0,0.0,0.0,0.5417867435158501
hier_clust,5,30,centroid,True,3303,7520,0.43922872340425534,0.7648275862068965,0.09640666082383874,0.44612794612794615,0.46768336964415397,0.019801980198019802,0.0,0.0,0.0,0.4618155619596542
hier_clust,2,6,centroid,True,3303,7520,0.43922872340425534,0.829655172413793,0.0,0.3658810325476992,0.5199709513435004,0.06930693069306931,0.0,0.0,0.0,0.5172910662824207
hier_clust,5,17,weighted,True,3303,7520,0.43922872340425534,0.7820689655172414,0.31814198071866784,0.3552188552188552,0.5526506899055919,0.0,0.0,0.0,0.0,0.2968299711815562
hier_clust,4,15,median,True,3301,7520,0.4389627659574468,0.8103448275862069,0.0,0.5392817059483727,0.3318809005083515,0.009900990099009901,0.0,0.0,0.0,0.5086455331412104
hier_clust,False,38,weighted,False,3300,7520,0.43882978723404253,0.8089655172413793,0.27957931638913236,0.25982042648709314,0.6129266521423384,0.26732673267326734,0.0,0.0,0.0,0.32204610951008644
hier_clust,False,18,complete,False,3299,7520,0.4386968085106383,0.8724137931034482,0.18755477651183172,0.1307519640852974,0.6964415395787945,0.44554455445544555,0.0,0.0,0.0,0.38760806916426516
hier_clust,20,20,weighted,False,3297,7520,0.4384308510638298,0.9117241379310345,0.0035056967572304996,0.11672278338945005,0.570079883805374,0.0,0.0,0.0,0.0,0.7046109510086456
hier_clust,20,21,weighted,False,3297,7520,0.4384308510638298,0.9117241379310345,0.0035056967572304996,0.11672278338945005,0.570079883805374,0.0,0.0,0.0,0.0,0.7046109510086456
hier_clust,20,18,weighted,False,3297,7520,0.4384308510638298,0.9117241379310345,0.0035056967572304996,0.11672278338945005,0.570079883805374,0.0,0.0,0.0,0.0,0.7046109510086456
hier_clust,False,30,complete,True,3296,7520,0.43829787234042555,0.7958620689655173,0.2331288343558282,0.38047138047138046,0.3805374001452433,0.13366336633663367,0.0,0.0,0.17164179104477612,0.4495677233429395
hier_clust,5,15,weighted,True,3296,7520,0.43829787234042555,0.7820689655172414,0.38650306748466257,0.3075196408529742,0.5526506899055919,0.0,0.0,0.0,0.0,0.2968299711815562
hier_clust,4,14,median,True,3295,7520,0.43816489361702127,0.8103448275862069,0.0,0.49551066217732886,0.3841684822076979,0.009900990099009901,0.0,0.0,0.0,0.5086455331412104
hier_clust,20,17,weighted,False,3295,7520,0.43816489361702127,0.9117241379310345,0.0035056967572304996,0.1127946127946128,0.570079883805374,0.0,0.0,0.0,0.0,0.7082132564841499
hier_clust,5,25,centroid,True,3294,7520,0.43803191489361704,0.7648275862068965,0.09640666082383874,0.44276094276094274,0.46695715323166304,0.019801980198019802,0.0,0.0,0.0,0.4603746397694525
hier_clust,5,27,centroid,True,3294,7520,0.43803191489361704,0.7648275862068965,0.09640666082383874,0.44388327721661053,0.46550472040668117,0.019801980198019802,0.0,0.0,0.0,0.4603746397694525
hier_clust,20,21,complete,False,3293,7520,0.43789893617021275,0.7827586206896552,0.3453111305872042,0.24186307519640854,0.5918663761801016,0.0,0.0,0.0,0.39552238805970147,0.335014409221902
hier_clust,20,20,complete,False,3293,7520,0.43789893617021275,0.7827586206896552,0.3453111305872042,0.24186307519640854,0.5918663761801016,0.0,0.0,0.0,0.39552238805970147,0.335014409221902
hier_clust,3,8,median,False,3292,7520,0.4377659574468085,0.8579310344827586,0.0,0.0005611672278338945,0.7342047930283224,0.0,0.0,0.0,0.0,0.7463976945244957
hier_clust,5,17,complete,True,3290,7520,0.4375,0.7889655172413793,0.19193689745836984,0.42592592592592593,0.43209876543209874,0.0,0.0,0.0,0.0,0.4128242074927954
hier_clust,10,38,weighted,True,3282,7520,0.436436170212766,0.7158620689655173,0.25503943908851884,0.2777777777777778,0.47058823529411764,0.2623762376237624,0.0,0.0,0.0,0.5453890489913544
hier_clust,5,15,weighted,False,3282,7520,0.436436170212766,0.9013793103448275,0.0,0.1447811447811448,0.6623093681917211,0.12376237623762376,0.0,0.0,0.0,0.5619596541786743
hier_clust,10,52,centroid,False,3281,7520,0.4363031914893617,0.9510344827586207,0.0,0.013468013468013467,0.8119099491648512,0.09900990099009901,0.0,0.0,0.007462686567164179,0.5324207492795389
hier_clust,False,35,weighted,False,3281,7520,0.4363031914893617,0.8089655172413793,0.27957931638913236,0.25982042648709314,0.6201888162672476,0.12376237623762376,0.0,0.0,0.0,0.32204610951008644
hier_clust,20,27,weighted,True,3280,7520,0.43617021276595747,0.7986206896551724,0.0035056967572304996,0.265993265993266,0.710239651416122,0.009900990099009901,0.0,0.0,0.3582089552238806,0.4438040345821326
hier_clust,3,5,complete,False,3277,7520,0.43577127659574466,0.9406896551724138,0.0,0.0,0.8569353667392883,0.0,0.0,0.0,0.0,0.5280979827089337
hier_clust,3,4,complete,False,3277,7520,0.43577127659574466,0.9406896551724138,0.0,0.0,0.8569353667392883,0.0,0.0,0.0,0.0,0.5280979827089337
hier_clust,10,45,weighted,False,3276,7520,0.43563829787234043,0.8,0.13058720420683612,0.36307519640852975,0.5279593318809005,0.3316831683168317,0.0,0.0,0.0,0.37896253602305474
hier_clust,10,48,centroid,False,3275,7520,0.43550531914893614,0.9510344827586207,0.0,0.010662177328843996,0.8111837327523602,0.09900990099009901,0.0,0.0,0.007462686567164179,0.5324207492795389
hier_clust,10,45,centroid,False,3274,7520,0.4353723404255319,0.9503448275862069,0.0,0.010662177328843996,0.8111837327523602,0.09900990099009901,0.0,0.0,0.007462686567164179,0.5324207492795389
hier_clust,5,14,weighted,False,3274,7520,0.4353723404255319,0.9013793103448275,0.0,0.1447811447811448,0.6746550472040668,0.0,0.0,0.0,0.0,0.5619596541786743
hier_clust,4,13,median,True,3274,7520,0.4353723404255319,0.8103448275862069,0.0,0.5067340067340067,0.35439360929557007,0.009900990099009901,0.0,0.0,0.0,0.5086455331412104
hier_clust,5,13,weighted,False,3273,7520,0.4352393617021277,0.9013793103448275,0.0,0.1447811447811448,0.6746550472040668,0.0,0.0,0.0,0.0,0.5612391930835735
hier_clust,5,12,weighted,False,3273,7520,0.4352393617021277,0.9013793103448275,0.0,0.1447811447811448,0.6746550472040668,0.0,0.0,0.0,0.0,0.5612391930835735
hier_clust,False,48,average,False,3272,7520,0.4351063829787234,0.9737931034482759,0.0035056967572304996,0.13860830527497195,0.6325344952795933,0.1782178217821782,0.0,0.0,0.0,0.5057636887608069
hier_clust,10,35,weighted,True,3272,7520,0.4351063829787234,0.7158620689655173,0.25503943908851884,0.26936026936026936,0.48148148148148145,0.15346534653465346,0.0,0.0,0.0,0.5540345821325648
hier_clust,4,18,weighted,True,3272,7520,0.4351063829787234,0.7627586206896552,0.3032427695004382,0.2244668911335578,0.6840958605664488,0.04950495049504951,0.0,0.0,0.0,0.3371757925072046
hier_clust,4,12,median,True,3272,7520,0.4351063829787234,0.8103448275862069,0.0,0.5067340067340067,0.35439360929557007,0.0,0.0,0.0,0.0,0.5086455331412104
hier_clust,10,41,centroid,False,3272,7520,0.4351063829787234,0.9503448275862069,0.0,0.010101010101010102,0.8104575163398693,0.09900990099009901,0.0,0.0,0.007462686567164179,0.5324207492795389
hier_clust,False,45,average,False,3271,7520,0.43497340425531916,0.9737931034482759,0.0035056967572304996,0.13860830527497195,0.6318082788671024,0.1782178217821782,0.0,0.0,0.0,0.5057636887608069
hier_clust,2,7,median,True,3269,7520,0.43470744680851064,0.8655172413793103,0.0,0.4276094276094276,0.3841684822076979,0.0,0.0,0.0,0.0,0.520893371757925
hier_clust,2,8,median,True,3269,7520,0.43470744680851064,0.8655172413793103,0.0,0.4276094276094276,0.3841684822076979,0.0,0.0,0.0,0.0,0.520893371757925
hier_clust,False,17,complete,False,3268,7520,0.43457446808510636,0.8724137931034482,0.18755477651183172,0.15993265993265993,0.6361655773420479,0.44554455445544555,0.0,0.0,0.0,0.38760806916426516
hier_clust,10,38,centroid,False,3268,7520,0.43457446808510636,0.9503448275862069,0.0,0.009539842873176206,0.8068264342774146,0.09900990099009901,0.0,0.0,0.007462686567164179,0.5338616714697406
hier_clust,10,35,centroid,False,3267,7520,0.4344414893617021,0.9503448275862069,0.0,0.008978675645342313,0.8068264342774146,0.09900990099009901,0.0,0.0,0.007462686567164179,0.5338616714697406
hier_clust,False,41,average,False,3267,7520,0.4344414893617021,0.9737931034482759,0.0035056967572304996,0.13860830527497195,0.6289034132171387,0.1782178217821782,0.0,0.0,0.0,0.5057636887608069
hier_clust,20,35,complete,True,3266,7520,0.4343085106382979,0.8593103448275862,0.12971078001752848,0.32379349046015715,0.5170660856935366,0.054455445544554455,0.0,0.0,0.16417910447761194,0.3962536023054755
hier_clust,10,41,weighted,False,3265,7520,0.4341755319148936,0.8,0.11481156879929887,0.367003367003367,0.5279593318809005,0.3316831683168317,0.0,0.0,0.0,0.37896253602305474
hier_clust,False,38,average,False,3264,7520,0.4340425531914894,0.973103448275862,0.0043821209465381246,0.1414141414141414,0.6230936819172114,0.1782178217821782,0.0,0.0,0.0,0.5057636887608069
hier_clust,False,35,average,False,3263,7520,0.4339095744680851,0.973103448275862,0.0043821209465381246,0.14085297418630752,0.6230936819172114,0.1782178217821782,0.0,0.0,0.0,0.5057636887608069
hier_clust,4,9,complete,True,3262,7520,0.43377659574468086,0.9462068965517242,0.0,0.06004489337822671,0.70079883805374,0.0,0.0,0.0,0.0,0.5893371757925072
hier_clust,False,32,average,False,3260,7520,0.43351063829787234,0.973103448275862,0.0043821209465381246,0.14085297418630752,0.6129266521423384,0.23267326732673269,0.0,0.0,0.0,0.5057636887608069
hier_clust,5,25,median,True,3258,7520,0.4332446808510638,0.5958620689655172,0.057843996494303246,0.5920314253647587,0.21568627450980393,0.0594059405940594,0.0,0.0,0.0,0.6945244956772334
hier_clust,20,32,complete,True,3255,7520,0.4328457446808511,0.8593103448275862,0.12971078001752848,0.3181818181818182,0.524328249818446,0.0,0.0,0.0,0.16417910447761194,0.3962536023054755
hier_clust,10,38,weighted,False,3253,7520,0.43257978723404256,0.8,0.11481156879929887,0.38496071829405165,0.4923747276688453,0.3316831683168317,0.0,0.0,0.0,0.38256484149855907
hier_clust,10,35,weighted,False,3251,7520,0.43231382978723404,0.8,0.11481156879929887,0.36980920314253646,0.5105301379811183,0.3316831683168317,0.0,0.0,0.0,0.38256484149855907
hier_clust,5,15,complete,True,3251,7520,0.43231382978723404,0.7889655172413793,0.19193689745836984,0.4500561167227834,0.37254901960784315,0.0,0.0,0.0,0.0,0.4128242074927954
hier_clust,20,18,complete,False,3250,7520,0.4321808510638298,0.7827586206896552,0.3453111305872042,0.30359147025813693,0.4807552650689906,0.0,0.0,0.0,0.39552238805970147,0.335014409221902
hier_clust,20,17,complete,False,3250,7520,0.4321808510638298,0.7827586206896552,0.3453111305872042,0.30359147025813693,0.4807552650689906,0.0,0.0,0.0,0.39552238805970147,0.335014409221902
hier_clust,False,27,average,False,3247,7520,0.431781914893617,0.973103448275862,0.0043821209465381246,0.1307519640852974,0.6151053013798112,0.23267326732673269,0.0,0.0,0.0,0.5072046109510087
hier_clust,False,30,average,False,3247,7520,0.431781914893617,0.973103448275862,0.0043821209465381246,0.1324354657687991,0.6129266521423384,0.23267326732673269,0.0,0.0,0.0,0.5072046109510087
hier_clust,False,25,average,False,3246,7520,0.43164893617021277,0.973103448275862,0.0035056967572304996,0.1307519640852974,0.6151053013798112,0.23267326732673269,0.0,0.0,0.0,0.5072046109510087
hier_clust,4,17,weighted,True,3245,7520,0.4315159574468085,0.7627586206896552,0.3637160385626643,0.17059483726150393,0.6840958605664488,0.04950495049504951,0.0,0.0,0.0,0.3371757925072046
hier_clust,20,14,weighted,False,3244,7520,0.43138297872340425,0.9117241379310345,0.0035056967572304996,0.07351290684624018,0.570079883805374,0.0,0.0,0.0,0.0,0.7219020172910663
hier_clust,20,15,weighted,False,3244,7520,0.43138297872340425,0.9117241379310345,0.0035056967572304996,0.07351290684624018,0.570079883805374,0.0,0.0,0.0,0.0,0.7219020172910663
hier_clust,20,11,weighted,False,3243,7520,0.43125,0.9117241379310345,0.0035056967572304996,0.001122334455667789,0.6630355846042121,0.0,0.0,0.0,0.0,0.7219020172910663
hier_clust,20,13,weighted,False,3243,7520,0.43125,0.9117241379310345,0.0035056967572304996,0.001122334455667789,0.6630355846042121,0.0,0.0,0.0,0.0,0.7219020172910663
hier_clust,2,6,median,True,3243,7520,0.43125,0.8655172413793103,0.0,0.5667789001122334,0.3638344226579521,0.0,0.0,0.0,0.0,0.34365994236311237
hier_clust,20,12,weighted,False,3243,7520,0.43125,0.9117241379310345,0.0035056967572304996,0.001122334455667789,0.6630355846042121,0.0,0.0,0.0,0.0,0.7219020172910663
hier_clust,5,23,median,True,3243,7520,0.43125,0.5958620689655172,0.05696757230499562,0.5920314253647587,0.20624546114742193,0.0594059405940594,0.0,0.0,0.0,0.6938040345821326
hier_clust,10,32,weighted,False,3240,7520,0.4308510638297872,0.8,0.11481156879929887,0.37542087542087543,0.5083514887436456,0.24257425742574257,0.0,0.0,0.0,0.38256484149855907
hier_clust,4,15,weighted,True,3240,7520,0.4308510638297872,0.7627586206896552,0.3637160385626643,0.17059483726150393,0.6862745098039216,0.009900990099009901,0.0,0.0,0.0,0.3371757925072046
hier_clust,5,20,median,True,3239,7520,0.430718085106383,0.5958620689655172,0.05696757230499562,0.6083052749719416,0.1822803195352215,0.0594059405940594,0.0,0.0,0.0,0.6938040345821326
hier_clust,5,21,median,True,3239,7520,0.430718085106383,0.5958620689655172,0.05696757230499562,0.6083052749719416,0.1822803195352215,0.0594059405940594,0.0,0.0,0.0,0.6938040345821326
hier_clust,2,4,ward,True,3239,7520,0.430718085106383,0.8724137931034482,0.0,0.32940516273849607,0.49310094408133626,0.0,0.0,0.0,0.0,0.5100864553314121
hier_clust,4,13,weighted,True,3238,7520,0.4305851063829787,0.7627586206896552,0.3637160385626643,0.17059483726150393,0.6862745098039216,0.0,0.0,0.0,0.0,0.3371757925072046
hier_clust,4,14,weighted,True,3238,7520,0.4305851063829787,0.7627586206896552,0.3637160385626643,0.17059483726150393,0.6862745098039216,0.0,0.0,0.0,0.0,0.3371757925072046
hier_clust,False,23,average,False,3237,7520,0.43045212765957447,0.973103448275862,0.0035056967572304996,0.1251402918069585,0.6122004357298475,0.23267326732673269,0.0,0.0,0.0,0.510806916426513
hier_clust,4,6,complete,False,3237,7520,0.43045212765957447,0.8993103448275862,0.0,0.3164983164983165,0.5504720406681191,0.0,0.0,0.0,0.0,0.44020172910662825
hier_clust,False,21,average,False,3237,7520,0.43045212765957447,0.973103448275862,0.0035056967572304996,0.1251402918069585,0.6122004357298475,0.23267326732673269,0.0,0.0,0.0,0.510806916426513
hier_clust,4,9,complete,False,3237,7520,0.43045212765957447,0.8993103448275862,0.0,0.3164983164983165,0.5504720406681191,0.0,0.0,0.0,0.0,0.44020172910662825
hier_clust,4,8,complete,False,3237,7520,0.43045212765957447,0.8993103448275862,0.0,0.3164983164983165,0.5504720406681191,0.0,0.0,0.0,0.0,0.44020172910662825
hier_clust,4,10,complete,False,3237,7520,0.43045212765957447,0.8993103448275862,0.0,0.3164983164983165,0.5504720406681191,0.0,0.0,0.0,0.0,0.44020172910662825
hier_clust,4,7,complete,False,3237,7520,0.43045212765957447,0.8993103448275862,0.0,0.3164983164983165,0.5504720406681191,0.0,0.0,0.0,0.0,0.44020172910662825
hier_clust,5,18,median,True,3236,7520,0.43031914893617024,0.5958620689655172,0.05696757230499562,0.6077441077441077,0.1822803195352215,0.04950495049504951,0.0,0.0,0.0,0.6938040345821326
hier_clust,5,23,centroid,True,3236,7520,0.43031914893617024,0.7648275862068965,0.0008764241893076249,0.4713804713804714,0.46695715323166304,0.019801980198019802,0.0,0.0,0.0,0.4603746397694525
hier_clust,2,5,centroid,False,3233,7520,0.42992021276595743,0.8124137931034483,0.0,0.0,0.8612926652142339,0.0,0.0,0.0,0.0,0.6260806916426513
hier_clust,4,4,ward,False,3233,7520,0.42992021276595743,0.8558620689655172,0.0,0.4910213243546577,0.2672476397966594,0.0,0.0,0.0,0.0,0.5396253602305475
hier_clust,4,5,ward,False,3233,7520,0.42992021276595743,0.8558620689655172,0.0,0.4910213243546577,0.2672476397966594,0.0,0.0,0.0,0.0,0.5396253602305475
hier_clust,4,6,ward,False,3233,7520,0.42992021276595743,0.8558620689655172,0.0,0.4910213243546577,0.2672476397966594,0.0,0.0,0.0,0.0,0.5396253602305475
hier_clust,2,4,centroid,False,3233,7520,0.42992021276595743,0.8124137931034483,0.0,0.0,0.8612926652142339,0.0,0.0,0.0,0.0,0.6260806916426513
hier_clust,10,20,complete,False,3229,7520,0.42938829787234045,0.7972413793103448,0.2979842243645925,0.2996632996632997,0.5018155410312273,0.15841584158415842,0.0,0.0,0.0,0.34293948126801155
hier_clust,4,10,median,True,3229,7520,0.42938829787234045,0.8137931034482758,0.0,0.5067340067340067,0.31953522149600583,0.0,0.0,0.0,0.0,0.5086455331412104
hier_clust,4,11,median,True,3229,7520,0.42938829787234045,0.8137931034482758,0.0,0.5067340067340067,0.31953522149600583,0.0,0.0,0.0,0.0,0.5086455331412104
hier_clust,4,9,median,True,3228,7520,0.42925531914893617,0.8137931034482758,0.0,0.43265993265993263,0.41466957153231665,0.0,0.0,0.0,0.0,0.5086455331412104
hier_clust,2,6,complete,True,3226,7520,0.42898936170212765,0.9255172413793104,0.0,0.1610549943883277,0.5773420479302832,0.0,0.0,0.0,0.0,0.5778097982708934
hier_clust,20,30,complete,True,3225,7520,0.4288563829787234,0.8593103448275862,0.12971078001752848,0.32154882154882153,0.49818445896877267,0.0,0.0,0.0,0.16417910447761194,0.3962536023054755
hier_clust,2,8,median,False,3222,7520,0.4284574468085106,0.756551724137931,0.0,0.09539842873176206,0.6608569353667393,0.0,0.0,0.0,0.0,0.7528818443804035
hier_clust,False,32,weighted,False,3222,7520,0.4284574468085106,0.8089655172413793,0.21384750219106047,0.3574635241301908,0.5054466230936819,0.12376237623762376,0.0,0.0,0.0,0.32204610951008644
hier_clust,2,7,median,False,3222,7520,0.4284574468085106,0.756551724137931,0.0,0.09539842873176206,0.6608569353667393,0.0,0.0,0.0,0.0,0.7528818443804035
hier_clust,2,6,median,False,3222,7520,0.4284574468085106,0.756551724137931,0.0,0.09539842873176206,0.6608569353667393,0.0,0.0,0.0,0.0,0.7528818443804035
hier_clust,3,5,ward,True,3221,7520,0.4283244680851064,0.7937931034482759,0.0,0.5757575757575758,0.36891793754538854,0.0,0.0,0.0,0.0,0.3861671469740634
hier_clust,2,5,weighted,True,3219,7520,0.42805851063829786,0.8503448275862069,0.0,0.3759820426487093,0.47785039941902685,0.0,0.0,0.0,0.0,0.47406340057636887
hier_clust,2,4,weighted,True,3219,7520,0.42805851063829786,0.8503448275862069,0.0,0.3759820426487093,0.47785039941902685,0.0,0.0,0.0,0.0,0.47406340057636887
hier_clust,3,4,ward,False,3219,7520,0.42805851063829786,0.9558620689655173,0.0,0.0,0.7828612926652142,0.0,0.0,0.0,0.0,0.5439481268011528
hier_clust,2,6,weighted,True,3219,7520,0.42805851063829786,0.8503448275862069,0.0,0.3759820426487093,0.47785039941902685,0.0,0.0,0.0,0.0,0.47406340057636887
hier_clust,3,3,ward,False,3219,7520,0.42805851063829786,0.9558620689655173,0.0,0.0,0.7828612926652142,0.0,0.0,0.0,0.0,0.5439481268011528
hier_clust,10,18,complete,False,3217,7520,0.42779255319148934,0.7972413793103448,0.2979842243645925,0.2996632996632997,0.5163398692810458,0.0,0.0,0.0,0.0,0.34293948126801155
hier_clust,10,30,weighted,False,3215,7520,0.4275265957446808,0.8,0.11481156879929887,0.3877665544332211,0.47421931735657225,0.24257425742574257,0.0,0.0,0.0,0.38256484149855907
hier_clust,10,27,weighted,False,3215,7520,0.4275265957446808,0.8,0.11481156879929887,0.38271604938271603,0.4807552650689906,0.24257425742574257,0.0,0.0,0.0,0.38256484149855907
hier_clust,2,4,ward,False,3214,7520,0.4273936170212766,0.8075862068965517,0.0,0.2884399551066218,0.6274509803921569,0.0,0.0,0.0,0.0,0.47910662824207495
hier_clust,5,18,centroid,True,3211,7520,0.42699468085106385,0.7648275862068965,0.0008764241893076249,0.5011223344556678,0.4103122730573711,0.019801980198019802,0.0,0.0,0.0,0.4603746397694525
hier_clust,5,20,centroid,True,3211,7520,0.42699468085106385,0.7648275862068965,0.0008764241893076249,0.5011223344556678,0.4103122730573711,0.019801980198019802,0.0,0.0,0.0,0.4603746397694525
hier_clust,5,21,centroid,True,3211,7520,0.42699468085106385,0.7648275862068965,0.0008764241893076249,0.5011223344556678,0.4103122730573711,0.019801980198019802,0.0,0.0,0.0,0.4603746397694525
hier_clust,20,15,complete,False,3209,7520,0.42672872340425533,0.786896551724138,0.3453111305872042,0.26262626262626265,0.49963689179375453,0.0,0.0,0.0,0.39552238805970147,0.335014409221902
hier_clust,20,3,ward,True,3205,7520,0.4261968085106383,0.8158620689655173,0.0,0.0,0.8700072621641249,0.0,0.0,0.0,0.0,0.5936599423631124
hier_clust,20,27,complete,True,3204,7520,0.42606382978723406,0.8593103448275862,0.12971078001752848,0.3063973063973064,0.5025417574437182,0.0,0.0,0.0,0.16417910447761194,0.3962536023054755
hier_clust,10,100,median,True,3202,7520,0.42579787234042554,0.7255172413793104,0.04119193689745837,0.4837261503928171,0.46042120551924476,0.2376237623762376,0.08333333333333333,0.0,0.014925373134328358,0.40057636887608067
hier_clust,5,14,centroid,False,3201,7520,0.42566489361702126,0.9606896551724138,0.0,0.06790123456790123,0.5105301379811183,0.0,0.0,0.0,0.0,0.7089337175792507
hier_clust,5,13,centroid,False,3201,7520,0.42566489361702126,0.9606896551724138,0.0,0.06790123456790123,0.5105301379811183,0.0,0.0,0.0,0.0,0.7089337175792507
hier_clust,5,15,centroid,False,3201,7520,0.42566489361702126,0.9606896551724138,0.0,0.06790123456790123,0.5105301379811183,0.0,0.0,0.0,0.0,0.7089337175792507
hier_clust,5,11,centroid,False,3200,7520,0.425531914893617,0.9606896551724138,0.0,0.06734006734006734,0.5105301379811183,0.0,0.0,0.0,0.0,0.7089337175792507
hier_clust,5,9,centroid,False,3200,7520,0.425531914893617,0.9606896551724138,0.0,0.06734006734006734,0.5105301379811183,0.0,0.0,0.0,0.0,0.7089337175792507
hier_clust,5,12,centroid,False,3200,7520,0.425531914893617,0.9606896551724138,0.0,0.06734006734006734,0.5105301379811183,0.0,0.0,0.0,0.0,0.7089337175792507
hier_clust,5,10,centroid,False,3200,7520,0.425531914893617,0.9606896551724138,0.0,0.06734006734006734,0.5105301379811183,0.0,0.0,0.0,0.0,0.7089337175792507
hier_clust,20,100,median,False,3200,7520,0.425531914893617,0.8537931034482759,0.007887817703768623,0.13411896745230079,0.7443718228031954,0.1485148514851485,0.16666666666666666,0.029411764705882353,0.0,0.47262247838616717
hier_clust,5,17,centroid,True,3198,7520,0.4252659574468085,0.7648275862068965,0.0008764241893076249,0.4696969696969697,0.44153957879448075,0.019801980198019802,0.0,0.0,0.0,0.4603746397694525
hier_clust,10,14,complete,False,3197,7520,0.4251329787234043,0.7972413793103448,0.2979842243645925,0.3338945005611672,0.45751633986928103,0.0,0.0,0.0,0.0,0.34293948126801155
hier_clust,20,92,median,False,3197,7520,0.4251329787234043,0.8537931034482759,0.007887817703768623,0.13411896745230079,0.7436456063907044,0.14356435643564355,0.16666666666666666,0.029411764705882353,0.0,0.4719020172910663
hier_clust,10,17,complete,False,3197,7520,0.4251329787234043,0.7972413793103448,0.2979842243645925,0.3338945005611672,0.45751633986928103,0.0,0.0,0.0,0.0,0.34293948126801155
hier_clust,10,15,complete,False,3197,7520,0.4251329787234043,0.7972413793103448,0.2979842243645925,0.3338945005611672,0.45751633986928103,0.0,0.0,0.0,0.0,0.34293948126801155
hier_clust,10,12,complete,False,3196,7520,0.425,0.7972413793103448,0.2979842243645925,0.26262626262626265,0.5490196078431373,0.0,0.0,0.0,0.0,0.34293948126801155
hier_clust,10,13,complete,False,3196,7520,0.425,0.7972413793103448,0.2979842243645925,0.26262626262626265,0.5490196078431373,0.0,0.0,0.0,0.0,0.34293948126801155
hier_clust,10,32,weighted,True,3193,7520,0.42460106382978724,0.7172413793103448,0.14636283961437335,0.2934904601571268,0.48148148148148145,0.15346534653465346,0.0,0.0,0.0,0.5540345821325648
hier_clust,10,92,median,True,3193,7520,0.42460106382978724,0.7255172413793104,0.04119193689745837,0.48428731762065097,0.47785039941902685,0.06930693069306931,0.08333333333333333,0.0,0.014925373134328358,0.40057636887608067
hier_clust,10,30,weighted,True,3191,7520,0.4243351063829787,0.7172413793103448,0.1446099912357581,0.29236812570145904,0.4829339143064633,0.15346534653465346,0.0,0.0,0.0,0.5540345821325648
hier_clust,False,35,weighted,True,3185,7520,0.42353723404255317,0.6910344827586207,0.530236634531113,0.2037037037037037,0.5613652868554829,0.01485148514851485,0.0,0.0,0.0,0.31628242074927954
hier_clust,10,3,ward,True,3183,7520,0.4232712765957447,0.7572413793103449,0.0,0.6980920314253648,0.0,0.0,0.0,0.0,0.0,0.6059077809798271
hier_clust,4,12,weighted,True,3172,7520,0.4218085106382979,0.7627586206896552,0.3637160385626643,0.21773288439955107,0.5773420479302832,0.0,0.0,0.0,0.0,0.3371757925072046
hier_clust,4,11,weighted,True,3172,7520,0.4218085106382979,0.7627586206896552,0.3637160385626643,0.21773288439955107,0.5773420479302832,0.0,0.0,0.0,0.0,0.3371757925072046
hier_clust,False,30,weighted,False,3170,7520,0.42154255319148937,0.8089655172413793,0.38475021910604734,0.21885521885521886,0.5054466230936819,0.12376237623762376,0.0,0.0,0.0,0.32204610951008644
hier_clust,False,27,weighted,False,3167,7520,0.4211436170212766,0.8089655172413793,0.38475021910604734,0.21773288439955107,0.5054466230936819,0.1188118811881188,0.0,0.0,0.0,0.32204610951008644
hier_clust,10,27,weighted,True,3166,7520,0.42101063829787233,0.7172413793103448,0.1446099912357581,0.2839506172839506,0.46042120551924476,0.26732673267326734,0.0,0.0,0.0,0.5525936599423631
hier_clust,10,85,median,True,3165,7520,0.4208776595744681,0.7255172413793104,0.04119193689745837,0.4831649831649832,0.4589687726942629,0.06930693069306931,0.08333333333333333,0.0,0.007462686567164179,0.40129682997118155
hier_clust,20,85,median,False,3164,7520,0.4207446808510638,0.8537931034482759,0.007011393514460999,0.18518518518518517,0.6550472040668119,0.13861386138613863,0.16666666666666666,0.029411764705882353,0.0,0.4719020172910663
hier_clust,4,8,median,True,3163,7520,0.4206117021276596,0.8275862068965517,0.0,0.38496071829405165,0.41466957153231665,0.0,0.0,0.0,0.0,0.5086455331412104
hier_clust,False,32,weighted,True,3160,7520,0.42021276595744683,0.6910344827586207,0.5328659070990359,0.20033670033670034,0.5453885257806826,0.01485148514851485,0.0,0.0,0.0,0.31628242074927954
hier_clust,4,7,median,True,3159,7520,0.42007978723404255,0.8275862068965517,0.0,0.2239057239057239,0.6201888162672476,0.0,0.0,0.0,0.0,0.5086455331412104
hier_clust,4,6,median,True,3159,7520,0.42007978723404255,0.8275862068965517,0.0,0.2239057239057239,0.6201888162672476,0.0,0.0,0.0,0.0,0.5086455331412104
hier_clust,10,23,weighted,True,3157,7520,0.419813829787234,0.7172413793103448,0.09815950920245399,0.31313131313131315,0.45461147421931736,0.26732673267326734,0.0,0.0,0.0,0.5525936599423631
hier_clust,10,25,weighted,True,3157,7520,0.419813829787234,0.7172413793103448,0.09815950920245399,0.31313131313131315,0.45461147421931736,0.26732673267326734,0.0,0.0,0.0,0.5525936599423631
hier_clust,10,78,median,True,3153,7520,0.41928191489361705,0.7255172413793104,0.03768624014022787,0.4820426487093154,0.4567901234567901,0.054455445544554455,0.08333333333333333,0.0,0.007462686567164179,0.40129682997118155
hier_clust,False,15,complete,False,3153,7520,0.41928191489361705,0.94,0.0026292725679228747,0.14983164983164984,0.6477850399419027,0.44554455445544555,0.0,0.0,0.0,0.38760806916426516
hier_clust,False,14,complete,False,3153,7520,0.41928191489361705,0.94,0.0026292725679228747,0.14983164983164984,0.6477850399419027,0.44554455445544555,0.0,0.0,0.0,0.38760806916426516
hier_clust,10,25,weighted,False,3153,7520,0.41928191489361705,0.8096551724137931,0.11481156879929887,0.3468013468013468,0.4698620188816267,0.24257425742574257,0.0,0.0,0.0,0.38472622478386165
hier_clust,10,21,average,True,3151,7520,0.41901595744680853,0.98,0.0,0.06453423120089787,0.625998547567175,0.0049504950495049506,0.0,0.0,0.0,0.5417867435158501
hier_clust,2,5,complete,True,3149,7520,0.41875,0.9255172413793104,0.0,0.0,0.5773420479302832,0.0,0.0,0.0,0.0,0.729106628242075
hier_clust,4,3,ward,False,3148,7520,0.4186170212765957,0.8558620689655172,0.0,0.0,0.840958605664488,0.0,0.0,0.0,0.0,0.5396253602305475
hier_clust,20,14,complete,False,3141,7520,0.41768617021276594,0.786896551724138,0.011393514460999123,0.5925925925925926,0.2999273783587509,0.0,0.0,0.0,0.39552238805970147,0.335014409221902
hier_clust,10,67,median,True,3136,7520,0.41702127659574467,0.7255172413793104,0.03768624014022787,0.4831649831649832,0.44734931009440815,0.0297029702970297,0.08333333333333333,0.0,0.007462686567164179,0.40057636887608067
hier_clust,False,25,weighted,False,3136,7520,0.41702127659574467,0.8110344827586207,0.38475021910604734,0.19865319865319866,0.5054466230936819,0.1188118811881188,0.0,0.0,0.0,0.32204610951008644
hier_clust,False,23,weighted,False,3136,7520,0.41702127659574467,0.8110344827586207,0.38475021910604734,0.19865319865319866,0.5054466230936819,0.1188118811881188,0.0,0.0,0.0,0.32204610951008644
hier_clust,10,72,median,True,3136,7520,0.41702127659574467,0.7255172413793104,0.03768624014022787,0.4831649831649832,0.44734931009440815,0.0297029702970297,0.08333333333333333,0.0,0.007462686567164179,0.40057636887608067
hier_clust,2,5,average,True,3131,7520,0.4163563829787234,0.8027586206896552,0.0,0.6498316498316499,0.11256354393609296,0.0,0.0,0.0,0.0,0.4711815561959654
hier_clust,4,3,ward,True,3127,7520,0.41582446808510637,0.7482758620689656,0.0,0.6924803591470258,0.0,0.0,0.0,0.0,0.0,0.5821325648414986
hier_clust,10,61,median,True,3124,7520,0.4154255319148936,0.7255172413793104,0.03768624014022787,0.4831649831649832,0.4386347131445171,0.0297029702970297,0.08333333333333333,0.0,0.007462686567164179,0.40057636887608067
hier_clust,10,57,median,True,3123,7520,0.4152925531914894,0.7255172413793104,0.03768624014022787,0.4831649831649832,0.43790849673202614,0.0297029702970297,0.08333333333333333,0.0,0.007462686567164179,0.40057636887608067
hier_clust,10,52,median,True,3122,7520,0.4151595744680851,0.7255172413793104,0.03768624014022787,0.4820426487093154,0.439360929557008,0.0297029702970297,0.0,0.0,0.007462686567164179,0.40057636887608067
hier_clust,20,25,complete,True,3121,7520,0.41502659574468087,0.9006896551724138,0.0043821209465381246,0.3063973063973064,0.5025417574437182,0.0,0.0,0.0,0.16417910447761194,0.3962536023054755
hier_clust,False,100,average,True,3121,7520,0.41502659574468087,0.9668965517241379,0.007011393514460999,0.3490460157126824,0.4495279593318809,0.24257425742574257,0.0,0.0,0.39552238805970147,0.26512968299711814
hier_clust,20,21,complete,True,3121,7520,0.41502659574468087,0.9006896551724138,0.0043821209465381246,0.3063973063973064,0.5025417574437182,0.0,0.0,0.0,0.16417910447761194,0.3962536023054755
hier_clust,20,23,complete,True,3121,7520,0.41502659574468087,0.9006896551724138,0.0043821209465381246,0.3063973063973064,0.5025417574437182,0.0,0.0,0.0,0.16417910447761194,0.3962536023054755
hier_clust,5,13,complete,True,3117,7520,0.41449468085106383,0.7889655172413793,0.19193689745836984,0.4500561167227834,0.4001452432824982,0.0,0.0,0.0,0.0,0.2889048991354467
hier_clust,5,14,complete,True,3117,7520,0.41449468085106383,0.7889655172413793,0.19193689745836984,0.4500561167227834,0.4001452432824982,0.0,0.0,0.0,0.0,0.2889048991354467
hier_clust,20,25,weighted,True,3117,7520,0.41449468085106383,0.8006896551724138,0.0035056967572304996,0.265993265993266,0.5816993464052288,0.009900990099009901,0.0,0.0,0.3582089552238806,0.45172910662824206
hier_clust,10,17,complete,True,3115,7520,0.4142287234042553,0.8282758620689655,0.24802804557405783,0.38271604938271603,0.49600580973129993,0.0,0.0,0.0,0.0,0.19164265129682997
hier_clust,2,5,median,True,3114,7520,0.4140957446808511,0.8655172413793103,0.0,0.6139169472502806,0.20915032679738563,0.0,0.0,0.0,0.0,0.34365994236311237
hier_clust,5,3,ward,True,3114,7520,0.4140957446808511,0.9668965517241379,0.0,0.0,0.7450980392156863,0.0,0.0,0.0,0.0,0.4942363112391931
hier_clust,3,7,complete,True,3114,7520,0.4140957446808511,0.76,0.37423312883435583,0.1526374859708193,0.6695715323166304,0.0,0.0,0.0,0.0,0.28170028818443804
hier_clust,20,3,ward,False,3111,7520,0.4136968085106383,0.973103448275862,0.0,0.0,0.766158315177923,0.0,0.0,0.0,0.0,0.46469740634005763
hier_clust,5,12,complete,True,3109,7520,0.41343085106382976,0.7889655172413793,0.19193689745836984,0.4393939393939394,0.4081336238198983,0.0,0.0,0.0,0.0,0.2889048991354467
hier_clust,5,11,complete,True,3109,7520,0.41343085106382976,0.7889655172413793,0.0,0.5622895622895623,0.4081336238198983,0.0,0.0,0.0,0.0,0.2889048991354467
hier_clust,5,10,complete,True,3109,7520,0.41343085106382976,0.7889655172413793,0.0,0.5622895622895623,0.4081336238198983,0.0,0.0,0.0,0.0,0.2889048991354467
hier_clust,20,23,weighted,True,3107,7520,0.4131648936170213,0.8006896551724138,0.0035056967572304996,0.2867564534231201,0.5824255628177197,0.009900990099009901,0.0,0.0,0.0,0.45172910662824206
hier_clust,2,4,average,True,3106,7520,0.413031914893617,0.8027586206896552,0.0,0.5667789001122334,0.2018881626724764,0.0,0.0,0.0,0.0,0.4711815561959654
hier_clust,4,11,weighted,False,3106,7520,0.413031914893617,0.8337931034482758,0.24978089395267308,0.2345679012345679,0.6376180101670298,0.0,0.0,0.0,0.0,0.2276657060518732
hier_clust,4,12,weighted,False,3106,7520,0.413031914893617,0.8337931034482758,0.24978089395267308,0.2345679012345679,0.6376180101670298,0.0,0.0,0.0,0.0,0.2276657060518732
hier_clust,20,21,weighted,True,3104,7520,0.4127659574468085,0.8006896551724138,0.0035056967572304996,0.2867564534231201,0.5802469135802469,0.009900990099009901,0.0,0.0,0.0,0.45172910662824206
hier_clust,20,20,weighted,True,3104,7520,0.4127659574468085,0.8006896551724138,0.0035056967572304996,0.2867564534231201,0.5802469135802469,0.009900990099009901,0.0,0.0,0.0,0.45172910662824206
hier_clust,20,18,weighted,True,3104,7520,0.4127659574468085,0.8006896551724138,0.0035056967572304996,0.2867564534231201,0.5802469135802469,0.009900990099009901,0.0,0.0,0.0,0.45172910662824206
hier_clust,20,13,complete,False,3103,7520,0.41263297872340426,0.786896551724138,0.011393514460999123,0.5235690235690236,0.2999273783587509,0.0,0.0,0.0,0.39552238805970147,0.3962536023054755
hier_clust,20,12,complete,False,3103,7520,0.41263297872340426,0.786896551724138,0.011393514460999123,0.5235690235690236,0.2999273783587509,0.0,0.0,0.0,0.39552238805970147,0.3962536023054755
hier_clust,5,9,complete,True,3102,7520,0.4125,0.7889655172413793,0.0,0.6762065095398428,0.25562817719680464,0.0,0.0,0.0,0.0,0.2889048991354467
hier_clust,10,3,ward,False,3101,7520,0.41236702127659575,0.976551724137931,0.0,0.0,0.7095134350036311,0.0,0.0,0.0,0.0,0.5100864553314121
hier_clust,5,10,complete,False,3096,7520,0.4117021276595745,0.9634482758620689,0.0,0.4494949494949495,0.4422657952069717,0.0,0.0,0.0,0.0,0.20821325648414984
hier_clust,10,20,average,True,3095,7520,0.4115691489361702,0.98,0.0,0.1627384960718294,0.45824255628177196,0.0049504950495049506,0.0,0.0,0.0,0.5417867435158501
hier_clust,10,18,average,True,3094,7520,0.41143617021276596,0.98,0.0,0.1627384960718294,0.45751633986928103,0.0049504950495049506,0.0,0.0,0.0,0.5417867435158501
hier_clust,False,13,complete,False,3094,7520,0.41143617021276596,0.94,0.0026292725679228747,0.20707070707070707,0.5976761074800291,0.44554455445544555,0.0,0.0,0.0,0.32132564841498557
hier_clust,20,32,average,False,3091,7520,0.4110372340425532,0.9820689655172414,0.0035056967572304996,0.023007856341189674,0.6129266521423384,0.32673267326732675,0.0,0.0,0.0,0.5129682997118156
hier_clust,20,27,average,False,3091,7520,0.4110372340425532,0.9820689655172414,0.0035056967572304996,0.023007856341189674,0.6129266521423384,0.32673267326732675,0.0,0.0,0.0,0.5129682997118156
hier_clust,20,30,average,False,3091,7520,0.4110372340425532,0.9820689655172414,0.0035056967572304996,0.023007856341189674,0.6129266521423384,0.32673267326732675,0.0,0.0,0.0,0.5129682997118156
hier_clust,20,17,weighted,True,3091,7520,0.4110372340425532,0.8006896551724138,0.0035056967572304996,0.27946127946127947,0.5802469135802469,0.009900990099009901,0.0,0.0,0.0,0.45172910662824206
hier_clust,3,7,weighted,False,3090,7520,0.4109042553191489,0.8979310344827586,0.0,0.20763187429854096,0.6920842411038489,0.0,0.0,0.0,0.0,0.335014409221902
hier_clust,3,8,weighted,False,3090,7520,0.4109042553191489,0.8979310344827586,0.0,0.20763187429854096,0.6920842411038489,0.0,0.0,0.0,0.0,0.335014409221902
hier_clust,20,25,average,False,3090,7520,0.4109042553191489,0.9820689655172414,0.0035056967572304996,0.023007856341189674,0.6107480029048656,0.33663366336633666,0.0,0.0,0.0,0.5129682997118156
hier_clust,3,9,weighted,False,3090,7520,0.4109042553191489,0.8979310344827586,0.0,0.20819304152637486,0.6920842411038489,0.0,0.0,0.0,0.0,0.33429394812680113
hier_clust,10,48,median,True,3090,7520,0.4109042553191489,0.7255172413793104,0.03680981595092025,0.46464646464646464,0.43790849673202614,0.0297029702970297,0.0,0.0,0.007462686567164179,0.4020172910662824
hier_clust,3,10,weighted,False,3090,7520,0.4109042553191489,0.8979310344827586,0.0,0.20819304152637486,0.6920842411038489,0.0,0.0,0.0,0.0,0.33429394812680113
hier_clust,False,92,average,True,3088,7520,0.4106382978723404,0.9668965517241379,0.007011393514460999,0.28170594837261503,0.5054466230936819,0.29207920792079206,0.0,0.0,0.39552238805970147,0.26512968299711814
hier_clust,10,21,weighted,True,3087,7520,0.4105053191489362,0.7517241379310344,0.0,0.29068462401795736,0.47785039941902685,0.26732673267326734,0.0,0.0,0.0,0.5525936599423631
hier_clust,20,11,complete,False,3085,7520,0.41023936170212766,0.786896551724138,0.011393514460999123,0.5235690235690236,0.2999273783587509,0.0,0.0,0.0,0.0,0.4214697406340058
hier_clust,False,27,complete,True,3084,7520,0.4101063829787234,0.8303448275862069,0.2331288343558282,0.29124579124579125,0.49019607843137253,0.13366336633663367,0.0,0.0,0.17164179104477612,0.2665706051873199
hier_clust,10,20,weighted,True,3084,7520,0.4101063829787234,0.7517241379310344,0.0,0.29068462401795736,0.4749455337690632,0.26732673267326734,0.0,0.0,0.0,0.553314121037464
hier_clust,20,10,complete,False,3084,7520,0.4101063829787234,0.786896551724138,0.011393514460999123,0.5235690235690236,0.2999273783587509,0.0,0.0,0.0,0.0,0.4207492795389049
hier_clust,10,17,average,True,3084,7520,0.4101063829787234,0.98,0.0,0.005050505050505051,0.654320987654321,0.0049504950495049506,0.0,0.0,0.0,0.5417867435158501
hier_clust,10,17,weighted,True,3082,7520,0.4098404255319149,0.7517241379310344,0.0,0.29124579124579125,0.47276688453159044,0.26732673267326734,0.0,0.0,0.0,0.553314121037464
hier_clust,10,18,weighted,True,3082,7520,0.4098404255319149,0.7517241379310344,0.0,0.29124579124579125,0.47276688453159044,0.26732673267326734,0.0,0.0,0.0,0.553314121037464
hier_clust,10,15,average,True,3082,7520,0.4098404255319149,0.9806896551724138,0.0,0.005050505050505051,0.6521423384168482,0.0049504950495049506,0.0,0.0,0.0,0.5417867435158501
hier_clust,10,45,median,True,3080,7520,0.4095744680851064,0.7255172413793104,0.03593339176161262,0.46464646464646464,0.43209876543209874,0.0297029702970297,0.0,0.0,0.007462686567164179,0.40129682997118155
hier_clust,10,14,average,True,3079,7520,0.4094414893617021,0.9806896551724138,0.0,0.003367003367003367,0.6521423384168482,0.0049504950495049506,0.0,0.0,0.0,0.5417867435158501
hier_clust,False,25,complete,True,3079,7520,0.4094414893617021,0.8303448275862069,0.2331288343558282,0.2783389450056117,0.5032679738562091,0.13366336633663367,0.0,0.0,0.17164179104477612,0.2665706051873199
hier_clust,False,23,complete,True,3079,7520,0.4094414893617021,0.8303448275862069,0.2331288343558282,0.2783389450056117,0.5032679738562091,0.13366336633663367,0.0,0.0,0.17164179104477612,0.2665706051873199
hier_clust,2,3,ward,False,3078,7520,0.4093085106382979,0.8075862068965517,0.0,0.0,0.6274509803921569,0.0,0.0,0.0,0.0,0.7514409221902018
hier_clust,20,23,average,False,3078,7520,0.4093085106382979,0.9820689655172414,0.0035056967572304996,0.006734006734006734,0.6230936819172114,0.33663366336633666,0.0,0.0,0.0,0.5129682997118156
hier_clust,10,13,average,True,3077,7520,0.40917553191489364,0.9806896551724138,0.0,0.002244668911335578,0.6521423384168482,0.0049504950495049506,0.0,0.0,0.0,0.5417867435158501
hier_clust,20,8,complete,False,3077,7520,0.40917553191489364,0.7910344827586206,0.0,0.5235690235690236,0.2999273783587509,0.0,0.0,0.0,0.0,0.4207492795389049
hier_clust,10,10,average,True,3077,7520,0.40917553191489364,0.9806896551724138,0.0,0.002244668911335578,0.6521423384168482,0.0049504950495049506,0.0,0.0,0.0,0.5417867435158501
hier_clust,10,11,average,True,3077,7520,0.40917553191489364,0.9806896551724138,0.0,0.002244668911335578,0.6521423384168482,0.0049504950495049506,0.0,0.0,0.0,0.5417867435158501
hier_clust,20,9,complete,False,3077,7520,0.40917553191489364,0.7910344827586206,0.0,0.5235690235690236,0.2999273783587509,0.0,0.0,0.0,0.0,0.4207492795389049
hier_clust,10,12,average,True,3077,7520,0.40917553191489364,0.9806896551724138,0.0,0.002244668911335578,0.6521423384168482,0.0049504950495049506,0.0,0.0,0.0,0.5417867435158501
hier_clust,10,41,median,True,3076,7520,0.40904255319148936,0.7255172413793104,0.03593339176161262,0.46352413019079686,0.43209876543209874,0.019801980198019802,0.0,0.0,0.007462686567164179,0.40129682997118155
hier_clust,False,85,average,True,3076,7520,0.40904255319148936,0.9662068965517241,0.007011393514460999,0.2727272727272727,0.5090777051561365,0.29207920792079206,0.0,0.0,0.39552238805970147,0.26512968299711814
hier_clust,20,20,complete,True,3075,7520,0.4089095744680851,0.9006896551724138,0.0043821209465381246,0.3063973063973064,0.5119825708061002,0.0,0.0,0.0,0.16417910447761194,0.3537463976945245
hier_clust,20,21,average,False,3075,7520,0.4089095744680851,0.9820689655172414,0.0035056967572304996,0.006734006734006734,0.6209150326797386,0.33663366336633666,0.0,0.0,0.0,0.5129682997118156
hier_clust,10,38,median,True,3075,7520,0.4089095744680851,0.7255172413793104,0.03593339176161262,0.46352413019079686,0.43137254901960786,0.019801980198019802,0.0,0.0,0.007462686567164179,0.40129682997118155
hier_clust,20,20,average,False,3074,7520,0.40877659574468084,0.9820689655172414,0.0035056967572304996,0.006734006734006734,0.6695715323166304,0.0,0.0,0.0,0.0,0.5129682997118156
hier_clust,20,18,average,False,3073,7520,0.4086436170212766,0.9820689655172414,0.0026292725679228747,0.006734006734006734,0.6695715323166304,0.0,0.0,0.0,0.0,0.5129682997118156
hier_clust,False,20,average,False,3071,7520,0.4083776595744681,0.973103448275862,0.0035056967572304996,0.001122334455667789,0.6122004357298475,0.23267326732673269,0.0,0.0,0.0,0.5504322766570605
hier_clust,20,17,average,False,3070,7520,0.40824468085106386,0.9820689655172414,0.0026292725679228747,0.0016835016835016834,0.6695715323166304,0.0,0.0,0.0,0.0,0.5172910662824207
hier_clust,False,12,complete,False,3070,7520,0.40824468085106386,0.94,0.0026292725679228747,0.20707070707070707,0.5729847494553377,0.44554455445544555,0.0,0.0,0.0,0.3285302593659942
hier_clust,4,6,average,False,3067,7520,0.40784574468085105,0.9682758620689655,0.0,0.0005611672278338945,0.49310094408133626,0.024752475247524754,0.0,0.0,0.0,0.7046109510086456
hier_clust,False,78,average,True,3067,7520,0.40784574468085105,0.9668965517241379,0.007011393514460999,0.26992143658810325,0.5098039215686274,0.26732673267326734,0.0,0.0,0.39552238805970147,0.26440922190201727
hier_clust,3,5,centroid,True,3067,7520,0.40784574468085105,0.7944827586206896,0.0,0.5695847362514029,0.29193899782135074,0.0,0.0,0.0,0.0,0.35878962536023057
hier_clust,2,4,average,False,3065,7520,0.40757978723404253,0.8710344827586207,0.0,0.0,0.8671023965141612,0.0,0.0,0.0,0.0,0.43804034582132567
hier_clust,2,5,complete,False,3064,7520,0.4074468085106383,0.7062068965517241,0.5530236634531113,0.0,0.6630355846042121,0.0,0.0,0.0,0.0,0.3573487031700288
hier_clust,2,5,median,False,3064,7520,0.4074468085106383,0.9593103448275863,0.0,0.09539842873176206,0.6608569353667393,0.0,0.0,0.0,0.0,0.4272334293948127
hier_clust,2,6,complete,False,3064,7520,0.4074468085106383,0.7062068965517241,0.5530236634531113,0.0,0.6630355846042121,0.0,0.0,0.0,0.0,0.3573487031700288
hier_clust,2,4,median,True,3055,7520,0.40625,0.8655172413793103,0.0,0.47474747474747475,0.3464052287581699,0.0,0.0,0.0,0.0,0.34365994236311237
hier_clust,False,72,average,True,3055,7520,0.40625,0.9668965517241379,0.0043821209465381246,0.26992143658810325,0.5105301379811183,0.24752475247524752,0.0,0.0,0.0,0.29827089337175794
hier_clust,3,6,average,True,3053,7520,0.4059840425531915,0.8682758620689656,0.0,0.23063973063973064,0.6623093681917211,0.0,0.0,0.0,0.0,0.3393371757925072
hier_clust,3,8,average,True,3053,7520,0.4059840425531915,0.8682758620689656,0.0,0.23063973063973064,0.6623093681917211,0.0,0.0,0.0,0.0,0.3393371757925072
hier_clust,3,7,average,True,3053,7520,0.4059840425531915,0.8682758620689656,0.0,0.23063973063973064,0.6623093681917211,0.0,0.0,0.0,0.0,0.3393371757925072
hier_clust,10,11,complete,False,3049,7520,0.40545212765957445,0.9303448275862068,0.0,0.26262626262626265,0.5490196078431373,0.0,0.0,0.0,0.0,0.34293948126801155
hier_clust,3,11,weighted,True,3048,7520,0.4053191489361702,0.803448275862069,0.0,0.4943883277216611,0.39578794480755264,0.07425742574257425,0.0,0.0,0.0,0.3184438040345821
hier_clust,10,15,complete,True,3044,7520,0.4047872340425532,0.8282758620689655,0.24802804557405783,0.4292929292929293,0.3841684822076979,0.0,0.0,0.0,0.0,0.19164265129682997
hier_clust,10,14,complete,True,3044,7520,0.4047872340425532,0.8282758620689655,0.24802804557405783,0.4292929292929293,0.3841684822076979,0.0,0.0,0.0,0.0,0.19164265129682997
hier_clust,20,15,weighted,True,3044,7520,0.4047872340425532,0.8006896551724138,0.0035056967572304996,0.27665544332211,0.5482933914306464,0.009900990099009901,0.0,0.0,0.0,0.4531700288184438
hier_clust,3,10,weighted,True,3041,7520,0.40438829787234043,0.803448275862069,0.0,0.42536475869809204,0.49092229484386346,0.0,0.0,0.0,0.0,0.3184438040345821
hier_clust,False,21,weighted,False,3041,7520,0.40438829787234043,0.8110344827586207,0.0035056967572304996,0.4158249158249158,0.4684095860566449,0.1188118811881188,0.0,0.0,0.0,0.3249279538904899
hier_clust,False,20,weighted,False,3041,7520,0.40438829787234043,0.8110344827586207,0.0035056967572304996,0.4158249158249158,0.4408133623819898,0.3069306930693069,0.0,0.0,0.0,0.3249279538904899
hier_clust,5,12,median,False,3040,7520,0.40425531914893614,0.6317241379310344,0.6459246275197196,0.10437710437710437,0.43790849673202614,0.0,0.0,0.0,0.0,0.430835734870317
hier_clust,False,17,weighted,False,3035,7520,0.4035904255319149,0.8110344827586207,0.0035056967572304996,0.2789001122334456,0.6136528685548294,0.3069306930693069,0.0,0.0,0.0,0.3249279538904899
hier_clust,5,8,complete,False,3035,7520,0.4035904255319149,0.9634482758620689,0.0,0.4006734006734007,0.46114742193173563,0.0,0.0,0.0,0.0,0.20821325648414984
hier_clust,5,9,complete,False,3035,7520,0.4035904255319149,0.9634482758620689,0.0,0.4006734006734007,0.46114742193173563,0.0,0.0,0.0,0.0,0.20821325648414984
hier_clust,False,18,weighted,False,3035,7520,0.4035904255319149,0.8110344827586207,0.0035056967572304996,0.2789001122334456,0.6136528685548294,0.3069306930693069,0.0,0.0,0.0,0.3249279538904899
hier_clust,10,23,weighted,False,3035,7520,0.4035904255319149,0.8096551724137931,0.0,0.3468013468013468,0.4698620188816267,0.24257425742574257,0.0,0.0,0.0,0.3940922190201729
hier_clust,5,8,complete,True,3030,7520,0.4029255319148936,0.7889655172413793,0.0,0.6762065095398428,0.2730573710965868,0.0,0.0,0.0,0.0,0.21974063400576369
hier_clust,False,14,weighted,False,3028,7520,0.4026595744680851,0.8110344827586207,0.0035056967572304996,0.26879910213243546,0.6136528685548294,0.3069306930693069,0.0,0.0,0.0,0.33285302593659943
hier_clust,False,15,weighted,False,3028,7520,0.4026595744680851,0.8110344827586207,0.0035056967572304996,0.26879910213243546,0.6136528685548294,0.3069306930693069,0.0,0.0,0.0,0.33285302593659943
hier_clust,False,12,weighted,False,3027,7520,0.40252659574468086,0.8110344827586207,0.0035056967572304996,0.26879910213243546,0.6136528685548294,0.3069306930693069,0.0,0.0,0.0,0.33213256484149856
hier_clust,False,13,weighted,False,3027,7520,0.40252659574468086,0.8110344827586207,0.0035056967572304996,0.26879910213243546,0.6136528685548294,0.3069306930693069,0.0,0.0,0.0,0.33213256484149856
hier_clust,False,11,complete,False,3022,7520,0.4018617021276596,0.94,0.0026292725679228747,0.37317620650953987,0.32316630355846043,0.44554455445544555,0.0,0.0,0.0,0.3285302593659942
hier_clust,False,10,complete,False,3021,7520,0.4017287234042553,0.94,0.0026292725679228747,0.37317620650953987,0.3877995642701525,0.0,0.0,0.0,0.0,0.3285302593659942
hier_clust,3,7,median,True,3018,7520,0.40132978723404256,0.9689655172413794,0.0,0.0,0.5548293391430646,0.0,0.0,0.0,0.0,0.611671469740634
hier_clust,2,3,ward,True,3016,7520,0.40106382978723404,0.8724137931034482,0.0,0.0,0.7574437182280319,0.0,0.0,0.0,0.0,0.5100864553314121
hier_clust,3,6,complete,True,3014,7520,0.4007978723404255,0.76,0.0,0.33613916947250283,0.6695715323166304,0.0,0.0,0.0,0.0,0.28170028818443804
hier_clust,3,5,complete,True,3014,7520,0.4007978723404255,0.76,0.0,0.33613916947250283,0.6695715323166304,0.0,0.0,0.0,0.0,0.28170028818443804
hier_clust,False,67,average,True,3011,7520,0.40039893617021277,0.9662068965517241,0.0043821209465381246,0.13916947250280584,0.6485112563543937,0.24752475247524752,0.0,0.0,0.0,0.29827089337175794
hier_clust,10,10,complete,False,3010,7520,0.4002659574468085,0.9303448275862068,0.0,0.26262626262626265,0.5119825708061002,0.0,0.0,0.0,0.0,0.3515850144092219
hier_clust,10,9,complete,False,3010,7520,0.4002659574468085,0.9303448275862068,0.0,0.2328843995510662,0.5504720406681191,0.0,0.0,0.0,0.0,0.3515850144092219
hier_clust,10,8,complete,False,3010,7520,0.4002659574468085,0.9303448275862068,0.0,0.2328843995510662,0.5504720406681191,0.0,0.0,0.0,0.0,0.3515850144092219
hier_clust,3,4,average,True,3005,7520,0.3996010638297872,0.8682758620689656,0.0,0.3148148148148148,0.5185185185185185,0.0,0.0,0.0,0.0,0.3393371757925072
hier_clust,3,5,average,True,3005,7520,0.3996010638297872,0.8682758620689656,0.0,0.3148148148148148,0.5185185185185185,0.0,0.0,0.0,0.0,0.3393371757925072
hier_clust,20,7,complete,False,3001,7520,0.39906914893617024,0.7910344827586206,0.0,0.33108866442199775,0.49382716049382713,0.0,0.0,0.0,0.0,0.4207492795389049
hier_clust,5,10,weighted,False,2995,7520,0.3982712765957447,0.9517241379310345,0.0,0.1447811447811448,0.6746550472040668,0.0,0.0,0.0,0.0,0.30835734870317005
hier_clust,5,9,weighted,False,2995,7520,0.3982712765957447,0.9517241379310345,0.0,0.1447811447811448,0.6746550472040668,0.0,0.0,0.0,0.0,0.30835734870317005
hier_clust,5,11,weighted,False,2995,7520,0.3982712765957447,0.9517241379310345,0.0,0.1447811447811448,0.6746550472040668,0.0,0.0,0.0,0.0,0.30835734870317005
hier_clust,2,3,median,False,2995,7520,0.3982712765957447,0.9593103448275863,0.0,0.0,0.6608569353667393,0.0,0.0,0.0,0.0,0.5
hier_clust,2,4,median,False,2995,7520,0.3982712765957447,0.9593103448275863,0.0,0.0,0.6608569353667393,0.0,0.0,0.0,0.0,0.5
hier_clust,4,14,median,False,2987,7520,0.3972074468085106,0.8151724137931035,0.03067484662576687,0.3372615039281706,0.6877269426289034,0.0,0.0,0.0,0.0,0.15994236311239193
hier_clust,4,15,median,False,2987,7520,0.3972074468085106,0.8151724137931035,0.03067484662576687,0.3372615039281706,0.6877269426289034,0.0,0.0,0.0,0.0,0.15994236311239193
hier_clust,10,15,weighted,True,2986,7520,0.3970744680851064,0.7517241379310344,0.0,0.22109988776655443,0.47276688453159044,0.26732673267326734,0.0,0.0,0.0,0.5742074927953891
hier_clust,4,10,weighted,True,2986,7520,0.3970744680851064,0.9206896551724137,0.0,0.21773288439955107,0.5773420479302832,0.0,0.0,0.0,0.0,0.3371757925072046
hier_clust,4,9,weighted,True,2986,7520,0.3970744680851064,0.9206896551724137,0.0,0.21773288439955107,0.5773420479302832,0.0,0.0,0.0,0.0,0.3371757925072046
hier_clust,4,8,weighted,True,2986,7520,0.3970744680851064,0.9206896551724137,0.0,0.21773288439955107,0.5773420479302832,0.0,0.0,0.0,0.0,0.3371757925072046
hier_clust,5,12,weighted,True,2983,7520,0.39667553191489363,0.7862068965517242,0.38650306748466257,0.3075196408529742,0.5526506899055919,0.0,0.0,0.0,0.0,0.0670028818443804
hier_clust,3,9,weighted,True,2983,7520,0.39667553191489363,0.803448275862069,0.0,0.3658810325476992,0.49092229484386346,0.0,0.0,0.0,0.0,0.3530259365994236
hier_clust,3,8,weighted,True,2983,7520,0.39667553191489363,0.803448275862069,0.0,0.3658810325476992,0.49092229484386346,0.0,0.0,0.0,0.0,0.3530259365994236
hier_clust,3,7,weighted,True,2983,7520,0.39667553191489363,0.803448275862069,0.0,0.3658810325476992,0.49092229484386346,0.0,0.0,0.0,0.0,0.3530259365994236
hier_clust,5,13,weighted,True,2983,7520,0.39667553191489363,0.7862068965517242,0.38650306748466257,0.3075196408529742,0.5526506899055919,0.0,0.0,0.0,0.0,0.0670028818443804
hier_clust,5,14,weighted,True,2983,7520,0.39667553191489363,0.7862068965517242,0.38650306748466257,0.3075196408529742,0.5526506899055919,0.0,0.0,0.0,0.0,0.0670028818443804
hier_clust,10,7,complete,False,2980,7520,0.3962765957446808,0.9303448275862068,0.0,0.2328843995510662,0.5693536673928831,0.0,0.0,0.0,0.0,0.3112391930835735
hier_clust,5,8,weighted,False,2976,7520,0.39574468085106385,0.9517241379310345,0.0,0.09820426487093153,0.7211328976034859,0.0,0.0,0.0,0.0,0.30835734870317005
hier_clust,10,14,weighted,True,2974,7520,0.39547872340425533,0.7517241379310344,0.0,0.244668911335578,0.47276688453159044,0.0,0.0,0.0,0.0,0.5742074927953891
hier_clust,5,11,weighted,True,2974,7520,0.39547872340425533,0.7862068965517242,0.38650306748466257,0.2850729517396184,0.5751633986928104,0.0,0.0,0.0,0.0,0.0670028818443804
hier_clust,4,13,median,False,2974,7520,0.39547872340425533,0.8151724137931035,0.03067484662576687,0.2772166105499439,0.6877269426289034,0.0,0.0,0.0,0.0,0.2276657060518732
hier_clust,4,12,median,False,2974,7520,0.39547872340425533,0.8151724137931035,0.03067484662576687,0.2772166105499439,0.6877269426289034,0.0,0.0,0.0,0.0,0.2276657060518732
hier_clust,10,21,weighted,False,2971,7520,0.3950797872340426,0.8096551724137931,0.0,0.24803591470258138,0.5504720406681191,0.24257425742574257,0.0,0.0,0.0,0.39481268011527376
hier_clust,2,5,centroid,True,2970,7520,0.3949468085106383,0.829655172413793,0.0,0.0,0.7516339869281046,0.06930693069306931,0.0,0.0,0.0,0.5172910662824207
hier_clust,20,18,complete,True,2970,7520,0.3949468085106383,0.9124137931034483,0.0043821209465381246,0.23793490460157127,0.5119825708061002,0.0,0.0,0.0,0.16417910447761194,0.3537463976945245
hier_clust,20,17,complete,True,2970,7520,0.3949468085106383,0.9124137931034483,0.0043821209465381246,0.23793490460157127,0.5119825708061002,0.0,0.0,0.0,0.0,0.3695965417867435
hier_clust,2,4,centroid,True,2970,7520,0.3949468085106383,0.829655172413793,0.0,0.0,0.7516339869281046,0.06930693069306931,0.0,0.0,0.0,0.5172910662824207
hier_clust,4,7,weighted,True,2967,7520,0.39454787234042554,0.9206896551724137,0.0,0.2609427609427609,0.5773420479302832,0.0,0.0,0.0,0.0,0.2680115273775216
hier_clust,10,20,weighted,False,2960,7520,0.39361702127659576,0.8096551724137931,0.0,0.24803591470258138,0.5780682643427741,0.0,0.0,0.0,0.0,0.39481268011527376
hier_clust,10,18,weighted,False,2959,7520,0.39348404255319147,0.8096551724137931,0.0,0.24915824915824916,0.5758896151053013,0.0,0.0,0.0,0.0,0.39481268011527376
hier_clust,4,7,weighted,False,2947,7520,0.3918882978723404,0.8337931034482758,0.24978089395267308,0.11784511784511785,0.6376180101670298,0.0,0.0,0.0,0.0,0.26296829971181557
hier_clust,4,8,weighted,False,2947,7520,0.3918882978723404,0.8337931034482758,0.24978089395267308,0.11784511784511785,0.6376180101670298,0.0,0.0,0.0,0.0,0.26296829971181557
hier_clust,4,9,weighted,False,2947,7520,0.3918882978723404,0.8337931034482758,0.24978089395267308,0.11784511784511785,0.6376180101670298,0.0,0.0,0.0,0.0,0.26296829971181557
hier_clust,4,10,weighted,False,2947,7520,0.3918882978723404,0.8337931034482758,0.24978089395267308,0.11784511784511785,0.6376180101670298,0.0,0.0,0.0,0.0,0.26296829971181557
hier_clust,2,6,weighted,False,2944,7520,0.39148936170212767,0.9593103448275863,0.0,0.18237934904601572,0.5562817719680465,0.0,0.0,0.0,0.3880597014925373,0.2953890489913545
hier_clust,False,21,complete,True,2943,7520,0.3913563829787234,0.9165517241379311,0.0043821209465381246,0.2783389450056117,0.5032679738562091,0.13366336633663367,0.0,0.0,0.17164179104477612,0.2665706051873199
hier_clust,False,20,complete,True,2943,7520,0.3913563829787234,0.9165517241379311,0.0043821209465381246,0.2783389450056117,0.5032679738562091,0.13366336633663367,0.0,0.0,0.17164179104477612,0.2665706051873199
hier_clust,10,13,weighted,True,2940,7520,0.39095744680851063,0.7517241379310344,0.0,0.244668911335578,0.4444444444444444,0.0,0.0,0.0,0.0,0.5778097982708934
hier_clust,10,12,weighted,True,2940,7520,0.39095744680851063,0.7517241379310344,0.0,0.244668911335578,0.4444444444444444,0.0,0.0,0.0,0.0,0.5778097982708934
hier_clust,10,11,weighted,True,2940,7520,0.39095744680851063,0.7517241379310344,0.0,0.244668911335578,0.4444444444444444,0.0,0.0,0.0,0.0,0.5778097982708934
hier_clust,20,72,median,False,2937,7520,0.3905585106382979,0.8537931034482759,0.007011393514460999,0.34287317620650953,0.5381263616557734,0.13366336633663367,0.16666666666666666,0.029411764705882353,0.0,0.22262247838616714
hier_clust,20,78,median,False,2937,7520,0.3905585106382979,0.8537931034482759,0.007011393514460999,0.34287317620650953,0.5381263616557734,0.13366336633663367,0.16666666666666666,0.029411764705882353,0.0,0.22262247838616714
hier_clust,False,18,complete,True,2936,7520,0.3904255319148936,0.9165517241379311,0.0043821209465381246,0.2783389450056117,0.4974582425562818,0.13366336633663367,0.0,0.0,0.17164179104477612,0.2672910662824208
hier_clust,False,17,complete,True,2933,7520,0.39002659574468085,0.9165517241379311,0.0043821209465381246,0.2783389450056117,0.5148874364560639,0.0,0.0,0.0,0.17164179104477612,0.2672910662824208
hier_clust,False,15,complete,True,2933,7520,0.39002659574468085,0.9165517241379311,0.0043821209465381246,0.2783389450056117,0.5148874364560639,0.0,0.0,0.0,0.17164179104477612,0.2672910662824208
hier_clust,10,17,weighted,False,2930,7520,0.3896276595744681,0.8096551724137931,0.0,0.24915824915824916,0.5490196078431373,0.0,0.0,0.0,0.0,0.40057636887608067
hier_clust,10,10,weighted,True,2929,7520,0.3894946808510638,0.7517241379310344,0.0,0.244668911335578,0.4364560639070443,0.0,0.0,0.0,0.0,0.5778097982708934
hier_clust,3,6,weighted,False,2928,7520,0.3893617021276596,0.8979310344827586,0.0,0.0,0.8431372549019608,0.0,0.0,0.0,0.0,0.335014409221902
hier_clust,3,7,median,False,2926,7520,0.38909574468085106,0.8779310344827587,0.0,0.0005611672278338945,0.44734931009440815,0.0,0.0,0.0,0.0,0.7463976945244957
hier_clust,3,6,median,False,2926,7520,0.38909574468085106,0.8779310344827587,0.0,0.0,0.44734931009440815,0.0,0.0,0.0,0.0,0.7471181556195965
hier_clust,3,5,median,False,2926,7520,0.38909574468085106,0.8779310344827587,0.0,0.0,0.44734931009440815,0.0,0.0,0.0,0.0,0.7471181556195965
hier_clust,False,13,complete,True,2922,7520,0.388563829787234,0.9165517241379311,0.0043821209465381246,0.2783389450056117,0.5148874364560639,0.0,0.0,0.0,0.0,0.27593659942363113
hier_clust,False,14,complete,True,2922,7520,0.388563829787234,0.9165517241379311,0.0043821209465381246,0.2783389450056117,0.5148874364560639,0.0,0.0,0.0,0.0,0.27593659942363113
hier_clust,10,15,weighted,False,2922,7520,0.388563829787234,0.8096551724137931,0.0,0.24635241301907967,0.5468409586056645,0.0,0.0,0.0,0.0,0.40057636887608067
hier_clust,10,14,weighted,False,2904,7520,0.3861702127659574,0.8096551724137931,0.0,0.2890011223344557,0.4785766158315178,0.0,0.0,0.0,0.0,0.40057636887608067
hier_clust,10,35,median,True,2900,7520,0.38563829787234044,0.7255172413793104,0.0017528483786152498,0.4393939393939394,0.35584604212055193,0.01485148514851485,0.0,0.0,0.007462686567164179,0.4099423631123919
hier_clust,2,5,weighted,False,2899,7520,0.38550531914893615,0.9593103448275863,0.0,0.0,0.7596223674655047,0.0,0.0,0.0,0.3880597014925373,0.2953890489913545
hier_clust,4,7,average,True,2897,7520,0.38523936170212764,0.9627586206896551,0.0,0.06228956228956229,0.3623819898329702,0.009900990099009901,0.0,0.0,0.0,0.6404899135446686
hier_clust,4,6,average,True,2896,7520,0.3851063829787234,0.9627586206896551,0.0,0.06228956228956229,0.36310820624546114,0.0,0.0,0.0,0.0,0.6404899135446686
hier_clust,3,8,centroid,False,2895,7520,0.3849734042553192,0.9820689655172414,0.0,0.0005611672278338945,0.49310094408133626,0.009900990099009901,0.0,0.0,0.0,0.5684438040345822
hier_clust,3,7,centroid,False,2895,7520,0.3849734042553192,0.9820689655172414,0.0,0.0005611672278338945,0.49310094408133626,0.009900990099009901,0.0,0.0,0.0,0.5684438040345822
hier_clust,3,6,centroid,False,2895,7520,0.3849734042553192,0.9820689655172414,0.0,0.0005611672278338945,0.49310094408133626,0.009900990099009901,0.0,0.0,0.0,0.5684438040345822
hier_clust,3,5,centroid,False,2895,7520,0.3849734042553192,0.9820689655172414,0.0,0.0005611672278338945,0.49310094408133626,0.009900990099009901,0.0,0.0,0.0,0.5684438040345822
hier_clust,3,4,centroid,False,2895,7520,0.3849734042553192,0.9820689655172414,0.0,0.0005611672278338945,0.49310094408133626,0.009900990099009901,0.0,0.0,0.0,0.5684438040345822
hier_clust,10,100,median,False,2888,7520,0.3840425531914894,0.8089655172413793,0.0052585451358457495,0.2940516273849607,0.541757443718228,0.024752475247524754,0.16666666666666666,0.0,0.007462686567164179,0.31051873198847263
hier_clust,10,92,median,False,2887,7520,0.3839095744680851,0.8089655172413793,0.0052585451358457495,0.2934904601571268,0.541757443718228,0.024752475247524754,0.16666666666666666,0.0,0.007462686567164179,0.31051873198847263
hier_clust,10,85,median,False,2886,7520,0.38377659574468087,0.8089655172413793,0.0052585451358457495,0.2934904601571268,0.541757443718228,0.024752475247524754,0.16666666666666666,0.0,0.0,0.31051873198847263
hier_clust,4,11,median,False,2883,7520,0.38337765957446807,0.9165517241379311,0.03067484662576687,0.143658810325477,0.6877269426289034,0.0,0.0,0.0,0.0,0.2276657060518732
hier_clust,4,10,median,False,2882,7520,0.38324468085106383,0.9165517241379311,0.03067484662576687,0.143658810325477,0.6870007262164125,0.0,0.0,0.0,0.0,0.2276657060518732
hier_clust,10,32,median,True,2881,7520,0.38311170212765955,0.7255172413793104,0.0008764241893076249,0.4292929292929293,0.35584604212055193,0.01485148514851485,0.0,0.0,0.007462686567164179,0.4099423631123919
hier_clust,10,13,complete,True,2881,7520,0.38311170212765955,0.9110344827586206,0.0,0.4292929292929293,0.3841684822076979,0.0,0.0,0.0,0.0,0.19164265129682997
hier_clust,4,5,median,True,2880,7520,0.3829787234042553,0.5524137931034483,0.0,0.45173961840628507,0.41249092229484385,0.0,0.0,0.0,0.0,0.5086455331412104
hier_clust,4,4,median,True,2880,7520,0.3829787234042553,0.5524137931034483,0.0,0.45173961840628507,0.41249092229484385,0.0,0.0,0.0,0.0,0.5086455331412104
hier_clust,5,10,weighted,True,2878,7520,0.3827127659574468,0.7862068965517242,0.4005258545135846,0.2850729517396184,0.49382716049382713,0.0,0.0,0.0,0.0,0.0670028818443804
hier_clust,5,9,weighted,True,2878,7520,0.3827127659574468,0.7862068965517242,0.4005258545135846,0.2850729517396184,0.49382716049382713,0.0,0.0,0.0,0.0,0.0670028818443804
hier_clust,5,8,weighted,True,2878,7520,0.3827127659574468,0.7862068965517242,0.4005258545135846,0.2850729517396184,0.49382716049382713,0.0,0.0,0.0,0.0,0.0670028818443804
hier_clust,5,7,weighted,True,2878,7520,0.3827127659574468,0.7862068965517242,0.4005258545135846,0.2850729517396184,0.49382716049382713,0.0,0.0,0.0,0.0,0.0670028818443804
hier_clust,10,78,median,False,2874,7520,0.38218085106382976,0.8089655172413793,0.0052585451358457495,0.29012345679012347,0.5374001452432825,0.024752475247524754,0.16666666666666666,0.0,0.0,0.31051873198847263
hier_clust,False,12,complete,True,2872,7520,0.3819148936170213,0.9165517241379311,0.0043821209465381246,0.2037037037037037,0.5751633986928104,0.0,0.0,0.0,0.0,0.27593659942363113
hier_clust,4,9,median,False,2870,7520,0.3816489361702128,0.9324137931034483,0.0,0.143658810325477,0.6870007262164125,0.0,0.0,0.0,0.0,0.2276657060518732
hier_clust,10,72,median,False,2870,7520,0.3816489361702128,0.8089655172413793,0.0043821209465381246,0.2895622895622896,0.5352214960058097,0.024752475247524754,0.16666666666666666,0.0,0.0,0.3112391930835735
hier_clust,5,8,average,True,2867,7520,0.38125,0.9710344827586207,0.0,0.0005611672278338945,0.4241103848946986,0.0,0.0,0.0,0.0,0.6296829971181557
hier_clust,5,7,average,True,2867,7520,0.38125,0.9710344827586207,0.0,0.0005611672278338945,0.4241103848946986,0.0,0.0,0.0,0.0,0.6296829971181557
hier_clust,10,67,median,False,2867,7520,0.38125,0.8082758620689655,0.0,0.29124579124579125,0.5352214960058097,0.024752475247524754,0.08333333333333333,0.0,0.0,0.31195965417867433
hier_clust,5,9,average,True,2867,7520,0.38125,0.9710344827586207,0.0,0.0005611672278338945,0.4241103848946986,0.0,0.0,0.0,0.0,0.6296829971181557
hier_clust,5,10,average,True,2867,7520,0.38125,0.9710344827586207,0.0,0.0005611672278338945,0.4241103848946986,0.0,0.0,0.0,0.0,0.6296829971181557
hier_clust,2,4,weighted,False,2865,7520,0.3809840425531915,0.9593103448275863,0.0,0.0,0.7726942628903414,0.0,0.0,0.0,0.0,0.2953890489913545
hier_clust,2,3,weighted,False,2865,7520,0.3809840425531915,0.9593103448275863,0.0,0.0,0.7726942628903414,0.0,0.0,0.0,0.0,0.2953890489913545
hier_clust,3,5,weighted,True,2859,7520,0.38018617021276596,0.803448275862069,0.0,0.3658810325476992,0.37618010167029775,0.0,0.0,0.0,0.0,0.37752161383285304
hier_clust,3,6,weighted,True,2859,7520,0.38018617021276596,0.803448275862069,0.0,0.3658810325476992,0.37618010167029775,0.0,0.0,0.0,0.0,0.37752161383285304
hier_clust,4,5,average,True,2857,7520,0.37992021276595744,0.9627586206896551,0.0,0.0,0.4153957879448075,0.0,0.0,0.0,0.0,0.6404899135446686
hier_clust,4,4,average,True,2857,7520,0.37992021276595744,0.9627586206896551,0.0,0.0,0.4153957879448075,0.0,0.0,0.0,0.0,0.6404899135446686
hier_clust,10,61,median,False,2856,7520,0.3797872340425532,0.8082758620689655,0.0,0.2789001122334456,0.5432098765432098,0.024752475247524754,0.08333333333333333,0.0,0.0,0.31195965417867433
hier_clust,10,57,median,False,2854,7520,0.3795212765957447,0.8082758620689655,0.0,0.2789001122334456,0.541757443718228,0.024752475247524754,0.08333333333333333,0.0,0.0,0.31195965417867433
hier_clust,3,5,weighted,False,2853,7520,0.3793882978723404,0.8979310344827586,0.0,0.0,0.785039941902687,0.0,0.0,0.0,0.0,0.33861671469740634
hier_clust,10,52,median,False,2852,7520,0.3792553191489362,0.8082758620689655,0.0,0.2789001122334456,0.541757443718228,0.01485148514851485,0.08333333333333333,0.0,0.0,0.31195965417867433
hier_clust,10,48,median,False,2851,7520,0.3791223404255319,0.8082758620689655,0.0,0.2789001122334456,0.541757443718228,0.01485148514851485,0.08333333333333333,0.0,0.0,0.3112391930835735
hier_clust,10,45,median,False,2847,7520,0.3785904255319149,0.8082758620689655,0.0,0.2777777777777778,0.5424836601307189,0.0049504950495049506,0.08333333333333333,0.0,0.0,0.31051873198847263
hier_clust,10,11,complete,True,2846,7520,0.3784574468085106,0.9110344827586206,0.0,0.3546576879910213,0.4553376906318083,0.0,0.0,0.0,0.0,0.19164265129682997
hier_clust,10,12,complete,True,2846,7520,0.3784574468085106,0.9110344827586206,0.0,0.3546576879910213,0.4553376906318083,0.0,0.0,0.0,0.0,0.19164265129682997
hier_clust,10,41,median,False,2842,7520,0.37792553191489364,0.8082758620689655,0.0,0.27441077441077444,0.5439360929557008,0.0,0.08333333333333333,0.0,0.0,0.31051873198847263
hier_clust,10,38,median,False,2842,7520,0.37792553191489364,0.8075862068965517,0.0,0.2738496071829405,0.5453885257806826,0.0,0.08333333333333333,0.0,0.0,0.31051873198847263
hier_clust,3,7,average,False,2837,7520,0.3772606382978723,0.9634482758620689,0.0,0.0016835016835016834,0.813362381989833,0.0,0.0,0.0,0.0,0.22838616714697407
hier_clust,2,4,complete,False,2837,7520,0.3772606382978723,0.9848275862068966,0.0,0.0,0.6630355846042121,0.0,0.0,0.0,0.0,0.3573487031700288
hier_clust,2,3,complete,False,2837,7520,0.3772606382978723,0.9848275862068966,0.0,0.0,0.6630355846042121,0.0,0.0,0.0,0.0,0.3573487031700288
hier_clust,3,6,average,False,2835,7520,0.37699468085106386,0.9634482758620689,0.0,0.0016835016835016834,0.8119099491648512,0.0,0.0,0.0,0.0,0.22838616714697407
hier_clust,3,5,average,False,2835,7520,0.37699468085106386,0.9634482758620689,0.0,0.0016835016835016834,0.8119099491648512,0.0,0.0,0.0,0.0,0.22838616714697407
hier_clust,3,4,average,False,2833,7520,0.37672872340425534,0.9634482758620689,0.0,0.0,0.8119099491648512,0.0,0.0,0.0,0.0,0.22910662824207492
hier_clust,10,9,complete,True,2824,7520,0.37553191489361704,0.9110344827586206,0.0,0.19528619528619529,0.6456063907044299,0.0,0.0,0.0,0.0,0.19164265129682997
hier_clust,10,10,complete,True,2824,7520,0.37553191489361704,0.9110344827586206,0.0,0.19528619528619529,0.6456063907044299,0.0,0.0,0.0,0.0,0.19164265129682997
hier_clust,False,30,weighted,True,2817,7520,0.37460106382978725,0.0,0.5328659070990359,0.18686868686868688,0.560639070442992,0.01485148514851485,0.0,0.0,0.0,0.7932276657060519
hier_clust,4,6,weighted,False,2811,7520,0.3738031914893617,0.9365517241379311,0.0,0.11784511784511785,0.6376180101670298,0.0,0.0,0.0,0.0,0.26296829971181557
hier_clust,False,27,weighted,True,2808,7520,0.37340425531914895,0.0,0.5328659070990359,0.19023569023569023,0.55119825708061,0.0049504950495049506,0.0,0.0,0.0,0.7932276657060519
hier_clust,4,8,complete,True,2807,7520,0.37327127659574466,0.9593103448275863,0.0,0.06004489337822671,0.70079883805374,0.0,0.0,0.0,0.0,0.2478386167146974
hier_clust,4,6,complete,True,2803,7520,0.3727393617021277,0.9593103448275863,0.0,0.0,0.775599128540305,0.0,0.0,0.0,0.0,0.2478386167146974
hier_clust,4,7,complete,True,2803,7520,0.3727393617021277,0.9593103448275863,0.0,0.0,0.775599128540305,0.0,0.0,0.0,0.0,0.2478386167146974
hier_clust,4,5,complete,False,2800,7520,0.3723404255319149,0.9862068965517241,0.0,0.0005611672278338945,0.5504720406681191,0.0,0.0,0.0,0.0,0.44020172910662825
hier_clust,10,8,complete,True,2799,7520,0.37220744680851064,0.9110344827586206,0.0,0.19528619528619529,0.6078431372549019,0.0,0.0,0.0,0.0,0.21109510086455333
hier_clust,False,25,weighted,True,2799,7520,0.37220744680851064,0.0,0.5328659070990359,0.1936026936026936,0.5403050108932462,0.0049504950495049506,0.0,0.0,0.0,0.7932276657060519
hier_clust,False,23,weighted,True,2799,7520,0.37220744680851064,0.0,0.5328659070990359,0.1936026936026936,0.5403050108932462,0.0049504950495049506,0.0,0.0,0.0,0.7932276657060519
hier_clust,3,4,weighted,True,2797,7520,0.3719414893617021,0.803448275862069,0.0,0.38103254769921435,0.3115468409586057,0.0,0.0,0.0,0.0,0.37752161383285304
hier_clust,20,9,weighted,False,2792,7520,0.37127659574468086,0.9117241379310345,0.0035056967572304996,0.39281705948372614,0.23892519970951343,0.0,0.0,0.0,0.0,0.31484149855907784
hier_clust,20,10,weighted,False,2792,7520,0.37127659574468086,0.9117241379310345,0.0035056967572304996,0.39281705948372614,0.23892519970951343,0.0,0.0,0.0,0.0,0.31484149855907784
hier_clust,5,6,weighted,True,2786,7520,0.3704787234042553,0.786896551724138,0.4005258545135846,0.2850729517396184,0.49382716049382713,0.0,0.0,0.0,0.0,0.0
hier_clust,5,7,complete,False,2783,7520,0.37007978723404256,0.973103448275862,0.0,0.25140291806958476,0.46114742193173563,0.0,0.0,0.0,0.0,0.20821325648414984
hier_clust,3,3,average,False,2782,7520,0.3699468085106383,0.9634482758620689,0.0,0.0,0.7734204793028322,0.0,0.0,0.0,0.0,0.23054755043227665
hier_clust,False,21,weighted,True,2779,7520,0.3695478723404255,0.0,0.5328659070990359,0.17789001122334455,0.5461147421931736,0.0049504950495049506,0.0,0.0,0.0,0.7932276657060519
hier_clust,False,20,weighted,True,2779,7520,0.3695478723404255,0.0,0.5328659070990359,0.17789001122334455,0.5461147421931736,0.0049504950495049506,0.0,0.0,0.0,0.7932276657060519
hier_clust,4,6,weighted,True,2776,7520,0.36914893617021277,0.9662068965517241,0.0,0.11672278338945005,0.5773420479302832,0.0,0.0,0.0,0.0,0.2680115273775216
hier_clust,4,5,weighted,True,2776,7520,0.36914893617021277,0.9662068965517241,0.0,0.11672278338945005,0.5773420479302832,0.0,0.0,0.0,0.0,0.2680115273775216
hier_clust,5,17,median,True,2775,7520,0.3690159574468085,0.6110344827586207,0.05696757230499562,0.6077441077441077,0.1822803195352215,0.04950495049504951,0.0,0.0,0.0,0.345821325648415
hier_clust,5,15,median,True,2773,7520,0.36875,0.6110344827586207,0.05696757230499562,0.6077441077441077,0.1822803195352215,0.039603960396039604,0.0,0.0,0.0,0.345821325648415
hier_clust,10,35,median,False,2771,7520,0.3684840425531915,0.8075862068965517,0.0,0.3333333333333333,0.5453885257806826,0.0,0.08333333333333333,0.0,0.0,0.1829971181556196
hier_clust,10,32,median,False,2770,7520,0.3683510638297872,0.8075862068965517,0.0,0.33221099887766553,0.5453885257806826,0.0,0.08333333333333333,0.0,0.0,0.18371757925072046
hier_clust,False,61,average,True,2767,7520,0.36795212765957447,0.9675862068965517,0.0043821209465381246,0.13860830527497195,0.485838779956427,0.14356435643564355,0.0,0.0,0.0,0.29827089337175794
hier_clust,False,57,average,True,2763,7520,0.36742021276595743,0.9675862068965517,0.0043821209465381246,0.13524130190796857,0.48729121278140886,0.14356435643564355,0.0,0.0,0.0,0.29827089337175794
hier_clust,10,9,weighted,True,2760,7520,0.3670212765957447,0.8027586206896552,0.0,0.10830527497194165,0.4364560639070443,0.0,0.0,0.0,0.0,0.5778097982708934
hier_clust,3,6,median,True,2757,7520,0.36662234042553193,0.18275862068965518,0.0,0.6885521885521886,0.3021060275962237,0.0,0.0,0.0,0.0,0.611671469740634
hier_clust,3,5,median,True,2757,7520,0.36662234042553193,0.18275862068965518,0.0,0.6885521885521886,0.3021060275962237,0.0,0.0,0.0,0.0,0.611671469740634
hier_clust,5,14,median,True,2752,7520,0.3659574468085106,0.6110344827586207,0.05696757230499562,0.5230078563411896,0.2766884531590414,0.039603960396039604,0.0,0.0,0.0,0.345821325648415
hier_clust,5,13,median,True,2751,7520,0.3658244680851064,0.6110344827586207,0.05696757230499562,0.5230078563411896,0.27596223674655046,0.039603960396039604,0.0,0.0,0.0,0.345821325648415
hier_clust,20,13,weighted,True,2751,7520,0.3658244680851064,0.9206896551724137,0.0035056967572304996,0.014590347923681257,0.5482933914306464,0.009900990099009901,0.0,0.0,0.0,0.4531700288184438
hier_clust,20,14,weighted,True,2751,7520,0.3658244680851064,0.9206896551724137,0.0035056967572304996,0.014590347923681257,0.5482933914306464,0.009900990099009901,0.0,0.0,0.0,0.4531700288184438
hier_clust,5,11,median,False,2751,7520,0.3658244680851064,0.6317241379310344,0.6459246275197196,0.4826038159371493,0.1721132897603486,0.0,0.0,0.0,0.0,0.0007204610951008645
hier_clust,5,10,median,False,2750,7520,0.36569148936170215,0.6317241379310344,0.6459246275197196,0.4820426487093154,0.1721132897603486,0.0,0.0,0.0,0.0,0.0007204610951008645
hier_clust,3,4,median,False,2749,7520,0.36555851063829786,0.883448275862069,0.0,0.0,0.3129992737835875,0.0,0.0,0.0,0.0,0.7471181556195965
hier_clust,5,6,complete,False,2747,7520,0.36529255319148934,0.973103448275862,0.0,0.0005611672278338945,0.7596223674655047,0.0,0.0,0.0,0.0,0.20821325648414984
hier_clust,5,5,complete,False,2747,7520,0.36529255319148934,0.973103448275862,0.0,0.0005611672278338945,0.7596223674655047,0.0,0.0,0.0,0.0,0.20821325648414984
hier_clust,2,3,weighted,True,2745,7520,0.3650265957446808,0.9855172413793103,0.0,0.0,0.47785039941902685,0.0,0.0,0.0,0.0,0.47406340057636887
hier_clust,10,13,average,False,2743,7520,0.36476063829787236,0.9510344827586207,0.0,0.17676767676767677,0.6049382716049383,0.019801980198019802,0.08333333333333333,0.0,0.0,0.15201729106628242
hier_clust,10,14,average,False,2743,7520,0.36476063829787236,0.9510344827586207,0.0,0.18013468013468015,0.6049382716049383,0.019801980198019802,0.08333333333333333,0.0,0.0,0.14769452449567724
hier_clust,10,12,average,False,2742,7520,0.3646276595744681,0.9510344827586207,0.0,0.17676767676767677,0.6071169208424111,0.0,0.08333333333333333,0.0,0.0,0.15201729106628242
hier_clust,20,12,weighted,True,2741,7520,0.36449468085106385,0.9206896551724137,0.0035056967572304996,0.001122334455667789,0.5584604212055192,0.009900990099009901,0.0,0.0,0.0,0.4531700288184438
hier_clust,2,4,complete,True,2737,7520,0.3639627659574468,0.9772413793103448,0.0,0.0,0.5773420479302832,0.0,0.0,0.0,0.0,0.37824207492795386
hier_clust,2,3,complete,True,2737,7520,0.3639627659574468,0.9772413793103448,0.0,0.0,0.5773420479302832,0.0,0.0,0.0,0.0,0.37824207492795386
hier_clust,10,30,median,False,2736,7520,0.3638297872340426,0.8234482758620689,0.0,0.30190796857463525,0.5432098765432098,0.0,0.08333333333333333,0.0,0.0,0.18371757925072046
hier_clust,3,4,complete,True,2735,7520,0.3636968085106383,0.9806896551724138,0.0,0.0,0.6695715323166304,0.0,0.0,0.0,0.0,0.28170028818443804
hier_clust,10,8,weighted,True,2732,7520,0.36329787234042554,0.8027586206896552,0.0,0.001122334455667789,0.5548293391430646,0.0,0.0,0.0,0.0,0.5778097982708934
hier_clust,False,52,average,True,2730,7520,0.363031914893617,0.9675862068965517,0.0043821209465381246,0.05499438832772166,0.5671750181554103,0.14356435643564355,0.0,0.0,0.0,0.29827089337175794
hier_clust,20,6,complete,False,2725,7520,0.36236702127659576,0.7910344827586206,0.0,0.5039281705948373,0.49382716049382713,0.0,0.0,0.0,0.0,0.0
hier_clust,False,48,average,True,2724,7520,0.36223404255319147,0.9675862068965517,0.0043821209465381246,0.057800224466891134,0.5591866376180101,0.14356435643564355,0.0,0.0,0.0,0.29827089337175794
hier_clust,5,7,complete,True,2720,7520,0.3617021276595745,0.8510344827586207,0.0,0.45173961840628507,0.2730573710965868,0.0,0.0,0.0,0.0,0.21974063400576369
hier_clust,4,3,average,True,2719,7520,0.3615691489361702,0.9627586206896551,0.0,0.0,0.30718954248366015,0.0,0.0,0.0,0.0,0.6484149855907781
hier_clust,2,2,ward,False,2719,7520,0.3615691489361702,0.8075862068965517,0.0,0.8686868686868687,0.0,0.0,0.0,0.0,0.0,0.0
hier_clust,3,4,ward,True,2718,7520,0.361436170212766,0.8165517241379311,0.0,0.5757575757575758,0.36891793754538854,0.0,0.0,0.0,0.0,0.0
hier_clust,3,4,weighted,False,2708,7520,0.3601063829787234,0.8986206896551724,0.0,0.0,0.785039941902687,0.0,0.0,0.0,0.0,0.2334293948126801
hier_clust,10,27,median,False,2699,7520,0.3589095744680851,0.8234482758620689,0.0,0.3002244668911336,0.5148874364560639,0.0,0.08333333333333333,0.0,0.0,0.1873198847262248
hier_clust,False,2,ward,False,2699,7520,0.3589095744680851,0.7986206896551724,0.0,0.8647586980920314,0.0,0.0,0.0,0.0,0.0,0.0
hier_clust,False,100,median,False,2698,7520,0.35877659574468085,0.8737931034482759,0.007887817703768623,0.058922558922558925,0.33986928104575165,0.06930693069306931,0.08333333333333333,0.0,0.0,0.600864553314121
hier_clust,False,92,median,False,2694,7520,0.3582446808510638,0.8731034482758621,0.007887817703768623,0.058361391694725026,0.3405954974582426,0.0594059405940594,0.08333333333333333,0.0,0.0,0.6001440922190202
hier_clust,3,3,ward,True,2691,7520,0.35784574468085106,0.8165517241379311,0.0,0.33164983164983164,0.6652142338416849,0.0,0.0,0.0,0.0,0.0
hier_clust,10,30,median,True,2688,7520,0.3574468085106383,0.7255172413793104,0.0008764241893076249,0.5780022446689114,0.35657225853304286,0.01485148514851485,0.0,0.0,0.007462686567164179,0.0792507204610951
hier_clust,False,18,weighted,True,2685,7520,0.3570478723404255,0.0,0.5381244522348817,0.17789001122334455,0.4734931009440813,0.0049504950495049506,0.0,0.0,0.0,0.7932276657060519
hier_clust,4,11,centroid,True,2684,7520,0.3569148936170213,0.9875862068965517,0.0,0.19865319865319866,0.3391430646332607,0.0049504950495049506,0.0,0.0,0.0,0.30979827089337175
hier_clust,4,10,centroid,True,2684,7520,0.3569148936170213,0.9875862068965517,0.0,0.19865319865319866,0.3391430646332607,0.0049504950495049506,0.0,0.0,0.0,0.30979827089337175
hier_clust,4,9,centroid,True,2684,7520,0.3569148936170213,0.9875862068965517,0.0,0.19865319865319866,0.3391430646332607,0.0049504950495049506,0.0,0.0,0.0,0.30979827089337175
hier_clust,4,8,median,False,2683,7520,0.35678191489361705,0.9496551724137932,0.0,0.024691358024691357,0.6870007262164125,0.0,0.0,0.0,0.0,0.2276657060518732
hier_clust,5,12,median,True,2683,7520,0.35678191489361705,0.6110344827586207,0.05696757230499562,0.5443322109988776,0.19898329702251272,0.039603960396039604,0.0,0.0,0.0,0.345821325648415
hier_clust,5,15,centroid,True,2683,7520,0.35678191489361705,0.9862068965517241,0.0008764241893076249,0.0005611672278338945,0.44153957879448075,0.019801980198019802,0.0,0.0,0.0,0.4603746397694525
hier_clust,False,85,median,False,2681,7520,0.35651595744680853,0.8731034482758621,0.007887817703768623,0.057800224466891134,0.3318809005083515,0.054455445544554455,0.08333333333333333,0.0,0.0,0.600864553314121
hier_clust,False,17,weighted,True,2680,7520,0.35638297872340424,0.0,0.5381244522348817,0.11784511784511785,0.5475671750181554,0.0049504950495049506,0.0,0.0,0.0,0.7932276657060519
hier_clust,False,2,ward,True,2678,7520,0.3561170212765957,0.856551724137931,0.0,0.8058361391694725,0.0,0.0,0.0,0.0,0.0,0.0
hier_clust,4,8,centroid,True,2677,7520,0.3559840425531915,0.9875862068965517,0.0,0.18742985409652077,0.3485838779956427,0.0049504950495049506,0.0,0.0,0.0,0.30979827089337175
hier_clust,4,6,centroid,True,2674,7520,0.35558510638297874,0.9875862068965517,0.0,0.0,0.588961510530138,0.0049504950495049506,0.0,0.0,0.0,0.30979827089337175
hier_clust,4,7,centroid,True,2674,7520,0.35558510638297874,0.9875862068965517,0.0,0.0,0.588961510530138,0.0049504950495049506,0.0,0.0,0.0,0.30979827089337175
hier_clust,20,2,ward,True,2671,7520,0.35518617021276594,0.8158620689655173,0.0,0.835016835016835,0.0,0.0,0.0,0.0,0.0,0.0
hier_clust,3,3,weighted,True,2670,7520,0.3550531914893617,0.803448275862069,0.0,0.6038159371492705,0.3115468409586057,0.0,0.0,0.0,0.0,0.0
hier_clust,20,67,median,False,2669,7520,0.3549202127659574,0.8820689655172413,0.0035056967572304996,0.34118967452300786,0.5403050108932462,0.13366336633663367,0.16666666666666666,0.029411764705882353,0.0,0.002881844380403458
hier_clust,5,5,weighted,True,2666,7520,0.35452127659574467,0.8062068965517242,0.4005258545135846,0.2850729517396184,0.3863471314451707,0.0,0.0,0.0,0.0,0.0
hier_clust,5,14,centroid,True,2665,7520,0.35438829787234044,0.9862068965517241,0.0008764241893076249,0.0005611672278338945,0.4226579520697168,0.019801980198019802,0.0,0.0,0.0,0.4661383285302594
hier_clust,5,11,centroid,True,2664,7520,0.35425531914893615,0.9862068965517241,0.0,0.0005611672278338945,0.4226579520697168,0.019801980198019802,0.0,0.0,0.0,0.4661383285302594
hier_clust,5,9,centroid,True,2664,7520,0.35425531914893615,0.9862068965517241,0.0,0.0005611672278338945,0.4226579520697168,0.019801980198019802,0.0,0.0,0.0,0.4661383285302594
hier_clust,5,12,centroid,True,2664,7520,0.35425531914893615,0.9862068965517241,0.0,0.0005611672278338945,0.4226579520697168,0.019801980198019802,0.0,0.0,0.0,0.4661383285302594
hier_clust,5,13,centroid,True,2664,7520,0.35425531914893615,0.9862068965517241,0.0,0.0005611672278338945,0.4226579520697168,0.019801980198019802,0.0,0.0,0.0,0.4661383285302594
hier_clust,5,10,centroid,True,2664,7520,0.35425531914893615,0.9862068965517241,0.0,0.0005611672278338945,0.4226579520697168,0.019801980198019802,0.0,0.0,0.0,0.4661383285302594
hier_clust,5,7,centroid,False,2664,7520,0.35425531914893615,0.9917241379310345,0.0,0.001122334455667789,0.5105301379811183,0.0,0.0,0.0,0.0,0.3753602305475504
hier_clust,5,8,centroid,False,2664,7520,0.35425531914893615,0.9917241379310345,0.0,0.001122334455667789,0.5105301379811183,0.0,0.0,0.0,0.0,0.3753602305475504
hier_clust,5,6,centroid,False,2663,7520,0.3541223404255319,0.9917241379310345,0.0,0.001122334455667789,0.5105301379811183,0.0,0.0,0.0,0.0,0.3746397694524496
hier_clust,10,25,median,False,2661,7520,0.3538563829787234,0.8234482758620689,0.0,0.3574635241301908,0.4132171387073348,0.0,0.08333333333333333,0.0,0.0,0.1873198847262248
hier_clust,5,2,ward,False,2659,7520,0.3535904255319149,0.7351724137931035,0.0,0.8939393939393939,0.0,0.0,0.0,0.0,0.0,0.0
hier_clust,5,8,centroid,True,2657,7520,0.35332446808510637,0.9862068965517241,0.0,0.0005611672278338945,0.41103848946986205,0.019801980198019802,0.0,0.0,0.0,0.47262247838616717
hier_clust,5,7,centroid,True,2657,7520,0.35332446808510637,0.9862068965517241,0.0,0.0005611672278338945,0.41103848946986205,0.019801980198019802,0.0,0.0,0.0,0.47262247838616717
hier_clust,20,61,median,False,2656,7520,0.35319148936170214,0.8820689655172413,0.0035056967572304996,0.34118967452300786,0.5315904139433552,0.12871287128712872,0.16666666666666666,0.029411764705882353,0.0,0.002881844380403458
hier_clust,20,52,median,False,2655,7520,0.35305851063829785,0.8820689655172413,0.0035056967572304996,0.34118967452300786,0.5315904139433552,0.12871287128712872,0.08333333333333333,0.029411764705882353,0.0,0.002881844380403458
hier_clust,10,2,ward,True,2655,7520,0.35305851063829785,0.7572413793103449,0.0,0.8737373737373737,0.0,0.0,0.0,0.0,0.0,0.0
hier_clust,5,6,centroid,True,2655,7520,0.35305851063829785,0.9862068965517241,0.0,0.0005611672278338945,0.41103848946986205,0.009900990099009901,0.0,0.0,0.0,0.47262247838616717
hier_clust,20,57,median,False,2655,7520,0.35305851063829785,0.8820689655172413,0.0035056967572304996,0.34118967452300786,0.5315904139433552,0.12871287128712872,0.08333333333333333,0.029411764705882353,0.0,0.002881844380403458
hier_clust,20,13,complete,True,2651,7520,0.35252659574468087,0.9186206896551724,0.0043821209465381246,0.23793490460157127,0.5119825708061002,0.0,0.0,0.0,0.0,0.13328530259365995
hier_clust,5,6,average,False,2651,7520,0.35252659574468087,0.9827586206896551,0.0,0.0005611672278338945,0.7436456063907044,0.0,0.0,0.0,0.0,0.14481268011527376
hier_clust,20,15,complete,True,2651,7520,0.35252659574468087,0.9186206896551724,0.0043821209465381246,0.23793490460157127,0.5119825708061002,0.0,0.0,0.0,0.0,0.13328530259365995
hier_clust,20,14,complete,True,2651,7520,0.35252659574468087,0.9186206896551724,0.0043821209465381246,0.23793490460157127,0.5119825708061002,0.0,0.0,0.0,0.0,0.13328530259365995
hier_clust,20,48,median,False,2648,7520,0.35212765957446807,0.8820689655172413,0.0035056967572304996,0.34118967452300786,0.5279593318809005,0.12871287128712872,0.08333333333333333,0.0,0.0,0.002161383285302594
hier_clust,4,2,ward,True,2647,7520,0.35199468085106383,0.7482758620689656,0.0,0.8765432098765432,0.0,0.0,0.0,0.0,0.0,0.0
hier_clust,20,45,median,False,2647,7520,0.35199468085106383,0.8820689655172413,0.0035056967572304996,0.34118967452300786,0.5272331154684096,0.12871287128712872,0.08333333333333333,0.0,0.0,0.002161383285302594
hier_clust,4,2,ward,False,2644,7520,0.3515957446808511,0.8558620689655172,0.0,0.787317620650954,0.0,0.0,0.0,0.0,0.0,0.0
hier_clust,2,3,centroid,True,2639,7520,0.35093085106382976,0.829655172413793,0.0,0.797979797979798,0.0,0.06930693069306931,0.0,0.0,0.0,0.0
hier_clust,4,5,complete,True,2639,7520,0.35093085106382976,0.9593103448275863,0.0,0.0,0.6252723311546841,0.0,0.0,0.0,0.0,0.2788184438040346
hier_clust,4,5,weighted,False,2637,7520,0.3506648936170213,0.9606896551724138,0.0,0.0005611672278338945,0.6376180101670298,0.0,0.0,0.0,0.0,0.26296829971181557
hier_clust,10,6,complete,False,2633,7520,0.35013297872340426,0.976551724137931,0.0,0.0005611672278338945,0.5693536673928831,0.0,0.0,0.0,0.0,0.3112391930835735
hier_clust,5,9,median,False,2633,7520,0.35013297872340426,0.6317241379310344,0.1437335670464505,0.7379349046015713,0.1721132897603486,0.0,0.0,0.0,0.0,0.0007204610951008645
hier_clust,5,8,median,False,2633,7520,0.35013297872340426,0.6317241379310344,0.1437335670464505,0.7379349046015713,0.1721132897603486,0.0,0.0,0.0,0.0,0.0007204610951008645
hier_clust,5,7,median,False,2621,7520,0.3485372340425532,0.736551724137931,0.0,0.7379349046015713,0.1721132897603486,0.0,0.0,0.0,0.0,0.0007204610951008645
hier_clust,False,15,weighted,True,2618,7520,0.3481382978723404,0.0,0.5381244522348817,0.18855218855218855,0.4081336238198983,0.0049504950495049506,0.0,0.0,0.0,0.7961095100864554
hier_clust,20,5,complete,False,2617,7520,0.3480053191489362,0.7910344827586206,0.0,0.7289562289562289,0.12418300653594772,0.0,0.0,0.0,0.0,0.0
hier_clust,False,14,weighted,True,2617,7520,0.3480053191489362,0.0,0.5381244522348817,0.18855218855218855,0.4081336238198983,0.0,0.0,0.0,0.0,0.7961095100864554
hier_clust,10,7,complete,True,2614,7520,0.3476063829787234,0.9455172413793104,0.0,0.06341189674523008,0.6078431372549019,0.0,0.0,0.0,0.0,0.21109510086455333
hier_clust,5,6,median,False,2614,7520,0.3476063829787234,0.736551724137931,0.0,0.7396184062850729,0.16485112563543936,0.0,0.0,0.0,0.0,0.0007204610951008645
hier_clust,5,4,median,False,2613,7520,0.34747340425531914,0.736551724137931,0.0,0.7396184062850729,0.16485112563543936,0.0,0.0,0.0,0.0,0.0
hier_clust,5,5,median,False,2613,7520,0.34747340425531914,0.736551724137931,0.0,0.7396184062850729,0.16485112563543936,0.0,0.0,0.0,0.0,0.0
hier_clust,5,3,median,False,2613,7520,0.34747340425531914,0.736551724137931,0.0,0.7396184062850729,0.16485112563543936,0.0,0.0,0.0,0.0,0.0
hier_clust,3,2,ward,False,2605,7520,0.3464095744680851,0.9558620689655173,0.0,0.0,0.8852578068264343,0.0,0.0,0.0,0.0,0.0
hier_clust,3,3,average,True,2601,7520,0.3458776595744681,0.976551724137931,0.0,0.0,0.5185185185185185,0.0,0.0,0.0,0.0,0.3393371757925072
hier_clust,5,4,weighted,True,2587,7520,0.3440159574468085,0.8062068965517242,0.0,0.49719416386083054,0.3863471314451707,0.0,0.0,0.0,0.0,0.0
hier_clust,3,3,weighted,False,2580,7520,0.34308510638297873,0.8986206896551724,0.0,0.4046015712682379,0.4037763253449528,0.0,0.0,0.0,0.0,0.0
hier_clust,2,2,ward,True,2579,7520,0.34295212765957445,0.8724137931034482,0.0,0.7373737373737373,0.0,0.0,0.0,0.0,0.0,0.0
hier_clust,3,2,weighted,False,2578,7520,0.3428191489361702,0.8986206896551724,0.0,0.7154882154882155,0.0,0.0,0.0,0.0,0.0,0.0
hier_clust,4,4,complete,True,2577,7520,0.342686170212766,0.9593103448275863,0.0,0.28058361391694725,0.49818445896877267,0.0,0.0,0.0,0.0,0.0
hier_clust,10,11,weighted,False,2574,7520,0.3422872340425532,0.8620689655172413,0.0,0.2890011223344557,0.4785766158315178,0.0,0.0,0.0,0.0,0.10806916426512968
hier_clust,10,12,weighted,False,2574,7520,0.3422872340425532,0.8620689655172413,0.0,0.2890011223344557,0.4785766158315178,0.0,0.0,0.0,0.0,0.10806916426512968
hier_clust,10,13,weighted,False,2574,7520,0.3422872340425532,0.8620689655172413,0.0,0.2890011223344557,0.4785766158315178,0.0,0.0,0.0,0.0,0.10806916426512968
hier_clust,False,11,weighted,False,2572,7520,0.34202127659574466,0.8144827586206896,0.0035056967572304996,0.26879910213243546,0.6136528685548294,0.3069306930693069,0.0,0.0,0.0,0.0007204610951008645
hier_clust,10,10,weighted,False,2570,7520,0.34175531914893614,0.8620689655172413,0.0,0.2890011223344557,0.47276688453159044,0.0,0.0,0.0,0.0,0.11095100864553314
hier_clust,False,10,weighted,False,2566,7520,0.34122340425531916,0.8144827586206896,0.0035056967572304996,0.26879910213243546,0.654320987654321,0.0,0.0,0.0,0.0,0.0007204610951008645
hier_clust,20,38,median,False,2564,7520,0.34095744680851064,0.8813793103448276,0.0035056967572304996,0.691358024691358,0.014524328249818447,0.12871287128712872,0.08333333333333333,0.0,0.0,0.002161383285302594
hier_clust,20,41,median,False,2564,7520,0.34095744680851064,0.8813793103448276,0.0035056967572304996,0.691358024691358,0.014524328249818447,0.12871287128712872,0.08333333333333333,0.0,0.0,0.002161383285302594
hier_clust,4,4,weighted,False,2563,7520,0.34082446808510636,0.9606896551724138,0.0,0.2940516273849607,0.4691358024691358,0.0,0.0,0.0,0.0,0.0
hier_clust,20,27,median,False,2563,7520,0.34082446808510636,0.8806896551724138,0.0035056967572304996,0.691358024691358,0.014524328249818447,0.12871287128712872,0.08333333333333333,0.0,0.0,0.002161383285302594
hier_clust,20,30,median,False,2563,7520,0.34082446808510636,0.8806896551724138,0.0035056967572304996,0.691358024691358,0.014524328249818447,0.12871287128712872,0.08333333333333333,0.0,0.0,0.002161383285302594
hier_clust,20,32,median,False,2563,7520,0.34082446808510636,0.8813793103448276,0.0035056967572304996,0.691358024691358,0.013798111837327523,0.12871287128712872,0.08333333333333333,0.0,0.0,0.002161383285302594
hier_clust,20,35,median,False,2563,7520,0.34082446808510636,0.8813793103448276,0.0035056967572304996,0.691358024691358,0.013798111837327523,0.12871287128712872,0.08333333333333333,0.0,0.0,0.002161383285302594
hier_clust,20,25,median,False,2562,7520,0.3406914893617021,0.8806896551724138,0.0026292725679228747,0.691358024691358,0.014524328249818447,0.12871287128712872,0.08333333333333333,0.0,0.0,0.002161383285302594
hier_clust,False,10,complete,True,2561,7520,0.3405585106382979,0.9510344827586207,0.0043821209465381246,0.001122334455667789,0.5751633986928104,0.0,0.0,0.0,0.0,0.27593659942363113
hier_clust,10,6,complete,True,2561,7520,0.3405585106382979,0.9455172413793104,0.0,0.0005611672278338945,0.6506899055918663,0.0,0.0,0.0,0.0,0.21109510086455333
hier_clust,False,11,complete,True,2561,7520,0.3405585106382979,0.9510344827586207,0.0043821209465381246,0.001122334455667789,0.5751633986928104,0.0,0.0,0.0,0.0,0.27593659942363113
hier_clust,3,3,complete,False,2561,7520,0.3405585106382979,0.9524137931034483,0.0,0.0,0.8569353667392883,0.0,0.0,0.0,0.0,0.0
hier_clust,5,11,median,True,2560,7520,0.3404255319148936,0.6110344827586207,0.05696757230499562,0.6470258136924804,0.19898329702251272,0.039603960396039604,0.0,0.0,0.0,0.12536023054755044
hier_clust,20,23,median,False,2558,7520,0.3401595744680851,0.88,0.0,0.6919191919191919,0.013798111837327523,0.12871287128712872,0.08333333333333333,0.0,0.0,0.002161383285302594
hier_clust,False,9,complete,True,2557,7520,0.34002659574468086,0.9510344827586207,0.0,0.001122334455667789,0.5751633986928104,0.0,0.0,0.0,0.0,0.276657060518732
hier_clust,False,8,complete,True,2556,7520,0.3398936170212766,0.9510344827586207,0.0,0.001122334455667789,0.5751633986928104,0.0,0.0,0.0,0.0,0.27593659942363113
hier_clust,False,7,complete,True,2556,7520,0.3398936170212766,0.9510344827586207,0.0,0.001122334455667789,0.5751633986928104,0.0,0.0,0.0,0.0,0.27593659942363113
hier_clust,False,6,complete,True,2556,7520,0.3398936170212766,0.9510344827586207,0.0,0.001122334455667789,0.5751633986928104,0.0,0.0,0.0,0.0,0.27593659942363113
hier_clust,5,6,weighted,False,2552,7520,0.3393617021276596,0.9544827586206897,0.0,0.09820426487093153,0.7211328976034859,0.0,0.0,0.0,0.0,0.0
hier_clust,5,7,weighted,False,2552,7520,0.3393617021276596,0.9544827586206897,0.0,0.09820426487093153,0.7211328976034859,0.0,0.0,0.0,0.0,0.0
hier_clust,20,57,average,True,2551,7520,0.3392287234042553,0.9703448275862069,0.0035056967572304996,0.25252525252525254,0.4132171387073348,0.1188118811881188,0.0,0.0,0.0,0.06988472622478387
hier_clust,5,5,weighted,False,2548,7520,0.33882978723404256,0.9544827586206897,0.0,0.09876543209876543,0.7175018155410312,0.0,0.0,0.0,0.0,0.0
hier_clust,2,2,median,False,2546,7520,0.33856382978723404,0.9593103448275863,0.0,0.0,0.8387799564270153,0.0,0.0,0.0,0.0,0.0
hier_clust,20,14,average,False,2541,7520,0.33789893617021277,0.9896551724137931,0.0026292725679228747,0.0016835016835016834,0.2774146695715323,0.0,0.0,0.0,0.0,0.5172910662824207
hier_clust,20,15,average,False,2541,7520,0.33789893617021277,0.9896551724137931,0.0026292725679228747,0.0016835016835016834,0.2774146695715323,0.0,0.0,0.0,0.0,0.5172910662824207
hier_clust,20,12,average,False,2538,7520,0.3375,0.9896551724137931,0.0026292725679228747,0.0016835016835016834,0.27450980392156865,0.0,0.0,0.0,0.0,0.5180115273775217
hier_clust,20,13,average,False,2538,7520,0.3375,0.9896551724137931,0.0026292725679228747,0.0016835016835016834,0.27450980392156865,0.0,0.0,0.0,0.0,0.5180115273775217
hier_clust,20,11,average,False,2537,7520,0.33736702127659574,0.9896551724137931,0.0026292725679228747,0.0016835016835016834,0.27450980392156865,0.0,0.0,0.0,0.0,0.5172910662824207
hier_clust,20,10,average,False,2537,7520,0.33736702127659574,0.9896551724137931,0.0026292725679228747,0.0016835016835016834,0.27450980392156865,0.0,0.0,0.0,0.0,0.5172910662824207
hier_clust,20,2,ward,False,2530,7520,0.33643617021276595,0.973103448275862,0.0,0.0,0.8126361655773421,0.0,0.0,0.0,0.0,0.0
hier_clust,5,5,average,False,2522,7520,0.33537234042553193,0.9827586206896551,0.0,0.2025813692480359,0.5337690631808278,0.0,0.0,0.0,0.0,0.0007204610951008645
hier_clust,20,52,average,True,2520,7520,0.3351063829787234,0.9703448275862069,0.0035056967572304996,0.2609427609427609,0.38271604938271603,0.09900990099009901,0.0,0.0,0.0,0.06988472622478387
hier_clust,False,9,complete,False,2519,7520,0.33497340425531913,0.9806896551724138,0.0026292725679228747,0.058361391694725026,0.3877995642701525,0.0,0.0,0.0,0.0,0.3285302593659942
hier_clust,2,2,complete,True,2509,7520,0.3336436170212766,0.9772413793103448,0.0,0.0,0.7930283224400871,0.0,0.0,0.0,0.0,0.0
hier_clust,10,9,weighted,False,2507,7520,0.3333776595744681,0.8620689655172413,0.0,0.3271604938271605,0.3776325344952796,0.0,0.0,0.0,0.0,0.11095100864553314
hier_clust,10,5,complete,False,2507,7520,0.3333776595744681,0.976551724137931,0.0,0.0005611672278338945,0.4212055192447349,0.0,0.0,0.0,0.0,0.36743515850144093
hier_clust,10,8,weighted,False,2507,7520,0.3333776595744681,0.8620689655172413,0.0,0.3271604938271605,0.3776325344952796,0.0,0.0,0.0,0.0,0.11095100864553314
hier_clust,5,10,median,True,2507,7520,0.3333776595744681,0.6110344827586207,0.0,0.6470258136924804,0.19898329702251272,0.039603960396039604,0.0,0.0,0.0,0.1340057636887608
hier_clust,5,9,median,True,2504,7520,0.33297872340425533,0.6110344827586207,0.0,0.6470258136924804,0.20261437908496732,0.0,0.0,0.0,0.0,0.1340057636887608
hier_clust,5,2,ward,True,2504,7520,0.33297872340425533,0.9668965517241379,0.0,0.0,0.8002904865649964,0.0,0.0,0.0,0.0,0.0
hier_clust,False,100,median,True,2502,7520,0.3327127659574468,0.5944827586206897,0.007887817703768623,0.8277216610549943,0.09077705156136529,0.12376237623762376,0.08333333333333333,0.0,0.007462686567164179,0.002881844380403458
hier_clust,False,92,median,True,2500,7520,0.3324468085106383,0.5944827586206897,0.007887817703768623,0.8265993265993266,0.09077705156136529,0.12376237623762376,0.08333333333333333,0.0,0.007462686567164179,0.002881844380403458
hier_clust,5,4,complete,False,2498,7520,0.3321808510638298,0.973103448275862,0.0,0.42536475869809204,0.23892519970951343,0.0,0.0,0.0,0.0,0.0
hier_clust,False,8,complete,False,2498,7520,0.3321808510638298,0.9806896551724138,0.0026292725679228747,0.001122334455667789,0.4466230936819172,0.0,0.0,0.0,0.0,0.3285302593659942
hier_clust,False,7,complete,False,2497,7520,0.33204787234042554,0.9806896551724138,0.0026292725679228747,0.001122334455667789,0.4466230936819172,0.0,0.0,0.0,0.0,0.32780979827089335
hier_clust,False,6,complete,False,2495,7520,0.331781914893617,0.9806896551724138,0.0,0.001122334455667789,0.4466230936819172,0.0,0.0,0.0,0.0,0.3285302593659942
hier_clust,10,7,weighted,False,2490,7520,0.33111702127659576,0.8855172413793103,0.0,0.29854096520763185,0.3776325344952796,0.0,0.0,0.0,0.0,0.11095100864553314
hier_clust,5,4,average,False,2486,7520,0.3305851063829787,0.9827586206896551,0.0,0.0005611672278338945,0.7690631808278867,0.0,0.0,0.0,0.0,0.0007204610951008645
hier_clust,20,48,average,True,2483,7520,0.330186170212766,0.9703448275862069,0.0035056967572304996,0.2244668911335578,0.39215686274509803,0.09900990099009901,0.0,0.0,0.0,0.08069164265129683
hier_clust,4,7,median,False,2481,7520,0.32992021276595745,0.9889655172413793,0.0,0.024691358024691357,0.4989106753812636,0.0,0.0,0.0,0.0,0.2276657060518732
hier_clust,False,45,average,True,2479,7520,0.32965425531914894,0.9841379310344828,0.0043821209465381246,0.04882154882154882,0.3718228031953522,0.14356435643564355,0.0,0.0,0.0,0.30187319884726227
hier_clust,False,41,average,True,2475,7520,0.3291223404255319,0.9841379310344828,0.0043821209465381246,0.04769921436588103,0.3863471314451707,0.034653465346534656,0.0,0.0,0.0,0.30187319884726227
hier_clust,False,18,average,False,2471,7520,0.3285904255319149,0.9813793103448276,0.0035056967572304996,0.001122334455667789,0.19607843137254902,0.039603960396039604,0.0,0.0,0.0,0.5504322766570605
hier_clust,False,17,average,False,2471,7520,0.3285904255319149,0.9813793103448276,0.0035056967572304996,0.001122334455667789,0.19607843137254902,0.039603960396039604,0.0,0.0,0.0,0.5504322766570605
hier_clust,10,6,weighted,False,2467,7520,0.3280585106382979,0.8855172413793103,0.0,0.005611672278338945,0.7400145243282498,0.0,0.0,0.0,0.0,0.11095100864553314
hier_clust,False,85,median,True,2464,7520,0.3276595744680851,0.5944827586206897,0.007887817703768623,0.8322109988776656,0.05809731299927379,0.1188118811881188,0.08333333333333333,0.0,0.007462686567164179,0.002881844380403458
hier_clust,10,11,average,False,2462,7520,0.3273936170212766,0.9724137931034482,0.0,0.002244668911335578,0.6071169208424111,0.0,0.08333333333333333,0.0,0.0,0.15201729106628242
hier_clust,10,10,average,False,2462,7520,0.3273936170212766,0.9724137931034482,0.0,0.002244668911335578,0.6071169208424111,0.0,0.08333333333333333,0.0,0.0,0.15201729106628242
hier_clust,10,9,average,False,2462,7520,0.3273936170212766,0.9724137931034482,0.0,0.002244668911335578,0.6071169208424111,0.0,0.08333333333333333,0.0,0.0,0.15201729106628242
hier_clust,10,8,average,False,2461,7520,0.32726063829787233,0.9724137931034482,0.0,0.0016835016835016834,0.6071169208424111,0.0,0.08333333333333333,0.0,0.0,0.15201729106628242
hier_clust,2,2,weighted,False,2461,7520,0.32726063829787233,0.9634482758620689,0.0,0.0,0.7726942628903414,0.0,0.0,0.0,0.0,0.0
hier_clust,10,5,weighted,False,2460,7520,0.3271276595744681,0.886896551724138,0.0,0.0005611672278338945,0.7400145243282498,0.0,0.0,0.0,0.0,0.11095100864553314
hier_clust,4,6,median,False,2457,7520,0.3267287234042553,0.9889655172413793,0.0,0.0005611672278338945,0.5127087872185911,0.0,0.0,0.0,0.0,0.2276657060518732
hier_clust,4,5,median,False,2457,7520,0.3267287234042553,0.9889655172413793,0.0,0.0005611672278338945,0.5127087872185911,0.0,0.0,0.0,0.0,0.2276657060518732
hier_clust,10,2,ward,False,2457,7520,0.3267287234042553,0.976551724137931,0.0,0.0,0.7559912854030502,0.0,0.0,0.0,0.0,0.0
hier_clust,False,78,median,True,2456,7520,0.32659574468085106,0.5944827586206897,0.007887817703768623,0.8327721661054994,0.05228758169934641,0.1188118811881188,0.0,0.0,0.007462686567164179,0.002881844380403458
hier_clust,False,72,median,True,2453,7520,0.3261968085106383,0.5944827586206897,0.007887817703768623,0.8327721661054994,0.05156136528685548,0.1188118811881188,0.0,0.0,0.0,0.002161383285302594
hier_clust,False,38,average,True,2452,7520,0.326063829787234,0.9841379310344828,0.0043821209465381246,0.030303030303030304,0.3863471314451707,0.034653465346534656,0.0,0.0,0.0,0.3076368876080692
hier_clust,2,3,centroid,False,2442,7520,0.3247340425531915,0.9827586206896551,0.0,0.0,0.1074800290486565,0.0,0.0,0.0,0.0,0.6260806916426513
hier_clust,3,4,median,True,2434,7520,0.3236702127659574,0.18275862068965518,0.0,0.6885521885521886,0.03413217138707335,0.0,0.0,0.0,0.0,0.6448126801152738
hier_clust,3,3,median,True,2434,7520,0.3236702127659574,0.18275862068965518,0.0,0.6885521885521886,0.03413217138707335,0.0,0.0,0.0,0.0,0.6448126801152738
hier_clust,20,45,average,True,2433,7520,0.3235372340425532,0.9744827586206897,0.0035056967572304996,0.1936026936026936,0.39215686274509803,0.09900990099009901,0.0,0.0,0.0,0.07997118155619597
hier_clust,20,8,weighted,False,2433,7520,0.3235372340425532,0.9648275862068966,0.0035056967572304996,0.39281705948372614,0.23892519970951343,0.0,0.0,0.0,0.0,0.0007204610951008645
hier_clust,20,12,complete,True,2429,7520,0.32300531914893615,0.9193103448275862,0.0043821209465381246,0.23793490460157127,0.35003631082062453,0.0,0.0,0.0,0.0,0.13328530259365995
hier_clust,False,35,average,True,2428,7520,0.3228723404255319,0.9855172413793103,0.0043821209465381246,0.029180695847362513,0.36891793754538854,0.034653465346534656,0.0,0.0,0.0,0.3076368876080692
hier_clust,False,32,average,True,2428,7520,0.3228723404255319,0.9855172413793103,0.0043821209465381246,0.029180695847362513,0.36891793754538854,0.034653465346534656,0.0,0.0,0.0,0.3076368876080692
hier_clust,20,41,average,True,2426,7520,0.3226063829787234,0.9744827586206897,0.0035056967572304996,0.1936026936026936,0.39578794480755264,0.039603960396039604,0.0,0.0,0.0,0.07997118155619597
hier_clust,4,4,complete,False,2425,7520,0.3224734042553192,0.9862068965517241,0.0,0.0005611672278338945,0.23965141612200436,0.0,0.0,0.0,0.0,0.4783861671469741
hier_clust,20,11,complete,True,2425,7520,0.3224734042553192,0.9193103448275862,0.0,0.23793490460157127,0.35003631082062453,0.0,0.0,0.0,0.0,0.1340057636887608
hier_clust,4,3,complete,False,2424,7520,0.3223404255319149,0.9862068965517241,0.0,0.0,0.23965141612200436,0.0,0.0,0.0,0.0,0.4783861671469741
hier_clust,20,10,complete,True,2424,7520,0.3223404255319149,0.9193103448275862,0.0,0.23793490460157127,0.35003631082062453,0.0,0.0,0.0,0.0,0.13328530259365995
hier_clust,3,3,complete,True,2423,7520,0.32220744680851066,0.9806896551724138,0.0,0.25308641975308643,0.39941902687000724,0.0,0.0,0.0,0.0,0.0
hier_clust,False,27,average,True,2422,7520,0.32207446808510637,0.9855172413793103,0.0043821209465381246,0.038159371492704826,0.35294117647058826,0.034653465346534656,0.0,0.0,0.0,0.3076368876080692
hier_clust,False,30,average,True,2422,7520,0.32207446808510637,0.9855172413793103,0.0043821209465381246,0.038159371492704826,0.35294117647058826,0.034653465346534656,0.0,0.0,0.0,0.3076368876080692
hier_clust,False,67,median,True,2419,7520,0.3216755319148936,0.5937931034482758,0.007887817703768623,0.8361391694725028,0.03558460421205519,0.034653465346534656,0.0,0.0,0.0,0.002161383285302594
hier_clust,False,61,median,True,2417,7520,0.3214095744680851,0.5937931034482758,0.007887817703768623,0.8361391694725028,0.034858387799564274,0.0297029702970297,0.0,0.0,0.0,0.002161383285302594
hier_clust,False,57,median,True,2406,7520,0.3199468085106383,0.5937931034482758,0.007887817703768623,0.8383838383838383,0.024691358024691357,0.024752475247524754,0.0,0.0,0.0,0.002161383285302594
hier_clust,4,4,weighted,True,2406,7520,0.3199468085106383,0.9675862068965517,0.0,0.11672278338945005,0.5773420479302832,0.0,0.0,0.0,0.0,0.0
hier_clust,False,52,median,True,2405,7520,0.31981382978723405,0.5937931034482758,0.007011393514460999,0.8383838383838383,0.024691358024691357,0.024752475247524754,0.0,0.0,0.0,0.002161383285302594
hier_clust,5,6,complete,True,2403,7520,0.31954787234042553,0.9627586206896551,0.0,0.1829405162738496,0.2730573710965868,0.0,0.0,0.0,0.0,0.21974063400576369
hier_clust,False,48,median,True,2403,7520,0.31954787234042553,0.593103448275862,0.007011393514460999,0.8389450056116723,0.023238925199709513,0.024752475247524754,0.0,0.0,0.0,0.002161383285302594
hier_clust,5,5,complete,True,2402,7520,0.3194148936170213,0.9627586206896551,0.0,0.18237934904601572,0.2730573710965868,0.0,0.0,0.0,0.0,0.21974063400576369
hier_clust,10,4,weighted,False,2401,7520,0.319281914893617,0.886896551724138,0.0,0.0005611672278338945,0.8082788671023965,0.0,0.0,0.0,0.0,0.0007204610951008645
hier_clust,False,45,median,True,2400,7520,0.3191489361702128,0.593103448275862,0.007011393514460999,0.8383838383838383,0.02178649237472767,0.024752475247524754,0.0,0.0,0.0,0.002161383285302594
hier_clust,False,41,median,True,2398,7520,0.31888297872340426,0.5924137931034483,0.007011393514460999,0.8378226711560045,0.02178649237472767,0.024752475247524754,0.0,0.0,0.0,0.002161383285302594
hier_clust,20,38,average,True,2398,7520,0.31888297872340426,0.9744827586206897,0.0035056967572304996,0.1936026936026936,0.37254901960784315,0.039603960396039604,0.0,0.0,0.0,0.08285302593659942
hier_clust,False,38,median,True,2398,7520,0.31888297872340426,0.5917241379310345,0.007887817703768623,0.8378226711560045,0.02178649237472767,0.024752475247524754,0.0,0.0,0.0,0.002161383285302594
hier_clust,20,35,average,True,2398,7520,0.31888297872340426,0.9744827586206897,0.0035056967572304996,0.1936026936026936,0.37254901960784315,0.039603960396039604,0.0,0.0,0.0,0.08285302593659942
hier_clust,4,3,complete,True,2396,7520,0.31861702127659575,0.9710344827586207,0.0,0.28058361391694725,0.35439360929557007,0.0,0.0,0.0,0.0,0.0
hier_clust,20,32,average,True,2394,7520,0.31835106382978723,0.9744827586206897,0.0035056967572304996,0.186307519640853,0.3790849673202614,0.039603960396039604,0.0,0.0,0.0,0.08285302593659942
hier_clust,5,3,weighted,False,2391,7520,0.3179521276595745,0.9668965517241379,0.0,0.0005611672278338945,0.7175018155410312,0.0,0.0,0.0,0.0,0.0
hier_clust,5,4,weighted,False,2391,7520,0.3179521276595745,0.9668965517241379,0.0,0.0005611672278338945,0.7175018155410312,0.0,0.0,0.0,0.0,0.0
hier_clust,2,3,median,True,2384,7520,0.3170212765957447,0.9862068965517241,0.0,0.0,0.3464052287581699,0.0,0.0,0.0,0.0,0.34365994236311237
hier_clust,False,25,average,True,2382,7520,0.3167553191489362,0.9855172413793103,0.0043821209465381246,0.003928170594837262,0.35439360929557007,0.01485148514851485,0.0,0.0,0.0,0.3242074927953891
hier_clust,False,20,average,True,2379,7520,0.3163563829787234,0.9862068965517241,0.0043821209465381246,0.001122334455667789,0.355119825708061,0.01485148514851485,0.0,0.0,0.0,0.3242074927953891
hier_clust,False,21,average,True,2379,7520,0.3163563829787234,0.9862068965517241,0.0043821209465381246,0.001122334455667789,0.355119825708061,0.01485148514851485,0.0,0.0,0.0,0.3242074927953891
hier_clust,False,23,average,True,2379,7520,0.3163563829787234,0.9862068965517241,0.0043821209465381246,0.001122334455667789,0.355119825708061,0.01485148514851485,0.0,0.0,0.0,0.3242074927953891
hier_clust,3,3,median,False,2374,7520,0.3156914893617021,0.8862068965517241,0.0,0.0,0.3129992737835875,0.0,0.0,0.0,0.0,0.47406340057636887
hier_clust,3,2,median,False,2374,7520,0.3156914893617021,0.8862068965517241,0.0,0.0,0.3129992737835875,0.0,0.0,0.0,0.0,0.47406340057636887
hier_clust,20,9,complete,True,2373,7520,0.3155585106382979,0.9193103448275862,0.0,0.23793490460157127,0.3100944081336238,0.0,0.0,0.0,0.0,0.1361671469740634
hier_clust,10,7,weighted,True,2370,7520,0.3151595744680851,0.9627586206896551,0.0,0.001122334455667789,0.5548293391430646,0.0,0.0,0.0,0.0,0.14985590778097982
hier_clust,4,5,average,False,2366,7520,0.3146276595744681,0.9903448275862069,0.0,0.0005611672278338945,0.49310094408133626,0.024752475247524754,0.0,0.0,0.0,0.1765129682997118
hier_clust,4,4,average,False,2361,7520,0.3139627659574468,0.9903448275862069,0.0,0.0005611672278338945,0.49310094408133626,0.0,0.0,0.0,0.0,0.1765129682997118
hier_clust,2,3,average,True,2361,7520,0.3139627659574468,0.9855172413793103,0.0,0.0,0.2018881626724764,0.0,0.0,0.0,0.0,0.4711815561959654
hier_clust,2,2,complete,False,2351,7520,0.31263297872340423,0.9917241379310345,0.0,0.0,0.6630355846042121,0.0,0.0,0.0,0.0,0.0
hier_clust,3,4,centroid,True,2339,7520,0.3110372340425532,0.9924137931034482,0.0,0.0,0.29193899782135074,0.0,0.0,0.0,0.0,0.35878962536023057
hier_clust,3,3,centroid,True,2339,7520,0.3110372340425532,0.9924137931034482,0.0,0.0,0.29193899782135074,0.0,0.0,0.0,0.0,0.35878962536023057
hier_clust,10,8,average,True,2337,7520,0.31077127659574466,0.9868965517241379,0.0,0.002244668911335578,0.6521423384168482,0.0049504950495049506,0.0,0.0,0.0,0.002161383285302594
hier_clust,10,9,average,True,2337,7520,0.31077127659574466,0.9868965517241379,0.0,0.002244668911335578,0.6521423384168482,0.0049504950495049506,0.0,0.0,0.0,0.002161383285302594
hier_clust,3,2,ward,True,2337,7520,0.31077127659574466,0.98,0.0,0.0,0.6652142338416849,0.0,0.0,0.0,0.0,0.0
hier_clust,4,2,complete,True,2330,7520,0.3098404255319149,0.9710344827586207,0.0,0.0,0.6695715323166304,0.0,0.0,0.0,0.0,0.0
hier_clust,False,13,weighted,True,2329,7520,0.30970744680851064,0.0,0.0035056967572304996,0.18855218855218855,0.6419753086419753,0.0,0.0,0.0,0.0,0.7961095100864554
hier_clust,False,12,weighted,True,2329,7520,0.30970744680851064,0.0,0.0035056967572304996,0.18855218855218855,0.6419753086419753,0.0,0.0,0.0,0.0,0.7961095100864554
hier_clust,10,6,weighted,True,2328,7520,0.30957446808510636,0.9627586206896551,0.0,0.001122334455667789,0.6746550472040668,0.0,0.0,0.0,0.0,0.0007204610951008645
hier_clust,10,5,weighted,True,2327,7520,0.3094414893617021,0.9627586206896551,0.0,0.001122334455667789,0.6746550472040668,0.0,0.0,0.0,0.0,0.0
hier_clust,20,100,median,True,2321,7520,0.3086436170212766,0.9634482758620689,0.008764241893076249,0.1425364758698092,0.28830791575889614,0.07920792079207921,0.16666666666666666,0.0,0.022388059701492536,0.17435158501440923
hier_clust,20,92,median,True,2303,7520,0.30625,0.9627586206896551,0.007011393514460999,0.13973063973063973,0.28177196804647786,0.07920792079207921,0.08333333333333333,0.0,0.022388059701492536,0.17435158501440923
hier_clust,10,32,centroid,False,2302,7520,0.30611702127659574,0.000689655172413793,0.0,0.8142536475869809,0.06390704429920116,0.09900990099009901,0.0,0.0,0.007462686567164179,0.5338616714697406
hier_clust,10,30,centroid,False,2301,7520,0.3059840425531915,0.000689655172413793,0.0,0.813692480359147,0.06390704429920116,0.09900990099009901,0.0,0.0,0.007462686567164179,0.5338616714697406
hier_clust,20,85,median,True,2300,7520,0.3058510638297872,0.9613793103448276,0.007011393514460999,0.13973063973063973,0.28104575163398693,0.07920792079207921,0.08333333333333333,0.0,0.022388059701492536,0.17435158501440923
hier_clust,20,78,median,True,2296,7520,0.30531914893617024,0.9613793103448276,0.007011393514460999,0.12962962962962962,0.29411764705882354,0.0594059405940594,0.08333333333333333,0.0,0.022388059701492536,0.17435158501440923
hier_clust,False,9,weighted,False,2286,7520,0.30398936170212765,0.9503448275862069,0.0035056967572304996,0.001122334455667789,0.654320987654321,0.0,0.0,0.0,0.0,0.0007204610951008645
hier_clust,False,8,weighted,False,2286,7520,0.30398936170212765,0.9503448275862069,0.0035056967572304996,0.001122334455667789,0.654320987654321,0.0,0.0,0.0,0.0,0.0007204610951008645
hier_clust,False,7,weighted,False,2286,7520,0.30398936170212765,0.9503448275862069,0.0035056967572304996,0.001122334455667789,0.654320987654321,0.0,0.0,0.0,0.0,0.0007204610951008645
hier_clust,False,6,weighted,False,2285,7520,0.3038563829787234,0.9503448275862069,0.0035056967572304996,0.001122334455667789,0.6535947712418301,0.0,0.0,0.0,0.0,0.0007204610951008645
hier_clust,10,4,complete,False,2283,7520,0.3035904255319149,0.976551724137931,0.0,0.0005611672278338945,0.6289034132171387,0.0,0.0,0.0,0.0,0.0
hier_clust,10,27,centroid,False,2268,7520,0.30159574468085104,0.000689655172413793,0.0,0.813692480359147,0.09222948438634714,0.09900990099009901,0.0,0.0,0.007462686567164179,0.4819884726224784
hier_clust,10,25,centroid,False,2265,7520,0.3011968085106383,0.000689655172413793,0.0,0.8142536475869809,0.09005083514887437,0.09900990099009901,0.0,0.0,0.0,0.4819884726224784
hier_clust,10,23,centroid,False,2261,7520,0.30066489361702126,0.000689655172413793,0.0,0.8142536475869809,0.08932461873638345,0.09900990099009901,0.0,0.0,0.0,0.47982708933717577
hier_clust,10,20,centroid,False,2260,7520,0.300531914893617,0.000689655172413793,0.0,0.8142536475869809,0.08859840232389252,0.09900990099009901,0.0,0.0,0.0,0.47982708933717577
hier_clust,10,21,centroid,False,2260,7520,0.300531914893617,0.000689655172413793,0.0,0.8142536475869809,0.08859840232389252,0.09900990099009901,0.0,0.0,0.0,0.47982708933717577
hier_clust,10,18,centroid,False,2259,7520,0.3003989361702128,0.000689655172413793,0.0,0.8114478114478114,0.0915032679738562,0.09900990099009901,0.0,0.0,0.0,0.47982708933717577
hier_clust,5,6,average,True,2258,7520,0.3002659574468085,0.9862068965517241,0.0,0.0005611672278338945,0.4241103848946986,0.0,0.0,0.0,0.0,0.17507204610951008
hier_clust,False,78,median,False,2249,7520,0.2990691489361702,0.9144827586206896,0.0052585451358457495,0.020202020202020204,0.3297022512708787,0.04950495049504951,0.08333333333333333,0.0,0.0,0.29971181556195964
hier_clust,20,8,complete,True,2244,7520,0.29840425531914894,0.9220689655172414,0.0,0.23793490460157127,0.21350762527233116,0.0,0.0,0.0,0.0,0.1361671469740634
hier_clust,False,72,median,False,2242,7520,0.2981382978723404,0.9137931034482759,0.006134969325153374,0.016835016835016835,0.3297022512708787,0.04950495049504951,0.08333333333333333,0.0,0.0,0.2989913544668588
hier_clust,False,67,median,False,2241,7520,0.2980053191489362,0.9137931034482759,0.006134969325153374,0.016835016835016835,0.3289760348583878,0.04950495049504951,0.08333333333333333,0.0,0.0,0.2989913544668588
hier_clust,20,72,median,True,2238,7520,0.2976063829787234,0.9613793103448276,0.007011393514460999,0.015712682379349047,0.4001452432824982,0.0594059405940594,0.08333333333333333,0.0,0.022388059701492536,0.17363112391930835
hier_clust,False,61,median,False,2237,7520,0.29747340425531915,0.9137931034482759,0.006134969325153374,0.013468013468013467,0.3311546840958606,0.04950495049504951,0.0,0.0,0.0,0.2989913544668588
hier_clust,20,67,median,True,2234,7520,0.2970744680851064,0.9613793103448276,0.007011393514460999,0.014029180695847363,0.4001452432824982,0.0594059405940594,0.0,0.0,0.014925373134328358,0.17435158501440923
hier_clust,20,61,median,True,2229,7520,0.2964095744680851,0.9613793103448276,0.006134969325153374,0.013468013468013467,0.39796659404502543,0.0594059405940594,0.0,0.0,0.014925373134328358,0.17435158501440923
hier_clust,False,57,median,False,2225,7520,0.2958776595744681,0.9131034482758621,0.006134969325153374,0.011784511784511785,0.3253449527959332,0.04950495049504951,0.0,0.0,0.0,0.2989913544668588
hier_clust,20,7,complete,True,2223,7520,0.2956117021276596,0.9220689655172414,0.0,0.27665544332211,0.14814814814814814,0.0,0.0,0.0,0.0,0.1361671469740634
hier_clust,20,6,complete,True,2223,7520,0.2956117021276596,0.9220689655172414,0.0,0.27665544332211,0.14814814814814814,0.0,0.0,0.0,0.0,0.1361671469740634
hier_clust,False,52,median,False,2223,7520,0.2956117021276596,0.9131034482758621,0.006134969325153374,0.011784511784511785,0.32461873638344224,0.04455445544554455,0.0,0.0,0.0,0.2989913544668588
hier_clust,False,48,median,False,2221,7520,0.29534574468085106,0.9131034482758621,0.006134969325153374,0.011784511784511785,0.32461873638344224,0.034653465346534656,0.0,0.0,0.0,0.2989913544668588
hier_clust,False,45,median,False,2221,7520,0.29534574468085106,0.9131034482758621,0.006134969325153374,0.011784511784511785,0.32461873638344224,0.034653465346534656,0.0,0.0,0.0,0.2989913544668588
hier_clust,False,100,centroid,False,2215,7520,0.2945478723404255,0.9944827586206897,0.007887817703768623,0.014590347923681257,0.2018881626724764,0.04950495049504951,0.08333333333333333,0.0,0.007462686567164179,0.3227665706051873
hier_clust,False,41,median,False,2210,7520,0.29388297872340424,0.9124137931034483,0.006134969325153374,0.01122334455667789,0.3188090050835149,0.0297029702970297,0.0,0.0,0.0,0.2989913544668588
hier_clust,False,92,centroid,False,2208,7520,0.2936170212765957,0.9937931034482759,0.007011393514460999,0.013468013468013467,0.19970951343500362,0.04950495049504951,0.08333333333333333,0.0,0.007462686567164179,0.3227665706051873
hier_clust,False,38,median,False,2208,7520,0.2936170212765957,0.9124137931034483,0.0052585451358457495,0.01122334455667789,0.3188090050835149,0.024752475247524754,0.0,0.0,0.0,0.2989913544668588
hier_clust,False,85,centroid,False,2207,7520,0.2934840425531915,0.9937931034482759,0.007011393514460999,0.013468013468013467,0.19970951343500362,0.04950495049504951,0.08333333333333333,0.0,0.007462686567164179,0.32204610951008644
hier_clust,False,35,median,False,2207,7520,0.2934840425531915,0.9117241379310345,0.0052585451358457495,0.01122334455667789,0.3188090050835149,0.024752475247524754,0.0,0.0,0.0,0.2989913544668588
hier_clust,False,32,median,False,2207,7520,0.2934840425531915,0.9117241379310345,0.0052585451358457495,0.01122334455667789,0.3188090050835149,0.024752475247524754,0.0,0.0,0.0,0.2989913544668588
hier_clust,False,30,median,False,2206,7520,0.2933510638297872,0.9110344827586206,0.0052585451358457495,0.01122334455667789,0.3188090050835149,0.024752475247524754,0.0,0.0,0.0,0.2989913544668588
hier_clust,False,27,median,False,2206,7520,0.2933510638297872,0.9110344827586206,0.0052585451358457495,0.01122334455667789,0.3188090050835149,0.024752475247524754,0.0,0.0,0.0,0.2989913544668588
hier_clust,False,23,median,False,2204,7520,0.29308510638297874,0.9110344827586206,0.0017528483786152498,0.012345679012345678,0.3188090050835149,0.024752475247524754,0.0,0.0,0.0,0.2989913544668588
hier_clust,False,78,centroid,False,2204,7520,0.29308510638297874,0.9937931034482759,0.006134969325153374,0.012906846240179574,0.19898329702251272,0.04950495049504951,0.08333333333333333,0.0,0.007462686567164179,0.32204610951008644
hier_clust,False,25,median,False,2204,7520,0.29308510638297874,0.9110344827586206,0.0017528483786152498,0.012345679012345678,0.3188090050835149,0.024752475247524754,0.0,0.0,0.0,0.2989913544668588
hier_clust,False,72,centroid,False,2201,7520,0.29268617021276594,0.993103448275862,0.006134969325153374,0.011784511784511785,0.19898329702251272,0.04950495049504951,0.08333333333333333,0.0,0.007462686567164179,0.32204610951008644
hier_clust,False,11,weighted,True,2200,7520,0.2925531914893617,0.0,0.0035056967572304996,0.052749719416386086,0.6419753086419753,0.0,0.0,0.0,0.0,0.877521613832853
hier_clust,False,10,weighted,True,2196,7520,0.29202127659574467,0.0,0.0035056967572304996,0.004489337822671156,0.7015250544662309,0.0,0.0,0.0,0.0,0.877521613832853
hier_clust,20,30,average,True,2194,7520,0.29175531914893615,0.98,0.0035056967572304996,0.06958473625140292,0.3790849673202614,0.039603960396039604,0.0,0.0,0.0,0.08285302593659942
hier_clust,20,27,average,True,2194,7520,0.29175531914893615,0.98,0.0035056967572304996,0.06958473625140292,0.3790849673202614,0.039603960396039604,0.0,0.0,0.0,0.08285302593659942
hier_clust,20,25,average,True,2193,7520,0.2916223404255319,0.9806896551724138,0.0035056967572304996,0.06846240179573512,0.3790849673202614,0.039603960396039604,0.0,0.0,0.0,0.08285302593659942
hier_clust,10,23,median,False,2192,7520,0.29148936170212764,0.9337931034482758,0.0,0.004489337822671156,0.4132171387073348,0.0,0.08333333333333333,0.0,0.0,0.1873198847262248
hier_clust,20,23,average,True,2191,7520,0.2913563829787234,0.9806896551724138,0.0035056967572304996,0.06734006734006734,0.3790849673202614,0.039603960396039604,0.0,0.0,0.0,0.08285302593659942
hier_clust,False,5,complete,True,2186,7520,0.29069148936170214,0.96,0.0,0.001122334455667789,0.5751633986928104,0.0,0.0,0.0,0.0,0.0
hier_clust,False,4,complete,True,2186,7520,0.29069148936170214,0.96,0.0,0.001122334455667789,0.5751633986928104,0.0,0.0,0.0,0.0,0.0
hier_clust,4,4,median,False,2186,7520,0.29069148936170214,0.9889655172413793,0.0,0.0005611672278338945,0.5453885257806826,0.0,0.0,0.0,0.0,0.0
hier_clust,20,10,weighted,True,2182,7520,0.2901595744680851,0.9682758620689655,0.0035056967572304996,0.001122334455667789,0.5584604212055192,0.009900990099009901,0.0,0.0,0.0,0.0007204610951008645
hier_clust,20,11,weighted,True,2182,7520,0.2901595744680851,0.9682758620689655,0.0035056967572304996,0.001122334455667789,0.5584604212055192,0.009900990099009901,0.0,0.0,0.0,0.0007204610951008645
hier_clust,20,9,weighted,True,2182,7520,0.2901595744680851,0.9682758620689655,0.0035056967572304996,0.001122334455667789,0.5584604212055192,0.009900990099009901,0.0,0.0,0.0,0.0007204610951008645
hier_clust,20,8,weighted,True,2180,7520,0.2898936170212766,0.9682758620689655,0.0035056967572304996,0.001122334455667789,0.5584604212055192,0.0,0.0,0.0,0.0,0.0007204610951008645
hier_clust,10,5,complete,True,2173,7520,0.2889627659574468,0.9813793103448276,0.0,0.0005611672278338945,0.3311546840958606,0.0,0.0,0.0,0.0,0.21109510086455333
hier_clust,20,21,average,True,2172,7520,0.28882978723404257,0.9806896551724138,0.0035056967572304996,0.13973063973063973,0.35439360929557007,0.039603960396039604,0.0,0.0,0.0,0.0007204610951008645
hier_clust,5,4,complete,True,2168,7520,0.28829787234042553,0.0,0.0,0.8344556677890012,0.2730573710965868,0.0,0.0,0.0,0.0,0.21974063400576369
hier_clust,5,3,complete,True,2168,7520,0.28829787234042553,0.0,0.0,0.8344556677890012,0.2730573710965868,0.0,0.0,0.0,0.0,0.21974063400576369
hier_clust,2,2,average,True,2163,7520,0.28763297872340426,0.9855172413793103,0.0,0.0,0.0,0.0,0.0,0.0,0.0,0.5288184438040345
hier_clust,2,3,average,False,2146,7520,0.2853723404255319,0.0,0.0,0.8103254769921436,0.0682643427741467,0.0,0.0,0.0,0.0,0.43804034582132567
hier_clust,20,100,centroid,False,2117,7520,0.2815159574468085,0.0034482758620689655,0.006134969325153374,0.8507295173961841,0.10965867828612927,0.054455445544554455,0.08333333333333333,0.0,0.007462686567164179,0.3061959654178674
hier_clust,2,2,weighted,True,2116,7520,0.28138297872340423,0.0,0.0,0.8181818181818182,0.47785039941902685,0.0,0.0,0.0,0.0,0.0
hier_clust,20,92,centroid,False,2113,7520,0.2809840425531915,0.0034482758620689655,0.006134969325153374,0.8496071829405163,0.10820624546114742,0.054455445544554455,0.08333333333333333,0.0,0.007462686567164179,0.3061959654178674
hier_clust,20,85,centroid,False,2110,7520,0.28058510638297873,0.0034482758620689655,0.006134969325153374,0.8479236812570146,0.10820624546114742,0.054455445544554455,0.08333333333333333,0.0,0.007462686567164179,0.3061959654178674
hier_clust,20,78,centroid,False,2107,7520,0.280186170212766,0.0034482758620689655,0.006134969325153374,0.8473625140291807,0.10965867828612927,0.034653465346534656,0.08333333333333333,0.0,0.007462686567164179,0.3061959654178674
hier_clust,20,72,centroid,False,2103,7520,0.27965425531914895,0.0034482758620689655,0.006134969325153374,0.8468013468013468,0.10820624546114742,0.0297029702970297,0.08333333333333333,0.0,0.007462686567164179,0.3061959654178674
hier_clust,20,67,centroid,False,2101,7520,0.27938829787234043,0.0034482758620689655,0.0035056967572304996,0.8484848484848485,0.10675381263616558,0.0297029702970297,0.08333333333333333,0.0,0.007462686567164179,0.3061959654178674
hier_clust,20,57,centroid,False,2100,7520,0.27925531914893614,0.0034482758620689655,0.0035056967572304996,0.8484848484848485,0.10602759622367465,0.0297029702970297,0.08333333333333333,0.0,0.007462686567164179,0.3061959654178674
hier_clust,20,61,centroid,False,2100,7520,0.27925531914893614,0.0034482758620689655,0.0035056967572304996,0.8484848484848485,0.10602759622367465,0.0297029702970297,0.08333333333333333,0.0,0.007462686567164179,0.3061959654178674
hier_clust,False,67,centroid,False,2096,7520,0.27872340425531916,0.0020689655172413794,0.006134969325153374,0.8928170594837261,0.026143790849673203,0.04950495049504951,0.08333333333333333,0.0,0.007462686567164179,0.32204610951008644
hier_clust,2,2,average,False,2096,7520,0.27872340425531916,0.0,0.0,0.8103254769921436,0.0,0.0,0.0,0.0,0.0,0.4697406340057637
hier_clust,5,5,average,True,2091,7520,0.2780585106382979,0.9862068965517241,0.0,0.15824915824915825,0.27523602033405953,0.0,0.0,0.0,0.0,0.0
hier_clust,4,3,weighted,False,2090,7520,0.2779255319148936,0.9951724137931034,0.0,0.0005611672278338945,0.4691358024691358,0.0,0.0,0.0,0.0,0.0
hier_clust,False,18,average,True,2090,7520,0.2779255319148936,0.000689655172413793,0.0043821209465381246,0.8092031425364759,0.13725490196078433,0.01485148514851485,0.0,0.0,0.0,0.3242074927953891
hier_clust,False,61,centroid,False,2087,7520,0.27752659574468086,0.0020689655172413794,0.006134969325153374,0.8894500561167228,0.024691358024691357,0.04950495049504951,0.0,0.0,0.007462686567164179,0.32204610951008644
hier_clust,False,57,centroid,False,2086,7520,0.2773936170212766,0.0020689655172413794,0.006134969325153374,0.8894500561167228,0.023965141612200435,0.04950495049504951,0.0,0.0,0.007462686567164179,0.32204610951008644
hier_clust,5,8,median,True,2084,7520,0.2771276595744681,0.8593103448275862,0.0,0.20931537598204264,0.20261437908496732,0.0,0.0,0.0,0.0,0.1340057636887608
hier_clust,5,7,median,True,2084,7520,0.2771276595744681,0.8593103448275862,0.0,0.20931537598204264,0.20261437908496732,0.0,0.0,0.0,0.0,0.1340057636887608
hier_clust,5,6,median,True,2084,7520,0.2771276595744681,0.8593103448275862,0.0,0.20931537598204264,0.20261437908496732,0.0,0.0,0.0,0.0,0.1340057636887608
hier_clust,False,52,centroid,False,2084,7520,0.2771276595744681,0.0020689655172413794,0.0052585451358457495,0.8888888888888888,0.023965141612200435,0.04950495049504951,0.0,0.0,0.007462686567164179,0.32204610951008644
hier_clust,False,48,centroid,False,2082,7520,0.2768617021276596,0.0020689655172413794,0.0052585451358457495,0.8877665544332211,0.023965141612200435,0.04950495049504951,0.0,0.0,0.007462686567164179,0.32204610951008644
hier_clust,5,4,average,True,2079,7520,0.2764627659574468,0.9862068965517241,0.0,0.0005611672278338945,0.47058823529411764,0.0,0.0,0.0,0.0,0.0
hier_clust,5,3,average,True,2079,7520,0.2764627659574468,0.9862068965517241,0.0,0.0005611672278338945,0.47058823529411764,0.0,0.0,0.0,0.0,0.0
hier_clust,10,21,median,False,2074,7520,0.2757978723404255,0.9337931034482758,0.0,0.004489337822671156,0.514161220043573,0.0,0.08333333333333333,0.0,0.0,0.002161383285302594
hier_clust,10,20,median,False,2073,7520,0.2756648936170213,0.9337931034482758,0.0,0.003928170594837262,0.514161220043573,0.0,0.08333333333333333,0.0,0.0,0.002161383285302594
hier_clust,10,18,median,False,2072,7520,0.275531914893617,0.9337931034482758,0.0,0.003928170594837262,0.5134350036310821,0.0,0.08333333333333333,0.0,0.0,0.002161383285302594
hier_clust,10,17,median,False,2071,7520,0.27539893617021277,0.9337931034482758,0.0,0.003928170594837262,0.5134350036310821,0.0,0.0,0.0,0.0,0.002161383285302594
hier_clust,10,72,centroid,True,2067,7520,0.27486702127659574,0.0020689655172413794,0.0052585451358457495,0.8911335578002245,0.09077705156136529,0.38613861386138615,0.08333333333333333,0.0,0.007462686567164179,0.1909221902017291
hier_clust,10,67,centroid,True,2063,7520,0.2743351063829787,0.0020689655172413794,0.0052585451358457495,0.8894500561167228,0.09222948438634714,0.3712871287128713,0.08333333333333333,0.0,0.007462686567164179,0.1909221902017291
hier_clust,10,61,centroid,True,2062,7520,0.27420212765957447,0.0020689655172413794,0.0052585451358457495,0.8894500561167228,0.09222948438634714,0.3712871287128713,0.08333333333333333,0.0,0.007462686567164179,0.19020172910662825
hier_clust,False,17,average,True,2060,7520,0.27393617021276595,0.000689655172413793,0.0043821209465381246,0.8092031425364759,0.11256354393609296,0.01485148514851485,0.0,0.0,0.0,0.3270893371757925
hier_clust,5,5,centroid,False,2059,7520,0.2738031914893617,0.0,0.0,0.8636363636363636,0.0,0.0,0.0,0.0,0.0,0.3746397694524496
hier_clust,10,57,centroid,True,2059,7520,0.2738031914893617,0.0020689655172413794,0.0017528483786152498,0.8905723905723906,0.0915032679738562,0.3712871287128713,0.08333333333333333,0.0,0.007462686567164179,0.19020172910662825
hier_clust,False,21,median,False,2058,7520,0.27367021276595743,0.9103448275862069,0.0017528483786152498,0.003367003367003367,0.5257806826434277,0.009900990099009901,0.0,0.0,0.0,0.002881844380403458
hier_clust,False,20,median,False,2057,7520,0.2735372340425532,0.9096551724137931,0.0017528483786152498,0.003367003367003367,0.5257806826434277,0.009900990099009901,0.0,0.0,0.0,0.002881844380403458
hier_clust,10,52,centroid,True,2057,7520,0.2735372340425532,0.0020689655172413794,0.0017528483786152498,0.8905723905723906,0.0915032679738562,0.3712871287128713,0.08333333333333333,0.0,0.0,0.18948126801152737
hier_clust,False,5,complete,False,2056,7520,0.2734042553191489,0.9924137931034482,0.0,0.001122334455667789,0.4466230936819172,0.0,0.0,0.0,0.0,0.0
hier_clust,False,4,complete,False,2056,7520,0.2734042553191489,0.9924137931034482,0.0,0.001122334455667789,0.4466230936819172,0.0,0.0,0.0,0.0,0.0
hier_clust,10,3,complete,False,2056,7520,0.2734042553191489,0.98,0.0,0.0005611672278338945,0.46042120551924476,0.0,0.0,0.0,0.0,0.0
hier_clust,False,18,median,False,2055,7520,0.2732712765957447,0.9096551724137931,0.0017528483786152498,0.0028058361391694723,0.5257806826434277,0.009900990099009901,0.0,0.0,0.0,0.002161383285302594
hier_clust,3,2,complete,False,2040,7520,0.2712765957446808,0.9862068965517241,0.0,0.0,0.4429920116194626,0.0,0.0,0.0,0.0,0.0
hier_clust,10,48,centroid,True,2039,7520,0.2711436170212766,0.001379310344827586,0.0017528483786152498,0.8900112233445566,0.07697893972403776,0.3712871287128713,0.08333333333333333,0.0,0.0,0.19236311239193082
hier_clust,4,3,weighted,True,2033,7520,0.27034574468085104,0.9951724137931034,0.0,0.11672278338945005,0.2774146695715323,0.0,0.0,0.0,0.0,0.0
hier_clust,4,5,centroid,True,2030,7520,0.2699468085106383,0.000689655172413793,0.0,0.8956228956228957,0.0014524328249818446,0.0049504950495049506,0.0,0.0,0.0,0.30979827089337175
hier_clust,4,4,centroid,True,2030,7520,0.2699468085106383,0.000689655172413793,0.0,0.8956228956228957,0.0,0.01485148514851485,0.0,0.0,0.0,0.30979827089337175
hier_clust,20,57,median,True,2027,7520,0.26954787234042554,0.9882758620689656,0.006134969325153374,0.012345679012345678,0.3950617283950617,0.0594059405940594,0.0,0.0,0.014925373134328358,0.005043227665706052
hier_clust,20,52,median,True,2026,7520,0.26941489361702126,0.9882758620689656,0.006134969325153374,0.011784511784511785,0.39433551198257083,0.06435643564356436,0.0,0.0,0.014925373134328358,0.005043227665706052
hier_clust,False,17,median,False,2024,7520,0.2691489361702128,0.9110344827586206,0.0017528483786152498,0.0028058361391694723,0.5018155410312273,0.009900990099009901,0.0,0.0,0.0,0.002161383285302594
hier_clust,20,48,median,True,2022,7520,0.2688829787234043,0.9882758620689656,0.006134969325153374,0.012345679012345678,0.39215686274509803,0.054455445544554455,0.0,0.0,0.014925373134328358,0.005043227665706052
hier_clust,20,45,median,True,2021,7520,0.26875,0.9882758620689656,0.006134969325153374,0.012345679012345678,0.3950617283950617,0.0297029702970297,0.0,0.0,0.014925373134328358,0.005043227665706052
hier_clust,3,2,average,True,2019,7520,0.26848404255319147,0.0,0.0,0.8686868686868687,0.0,0.0,0.0,0.0,0.0,0.3393371757925072
hier_clust,5,3,weighted,True,2017,7520,0.26821808510638295,0.0,0.0,0.8333333333333334,0.3863471314451707,0.0,0.0,0.0,0.0,0.0
hier_clust,20,41,median,True,2016,7520,0.2680851063829787,0.9882758620689656,0.0052585451358457495,0.012345679012345678,0.3950617283950617,0.019801980198019802,0.0,0.0,0.0,0.005043227665706052
hier_clust,3,2,complete,True,2006,7520,0.2667553191489362,0.0,0.0,0.8170594837261503,0.39941902687000724,0.0,0.0,0.0,0.0,0.0
hier_clust,5,2,complete,True,2003,7520,0.2663563829787234,0.0,0.0,0.9528619528619529,0.0,0.0,0.0,0.0,0.0,0.21974063400576369
hier_clust,20,38,median,True,2001,7520,0.2660904255319149,0.9882758620689656,0.0052585451358457495,0.005611672278338945,0.3950617283950617,0.019801980198019802,0.0,0.0,0.0,0.002881844380403458
hier_clust,20,32,median,True,2000,7520,0.26595744680851063,0.9882758620689656,0.0052585451358457495,0.005050505050505051,0.3950617283950617,0.019801980198019802,0.0,0.0,0.0,0.002881844380403458
hier_clust,20,30,median,True,2000,7520,0.26595744680851063,0.9882758620689656,0.0052585451358457495,0.005050505050505051,0.3950617283950617,0.019801980198019802,0.0,0.0,0.0,0.002881844380403458
hier_clust,20,35,median,True,2000,7520,0.26595744680851063,0.9882758620689656,0.0052585451358457495,0.005050505050505051,0.3950617283950617,0.019801980198019802,0.0,0.0,0.0,0.002881844380403458
hier_clust,3,2,weighted,True,1995,7520,0.26529255319148937,0.0,0.0,0.8787878787878788,0.3115468409586057,0.0,0.0,0.0,0.0,0.0
hier_clust,20,8,average,False,1994,7520,0.2651595744680851,0.0,0.0026292725679228747,0.9040404040404041,0.27523602033405953,0.0,0.0,0.0,0.0,0.0007204610951008645
hier_clust,20,9,average,False,1994,7520,0.2651595744680851,0.0,0.0026292725679228747,0.9046015712682379,0.27450980392156865,0.0,0.0,0.0,0.0,0.0007204610951008645
hier_clust,20,7,average,False,1994,7520,0.2651595744680851,0.0,0.0026292725679228747,0.9040404040404041,0.27523602033405953,0.0,0.0,0.0,0.0,0.0007204610951008645
hier_clust,20,6,average,False,1992,7520,0.2648936170212766,0.0,0.0,0.9046015712682379,0.27523602033405953,0.0,0.0,0.0,0.0,0.0007204610951008645
hier_clust,5,3,complete,False,1983,7520,0.2636968085106383,0.0,0.0,0.9281705948372615,0.23892519970951343,0.0,0.0,0.0,0.0,0.0
hier_clust,10,4,complete,True,1974,7520,0.2625,0.9813793103448276,0.0,0.0005611672278338945,0.39941902687000724,0.0,0.0,0.0,0.0,0.0
hier_clust,10,3,complete,True,1974,7520,0.2625,0.9813793103448276,0.0,0.0005611672278338945,0.39941902687000724,0.0,0.0,0.0,0.0,0.0
hier_clust,20,20,average,True,1973,7520,0.2623670212765957,0.0,0.0035056967572304996,0.9747474747474747,0.16194625998547568,0.039603960396039604,0.0,0.0,0.0,0.0007204610951008645
hier_clust,10,45,centroid,True,1971,7520,0.2621010638297872,0.001379310344827586,0.0017528483786152498,0.8894500561167228,0.023965141612200435,0.37623762376237624,0.08333333333333333,0.0,0.0,0.19596541786743515
hier_clust,20,18,average,True,1971,7520,0.2621010638297872,0.0,0.0035056967572304996,0.9747474747474747,0.16049382716049382,0.039603960396039604,0.0,0.0,0.0,0.0007204610951008645
hier_clust,20,17,average,True,1971,7520,0.2621010638297872,0.0,0.0035056967572304996,0.9747474747474747,0.16049382716049382,0.039603960396039604,0.0,0.0,0.0,0.0007204610951008645
hier_clust,20,15,average,True,1970,7520,0.261968085106383,0.0,0.0035056967572304996,0.9769921436588104,0.1568627450980392,0.039603960396039604,0.0,0.0,0.0,0.0007204610951008645
hier_clust,4,3,centroid,False,1970,7520,0.261968085106383,0.0,0.0,0.9231200897867564,0.0,0.0,0.0,0.0,0.0,0.23414985590778098
hier_clust,20,14,average,True,1970,7520,0.261968085106383,0.0,0.0035056967572304996,0.9769921436588104,0.1568627450980392,0.039603960396039604,0.0,0.0,0.0,0.0007204610951008645
hier_clust,20,13,average,True,1970,7520,0.261968085106383,0.0,0.0035056967572304996,0.9769921436588104,0.1568627450980392,0.039603960396039604,0.0,0.0,0.0,0.0007204610951008645
hier_clust,10,41,centroid,True,1966,7520,0.26143617021276594,0.001379310344827586,0.0,0.8894500561167228,0.020334059549745823,0.38613861386138615,0.08333333333333333,0.0,0.0,0.19596541786743515
hier_clust,5,5,median,True,1963,7520,0.2610372340425532,0.9041379310344828,0.0,0.20931537598204264,0.20261437908496732,0.0,0.0,0.0,0.0,0.0
hier_clust,5,3,median,True,1960,7520,0.26063829787234044,0.9041379310344828,0.0,0.0005611672278338945,0.47058823529411764,0.0,0.0,0.0,0.0,0.0
hier_clust,10,38,centroid,True,1960,7520,0.26063829787234044,0.001379310344827586,0.0,0.8821548821548821,0.020334059549745823,0.38613861386138615,0.08333333333333333,0.0,0.0,0.2010086455331412
hier_clust,5,4,median,True,1960,7520,0.26063829787234044,0.9041379310344828,0.0,0.0005611672278338945,0.47058823529411764,0.0,0.0,0.0,0.0,0.0
hier_clust,10,35,centroid,True,1959,7520,0.26050531914893615,0.001379310344827586,0.0,0.8815937149270483,0.020334059549745823,0.38613861386138615,0.08333333333333333,0.0,0.0,0.2010086455331412
hier_clust,3,2,median,True,1957,7520,0.26023936170212764,0.18275862068965518,0.0,0.9494949494949495,0.0,0.0,0.0,0.0,0.0,0.0
hier_clust,4,2,average,True,1957,7520,0.26023936170212764,0.0,0.0,0.8608305274971941,0.30718954248366015,0.0,0.0,0.0,0.0,0.0
hier_clust,4,2,weighted,True,1957,7520,0.26023936170212764,0.0,0.0,0.8838383838383839,0.2774146695715323,0.0,0.0,0.0,0.0,0.0
hier_clust,10,30,centroid,True,1956,7520,0.2601063829787234,0.001379310344827586,0.0,0.8815937149270483,0.01888162672476398,0.38613861386138615,0.0,0.0,0.0,0.2010086455331412
hier_clust,10,27,centroid,True,1956,7520,0.2601063829787234,0.001379310344827586,0.0,0.8815937149270483,0.01888162672476398,0.38613861386138615,0.0,0.0,0.0,0.2010086455331412
hier_clust,10,32,centroid,True,1956,7520,0.2601063829787234,0.001379310344827586,0.0,0.8815937149270483,0.01888162672476398,0.38613861386138615,0.0,0.0,0.0,0.2010086455331412
hier_clust,10,25,centroid,True,1952,7520,0.25957446808510637,0.001379310344827586,0.0,0.8815937149270483,0.01815541031227306,0.38613861386138615,0.0,0.0,0.0,0.1988472622478386
hier_clust,10,27,median,True,1951,7520,0.25944148936170214,0.9179310344827586,0.0008764241893076249,0.13468013468013468,0.2701525054466231,0.01485148514851485,0.0,0.0,0.0,0.002881844380403458
hier_clust,False,14,average,False,1950,7520,0.25930851063829785,0.000689655172413793,0.0035056967572304996,0.9343434343434344,0.19607843137254902,0.039603960396039604,0.0,0.0,0.0,0.001440922190201729
hier_clust,False,13,average,False,1950,7520,0.25930851063829785,0.000689655172413793,0.0035056967572304996,0.9343434343434344,0.19607843137254902,0.039603960396039604,0.0,0.0,0.0,0.001440922190201729
hier_clust,False,15,average,False,1950,7520,0.25930851063829785,0.000689655172413793,0.0035056967572304996,0.9343434343434344,0.19607843137254902,0.039603960396039604,0.0,0.0,0.0,0.001440922190201729
hier_clust,False,12,average,False,1950,7520,0.25930851063829785,0.0,0.0035056967572304996,0.9349046015712682,0.19607843137254902,0.039603960396039604,0.0,0.0,0.0,0.001440922190201729
hier_clust,10,25,median,True,1950,7520,0.25930851063829785,0.9172413793103448,0.0008764241893076249,0.13411896745230079,0.270878721859114,0.01485148514851485,0.0,0.0,0.0,0.002881844380403458
hier_clust,10,23,median,True,1950,7520,0.25930851063829785,0.9172413793103448,0.0008764241893076249,0.13411896745230079,0.270878721859114,0.01485148514851485,0.0,0.0,0.0,0.002881844380403458
hier_clust,False,9,average,False,1949,7520,0.2591755319148936,0.0,0.0026292725679228747,0.9354657687991021,0.19607843137254902,0.039603960396039604,0.0,0.0,0.0,0.0007204610951008645
hier_clust,False,10,average,False,1949,7520,0.2591755319148936,0.0,0.0035056967572304996,0.9349046015712682,0.19607843137254902,0.039603960396039604,0.0,0.0,0.0,0.0007204610951008645
hier_clust,False,11,average,False,1949,7520,0.2591755319148936,0.0,0.0035056967572304996,0.9349046015712682,0.19607843137254902,0.039603960396039604,0.0,0.0,0.0,0.0007204610951008645
hier_clust,10,21,median,True,1948,7520,0.2590425531914894,0.9179310344827586,0.0008764241893076249,0.13411896745230079,0.2694262890341322,0.01485148514851485,0.0,0.0,0.0,0.002161383285302594
hier_clust,10,20,median,True,1948,7520,0.2590425531914894,0.9179310344827586,0.0008764241893076249,0.13411896745230079,0.2694262890341322,0.01485148514851485,0.0,0.0,0.0,0.002161383285302594
hier_clust,False,7,average,False,1947,7520,0.2589095744680851,0.0,0.0,0.936026936026936,0.19607843137254902,0.039603960396039604,0.0,0.0,0.0,0.0007204610951008645
hier_clust,False,8,average,False,1947,7520,0.2589095744680851,0.0,0.0,0.936026936026936,0.19607843137254902,0.039603960396039604,0.0,0.0,0.0,0.0007204610951008645
hier_clust,20,12,average,True,1942,7520,0.25824468085106383,0.0,0.0035056967572304996,0.9231200897867564,0.20624546114742193,0.039603960396039604,0.0,0.0,0.0,0.0007204610951008645
hier_clust,20,100,centroid,True,1938,7520,0.2577127659574468,0.0034482758620689655,0.008764241893076249,0.9421997755331089,0.09731299927378359,0.504950495049505,0.08333333333333333,0.0,0.0,0.005043227665706052
hier_clust,20,92,centroid,True,1936,7520,0.2574468085106383,0.0034482758620689655,0.007011393514460999,0.9421997755331089,0.09731299927378359,0.504950495049505,0.08333333333333333,0.0,0.0,0.005043227665706052
hier_clust,4,3,median,True,1933,7520,0.25704787234042553,0.9413793103448276,0.0,0.0,0.41249092229484385,0.0,0.0,0.0,0.0,0.0
hier_clust,2,2,median,True,1925,7520,0.2559840425531915,0.0,0.0,0.8125701459034792,0.3464052287581699,0.0,0.0,0.0,0.0,0.0
hier_clust,20,27,median,True,1924,7520,0.25585106382978723,0.9889655172413793,0.0052585451358457495,0.004489337822671156,0.33986928104575165,0.019801980198019802,0.0,0.0,0.0,0.002881844380403458
hier_clust,4,2,complete,False,1917,7520,0.25492021276595744,0.0,0.0,0.8905723905723906,0.23965141612200436,0.0,0.0,0.0,0.0,0.0
hier_clust,20,5,complete,True,1915,7520,0.2546542553191489,0.0,0.0,0.8540965207631874,0.14814814814814814,0.0,0.0,0.0,0.0,0.1361671469740634
hier_clust,False,100,centroid,True,1912,7520,0.2542553191489362,0.004827586206896552,0.007011393514460999,0.9326599326599326,0.1394335511982571,0.16336633663366337,0.16666666666666666,0.0,0.007462686567164179,0.005043227665706052
hier_clust,False,92,centroid,True,1904,7520,0.2531914893617021,0.004827586206896552,0.006134969325153374,0.9326599326599326,0.13435003631082063,0.16336633663366337,0.16666666666666666,0.0,0.007462686567164179,0.005043227665706052
hier_clust,20,11,average,True,1899,7520,0.25252659574468084,0.0,0.0035056967572304996,0.8484848484848485,0.2716049382716049,0.039603960396039604,0.0,0.0,0.0,0.0007204610951008645
hier_clust,False,85,centroid,True,1897,7520,0.2522606382978723,0.004137931034482759,0.006134969325153374,0.9932659932659933,0.05228758169934641,0.15841584158415842,0.16666666666666666,0.0,0.007462686567164179,0.005043227665706052
hier_clust,10,7,average,False,1896,7520,0.2521276595744681,0.0,0.0,0.9433221099887766,0.002178649237472767,0.0,0.08333333333333333,0.0,0.0,0.15201729106628242
hier_clust,10,6,average,False,1896,7520,0.2521276595744681,0.0,0.0,0.9433221099887766,0.002178649237472767,0.0,0.08333333333333333,0.0,0.0,0.15201729106628242
hier_clust,10,5,average,False,1893,7520,0.25172872340425534,0.0,0.0,0.9433221099887766,0.0,0.0,0.08333333333333333,0.0,0.0,0.15201729106628242
hier_clust,20,10,average,True,1891,7520,0.2514627659574468,0.0,0.0035056967572304996,0.8484848484848485,0.2716049382716049,0.0,0.0,0.0,0.0,0.0007204610951008645
hier_clust,2,100,single,False,1890,7520,0.25132978723404253,0.000689655172413793,0.0,0.9938271604938271,0.05519244734931009,0.08415841584158416,0.08333333333333333,0.029411764705882353,0.029850746268656716,0.013688760806916427
hier_clust,20,7,weighted,False,1884,7520,0.25053191489361704,0.0,0.0035056967572304996,0.8698092031425365,0.23892519970951343,0.0,0.0,0.0,0.0,0.0007204610951008645
hier_clust,20,6,weighted,False,1883,7520,0.25039893617021275,0.0,0.0035056967572304996,0.8698092031425365,0.23819898329702252,0.0,0.0,0.0,0.0,0.0007204610951008645
hier_clust,2,92,single,False,1880,7520,0.25,0.000689655172413793,0.0,0.9921436588103255,0.05156136528685548,0.08415841584158416,0.08333333333333333,0.029411764705882353,0.029850746268656716,0.012247838616714697
hier_clust,3,100,single,True,1879,7520,0.24986702127659574,0.001379310344827586,0.0043821209465381246,0.9983164983164983,0.042846768336964415,0.07425742574257425,0.08333333333333333,0.029411764705882353,0.06716417910447761,0.005763688760806916
hier_clust,False,78,centroid,True,1879,7520,0.24986702127659574,0.0020689655172413794,0.006134969325153374,0.9932659932659933,0.05954974582425563,0.034653465346534656,0.16666666666666666,0.0,0.007462686567164179,0.005043227665706052
hier_clust,2,100,single,True,1877,7520,0.24960106382978722,0.0020689655172413794,0.0008764241893076249,0.9955106621773289,0.023965141612200435,0.13366336633663367,0.0,0.0,0.06716417910447761,0.021613832853025938
hier_clust,3,2,average,False,1877,7520,0.24960106382978722,0.0,0.0,0.8737373737373737,0.0,0.0,0.0,0.0,0.0,0.23054755043227665
hier_clust,2,85,single,False,1875,7520,0.24933510638297873,0.000689655172413793,0.0,0.9921436588103255,0.050835148874364564,0.08415841584158416,0.08333333333333333,0.029411764705882353,0.022388059701492536,0.010086455331412104
hier_clust,False,15,average,True,1873,7520,0.24906914893617021,0.0,0.0043821209465381246,0.9579124579124579,0.11328976034858387,0.01485148514851485,0.0,0.0,0.0,0.001440922190201729
hier_clust,False,14,average,True,1871,7520,0.2488031914893617,0.0,0.0043821209465381246,0.9579124579124579,0.11328976034858387,0.0049504950495049506,0.0,0.0,0.0,0.001440922190201729
hier_clust,2,92,single,True,1871,7520,0.2488031914893617,0.0020689655172413794,0.0008764241893076249,0.9955106621773289,0.02251270878721859,0.13366336633663367,0.0,0.0,0.06716417910447761,0.018731988472622477
hier_clust,3,100,single,False,1870,7520,0.24867021276595744,0.0020689655172413794,0.0008764241893076249,0.9983164983164983,0.03848946986201888,0.0891089108910891,0.08333333333333333,0.08823529411764706,0.029850746268656716,0.005763688760806916
hier_clust,4,100,single,True,1870,7520,0.24867021276595744,0.0020689655172413794,0.0043821209465381246,1.0,0.04066811909949165,0.0594059405940594,0.08333333333333333,0.0,0.0,0.00792507204610951
hier_clust,3,92,single,True,1870,7520,0.24867021276595744,0.001379310344827586,0.0026292725679228747,1.0,0.03848946986201888,0.07425742574257425,0.08333333333333333,0.029411764705882353,0.03731343283582089,0.005763688760806916
hier_clust,False,100,single,False,1869,7520,0.24853723404255318,0.002758620689655172,0.0035056967572304996,1.0,0.0392156862745098,0.07920792079207921,0.3333333333333333,0.0,0.0,0.0036023054755043226
hier_clust,20,100,single,False,1869,7520,0.24853723404255318,0.0020689655172413794,0.0035056967572304996,1.0,0.04066811909949165,0.07920792079207921,0.25,0.0,0.007462686567164179,0.002881844380403458
hier_clust,2,85,single,True,1869,7520,0.24853723404255318,0.0020689655172413794,0.0008764241893076249,0.9955106621773289,0.021060275962236745,0.13366336633663367,0.0,0.0,0.06716417910447761,0.018731988472622477
hier_clust,False,100,single,True,1868,7520,0.24840425531914895,0.002758620689655172,0.0035056967572304996,1.0,0.03631082062454612,0.08415841584158416,0.3333333333333333,0.0,0.007462686567164179,0.004322766570605188
hier_clust,False,13,average,True,1865,7520,0.24800531914893617,0.0,0.0043821209465381246,0.9601571268237935,0.10602759622367465,0.0049504950495049506,0.0,0.0,0.0,0.001440922190201729
hier_clust,20,4,complete,True,1865,7520,0.24800531914893617,0.0,0.0,0.9320987654320988,0.14814814814814814,0.0,0.0,0.0,0.0,0.0
hier_clust,4,2,median,True,1864,7520,0.2478723404255319,0.0,0.0,0.9169472502805837,0.16702977487291212,0.0,0.0,0.0,0.0,0.0
hier_clust,False,12,average,True,1864,7520,0.2478723404255319,0.0,0.0043821209465381246,0.9601571268237935,0.10602759622367465,0.0,0.0,0.0,0.0,0.001440922190201729
hier_clust,False,11,average,True,1864,7520,0.2478723404255319,0.0,0.0043821209465381246,0.9601571268237935,0.10602759622367465,0.0,0.0,0.0,0.0,0.001440922190201729
hier_clust,20,100,single,True,1864,7520,0.2478723404255319,0.0020689655172413794,0.0035056967572304996,1.0,0.03413217138707335,0.0891089108910891,0.16666666666666666,0.0,0.007462686567164179,0.005043227665706052
hier_clust,4,100,single,False,1864,7520,0.2478723404255319,0.000689655172413793,0.0052585451358457495,1.0,0.03558460421205519,0.0594059405940594,0.08333333333333333,0.029411764705882353,0.022388059701492536,0.006484149855907781
hier_clust,False,92,single,True,1864,7520,0.2478723404255319,0.0020689655172413794,0.0035056967572304996,1.0,0.034858387799564274,0.08415841584158416,0.25,0.0,0.007462686567164179,0.004322766570605188
hier_clust,20,92,single,False,1863,7520,0.24773936170212765,0.0020689655172413794,0.0035056967572304996,1.0,0.03776325344952796,0.07920792079207921,0.16666666666666666,0.0,0.0,0.002881844380403458
hier_clust,5,100,single,True,1862,7520,0.2476063829787234,0.0034482758620689655,0.0008764241893076249,0.999438832772166,0.03340595497458242,0.0594059405940594,0.16666666666666666,0.029411764705882353,0.007462686567164179,0.009365994236311239
hier_clust,False,92,single,False,1862,7520,0.2476063829787234,0.002758620689655172,0.0035056967572304996,1.0,0.034858387799564274,0.07425742574257425,0.3333333333333333,0.0,0.0,0.0036023054755043226
hier_clust,3,92,single,False,1862,7520,0.2476063829787234,0.001379310344827586,0.0008764241893076249,0.9988776655443322,0.03631082062454612,0.06435643564356436,0.08333333333333333,0.08823529411764706,0.029850746268656716,0.005763688760806916
hier_clust,4,92,single,True,1862,7520,0.2476063829787234,0.0020689655172413794,0.0035056967572304996,1.0,0.03631082062454612,0.054455445544554455,0.08333333333333333,0.0,0.0,0.00792507204610951
hier_clust,False,10,average,True,1861,7520,0.24747340425531916,0.0,0.0,0.9612794612794613,0.10602759622367465,0.0,0.0,0.0,0.0,0.001440922190201729
hier_clust,False,9,average,True,1861,7520,0.24747340425531916,0.0,0.0,0.9612794612794613,0.10602759622367465,0.0,0.0,0.0,0.0,0.001440922190201729
hier_clust,20,85,centroid,True,1861,7520,0.24747340425531916,0.0034482758620689655,0.007011393514460999,0.9955106621773289,0.04066811909949165,0.054455445544554455,0.08333333333333333,0.0,0.0,0.004322766570605188
hier_clust,2,78,single,False,1861,7520,0.24747340425531916,0.000689655172413793,0.0,0.9983164983164983,0.034858387799564274,0.06930693069306931,0.08333333333333333,0.029411764705882353,0.022388059701492536,0.010086455331412104
hier_clust,20,78,centroid,True,1860,7520,0.2473404255319149,0.0034482758620689655,0.007011393514460999,0.9955106621773289,0.04066811909949165,0.04950495049504951,0.08333333333333333,0.0,0.0,0.004322766570605188
hier_clust,20,92,single,True,1860,7520,0.2473404255319149,0.0020689655172413794,0.0035056967572304996,1.0,0.032679738562091505,0.08415841584158416,0.16666666666666666,0.0,0.007462686567164179,0.004322766570605188
hier_clust,3,85,single,True,1859,7520,0.24720744680851064,0.001379310344827586,0.0026292725679228747,1.0,0.03195352214960058,0.07425742574257425,0.08333333333333333,0.029411764705882353,0.03731343283582089,0.004322766570605188
hier_clust,10,23,centroid,True,1859,7520,0.24720744680851064,0.001379310344827586,0.0,0.9826038159371493,0.01815541031227306,0.38613861386138615,0.0,0.0,0.0,0.002161383285302594
hier_clust,4,92,single,False,1858,7520,0.24707446808510639,0.000689655172413793,0.0052585451358457495,1.0,0.03340595497458242,0.04950495049504951,0.08333333333333333,0.029411764705882353,0.014925373134328358,0.006484149855907781
hier_clust,4,85,single,True,1858,7520,0.24707446808510639,0.0020689655172413794,0.0035056967572304996,1.0,0.03558460421205519,0.04950495049504951,0.08333333333333333,0.0,0.0,0.006484149855907781
hier_clust,10,21,centroid,True,1858,7520,0.24707446808510639,0.000689655172413793,0.0,0.9826038159371493,0.01815541031227306,0.38613861386138615,0.0,0.0,0.0,0.002161383285302594
hier_clust,20,72,centroid,True,1858,7520,0.24707446808510639,0.0034482758620689655,0.007011393514460999,0.9938271604938271,0.04139433551198257,0.04950495049504951,0.08333333333333333,0.0,0.0,0.004322766570605188
hier_clust,20,85,single,False,1858,7520,0.24707446808510639,0.0020689655172413794,0.0035056967572304996,1.0,0.03558460421205519,0.06930693069306931,0.16666666666666666,0.0,0.0,0.002881844380403458
hier_clust,False,85,single,False,1858,7520,0.24707446808510639,0.0020689655172413794,0.0035056967572304996,1.0,0.03340595497458242,0.06930693069306931,0.3333333333333333,0.0,0.0,0.0036023054755043226
hier_clust,False,85,single,True,1858,7520,0.24707446808510639,0.0020689655172413794,0.0035056967572304996,1.0,0.03122730573710966,0.07920792079207921,0.25,0.0,0.007462686567164179,0.004322766570605188
hier_clust,2,72,single,False,1857,7520,0.24694148936170213,0.000689655172413793,0.0,0.9983164983164983,0.032679738562091505,0.06435643564356436,0.08333333333333333,0.029411764705882353,0.022388059701492536,0.010086455331412104
hier_clust,2,78,single,True,1857,7520,0.24694148936170213,0.0020689655172413794,0.0008764241893076249,0.9960718294051627,0.021060275962236745,0.10891089108910891,0.0,0.0,0.06716417910447761,0.012968299711815562
hier_clust,10,100,single,True,1857,7520,0.24694148936170213,0.001379310344827586,0.0026292725679228747,1.0,0.03558460421205519,0.04950495049504951,0.16666666666666666,0.0,0.007462686567164179,0.005763688760806916
hier_clust,5,100,single,False,1857,7520,0.24694148936170213,0.0034482758620689655,0.0035056967572304996,1.0,0.030501089324618737,0.054455445544554455,0.16666666666666666,0.0,0.014925373134328358,0.006484149855907781
hier_clust,10,20,centroid,True,1857,7520,0.24694148936170213,0.000689655172413793,0.0,0.9826038159371493,0.017429193899782137,0.38613861386138615,0.0,0.0,0.0,0.002161383285302594
hier_clust,20,4,complete,False,1857,7520,0.24694148936170213,0.0,0.0,0.9461279461279462,0.12418300653594772,0.0,0.0,0.0,0.0,0.0
hier_clust,3,85,single,False,1855,7520,0.2466755319148936,0.001379310344827586,0.0008764241893076249,0.9983164983164983,0.03195352214960058,0.06435643564356436,0.08333333333333333,0.058823529411764705,0.029850746268656716,0.006484149855907781
hier_clust,4,85,single,False,1855,7520,0.2466755319148936,0.000689655172413793,0.0052585451358457495,1.0,0.03122730573710966,0.04950495049504951,0.08333333333333333,0.029411764705882353,0.014925373134328358,0.006484149855907781
hier_clust,20,67,centroid,True,1854,7520,0.24654255319148935,0.0034482758620689655,0.007011393514460999,0.9938271604938271,0.03848946986201888,0.04950495049504951,0.08333333333333333,0.0,0.0,0.004322766570605188
hier_clust,20,85,single,True,1854,7520,0.24654255319148935,0.001379310344827586,0.0026292725679228747,1.0,0.03195352214960058,0.07425742574257425,0.16666666666666666,0.0,0.007462686567164179,0.0036023054755043226
hier_clust,2,67,single,False,1853,7520,0.24640957446808512,0.000689655172413793,0.0,0.9988776655443322,0.032679738562091505,0.06435643564356436,0.08333333333333333,0.029411764705882353,0.022388059701492536,0.006484149855907781
hier_clust,10,17,centroid,True,1853,7520,0.24640957446808512,0.000689655172413793,0.0,0.9826038159371493,0.014524328249818447,0.38613861386138615,0.0,0.0,0.0,0.002161383285302594
hier_clust,4,78,single,True,1853,7520,0.24640957446808512,0.0020689655172413794,0.0026292725679228747,1.0,0.03413217138707335,0.04455445544554455,0.08333333333333333,0.0,0.0,0.005763688760806916
hier_clust,10,100,single,False,1853,7520,0.24640957446808512,0.001379310344827586,0.0017528483786152498,1.0,0.03558460421205519,0.034653465346534656,0.16666666666666666,0.0,0.014925373134328358,0.005043227665706052
hier_clust,10,18,centroid,True,1853,7520,0.24640957446808512,0.000689655172413793,0.0,0.9826038159371493,0.014524328249818447,0.38613861386138615,0.0,0.0,0.0,0.002161383285302594
hier_clust,5,92,single,True,1852,7520,0.24627659574468086,0.002758620689655172,0.0008764241893076249,0.999438832772166,0.030501089324618737,0.04950495049504951,0.16666666666666666,0.0,0.007462686567164179,0.00792507204610951
hier_clust,3,78,single,True,1852,7520,0.24627659574468086,0.001379310344827586,0.0026292725679228747,1.0,0.02832244008714597,0.07425742574257425,0.08333333333333333,0.029411764705882353,0.029850746268656716,0.0036023054755043226
hier_clust,20,78,single,False,1852,7520,0.24627659574468086,0.0020689655172413794,0.0035056967572304996,1.0,0.03195352214960058,0.06435643564356436,0.16666666666666666,0.0,0.0,0.002881844380403458
hier_clust,False,78,single,False,1851,7520,0.2461436170212766,0.0020689655172413794,0.0035056967572304996,1.0,0.029048656499636893,0.06435643564356436,0.3333333333333333,0.0,0.0,0.0036023054755043226
hier_clust,False,78,single,True,1851,7520,0.2461436170212766,0.0020689655172413794,0.0026292725679228747,1.0,0.029774872912127815,0.06435643564356436,0.25,0.0,0.007462686567164179,0.0036023054755043226
hier_clust,10,92,single,True,1850,7520,0.24601063829787234,0.001379310344827586,0.0026292725679228747,1.0,0.03195352214960058,0.04455445544554455,0.16666666666666666,0.0,0.007462686567164179,0.005043227665706052
hier_clust,4,3,average,False,1850,7520,0.24601063829787234,0.0,0.0,0.9006734006734006,0.0,0.0,0.0,0.0,0.0,0.1765129682997118
hier_clust,20,61,centroid,True,1849,7520,0.24587765957446808,0.0034482758620689655,0.007011393514460999,0.9932659932659933,0.03776325344952796,0.039603960396039604,0.08333333333333333,0.0,0.0,0.0036023054755043226
hier_clust,3,72,single,True,1849,7520,0.24587765957446808,0.001379310344827586,0.0026292725679228747,1.0,0.026143790849673203,0.07425742574257425,0.08333333333333333,0.029411764705882353,0.029850746268656716,0.0036023054755043226
hier_clust,5,92,single,False,1849,7520,0.24587765957446808,0.0020689655172413794,0.0026292725679228747,1.0,0.02832244008714597,0.04950495049504951,0.08333333333333333,0.0,0.014925373134328358,0.006484149855907781
hier_clust,3,78,single,False,1849,7520,0.24587765957446808,0.001379310344827586,0.0008764241893076249,0.999438832772166,0.029048656499636893,0.0594059405940594,0.08333333333333333,0.058823529411764705,0.029850746268656716,0.004322766570605188
hier_clust,10,92,single,False,1848,7520,0.24574468085106382,0.001379310344827586,0.0008764241893076249,1.0,0.03340595497458242,0.0297029702970297,0.16666666666666666,0.0,0.014925373134328358,0.005043227665706052
hier_clust,4,78,single,False,1848,7520,0.24574468085106382,0.000689655172413793,0.0052585451358457495,1.0,0.026870007262164125,0.04950495049504951,0.08333333333333333,0.029411764705882353,0.014925373134328358,0.005763688760806916
hier_clust,20,78,single,True,1848,7520,0.24574468085106382,0.001379310344827586,0.0026292725679228747,1.0,0.029774872912127815,0.06435643564356436,0.16666666666666666,0.0,0.0,0.0036023054755043226
hier_clust,False,72,centroid,True,1848,7520,0.24574468085106382,0.001379310344827586,0.006134969325153374,0.9971941638608305,0.03340595497458242,0.034653465346534656,0.16666666666666666,0.0,0.007462686567164179,0.004322766570605188
hier_clust,4,72,single,True,1848,7520,0.24574468085106382,0.0020689655172413794,0.0026292725679228747,1.0,0.03122730573710966,0.039603960396039604,0.08333333333333333,0.0,0.0,0.005763688760806916
hier_clust,20,57,centroid,True,1847,7520,0.24561170212765956,0.0034482758620689655,0.007011393514460999,0.9927048260381593,0.037037037037037035,0.039603960396039604,0.08333333333333333,0.0,0.0,0.0036023054755043226
hier_clust,10,85,single,True,1846,7520,0.2454787234042553,0.001379310344827586,0.0017528483786152498,1.0,0.030501089324618737,0.039603960396039604,0.16666666666666666,0.0,0.007462686567164179,0.005043227665706052
hier_clust,False,72,single,False,1846,7520,0.2454787234042553,0.0020689655172413794,0.0035056967572304996,1.0,0.026870007262164125,0.054455445544554455,0.3333333333333333,0.0,0.0,0.0036023054755043226
hier_clust,False,67,centroid,True,1846,7520,0.2454787234042553,0.001379310344827586,0.0052585451358457495,0.9971941638608305,0.032679738562091505,0.034653465346534656,0.16666666666666666,0.0,0.007462686567164179,0.004322766570605188
hier_clust,20,72,single,False,1845,7520,0.24534574468085107,0.0020689655172413794,0.0035056967572304996,1.0,0.029048656499636893,0.04950495049504951,0.16666666666666666,0.0,0.0,0.002881844380403458
hier_clust,20,72,single,True,1845,7520,0.24534574468085107,0.001379310344827586,0.0026292725679228747,1.0,0.02832244008714597,0.0594059405940594,0.16666666666666666,0.0,0.0,0.0036023054755043226
hier_clust,3,72,single,False,1845,7520,0.24534574468085107,0.000689655172413793,0.0008764241893076249,0.999438832772166,0.029048656499636893,0.054455445544554455,0.08333333333333333,0.058823529411764705,0.022388059701492536,0.0036023054755043226
hier_clust,False,72,single,True,1844,7520,0.24521276595744682,0.001379310344827586,0.0026292725679228747,1.0,0.027596223674655047,0.054455445544554455,0.25,0.0,0.0,0.0036023054755043226
hier_clust,2,72,single,True,1844,7520,0.24521276595744682,0.0020689655172413794,0.0008764241893076249,0.9960718294051627,0.012345679012345678,0.10396039603960396,0.0,0.0,0.06716417910447761,0.012968299711815562
hier_clust,5,85,single,False,1844,7520,0.24521276595744682,0.000689655172413793,0.0026292725679228747,1.0,0.026870007262164125,0.04455445544554455,0.08333333333333333,0.0,0.014925373134328358,0.006484149855907781
hier_clust,5,85,single,True,1844,7520,0.24521276595744682,0.002758620689655172,0.0008764241893076249,0.999438832772166,0.026870007262164125,0.039603960396039604,0.08333333333333333,0.0,0.007462686567164179,0.00792507204610951
hier_clust,10,85,single,False,1843,7520,0.24507978723404256,0.001379310344827586,0.0008764241893076249,1.0,0.029774872912127815,0.0297029702970297,0.16666666666666666,0.0,0.014925373134328358,0.005043227665706052
hier_clust,20,67,single,False,1842,7520,0.2449468085106383,0.0020689655172413794,0.0035056967572304996,1.0,0.026870007262164125,0.04950495049504951,0.16666666666666666,0.0,0.0,0.002881844380403458
hier_clust,10,15,centroid,True,1842,7520,0.2449468085106383,0.000689655172413793,0.0,0.9842873176206509,0.004357298474945534,0.38613861386138615,0.0,0.0,0.0,0.002161383285302594
hier_clust,4,72,single,False,1842,7520,0.2449468085106383,0.0,0.0052585451358457495,1.0,0.023238925199709513,0.04950495049504951,0.08333333333333333,0.029411764705882353,0.014925373134328358,0.005763688760806916
hier_clust,False,67,single,False,1842,7520,0.2449468085106383,0.0020689655172413794,0.0035056967572304996,1.0,0.025417574437182282,0.04950495049504951,0.25,0.0,0.0,0.0036023054755043226
hier_clust,3,67,single,True,1842,7520,0.2449468085106383,0.001379310344827586,0.0026292725679228747,1.0,0.023965141612200435,0.0594059405940594,0.0,0.029411764705882353,0.029850746268656716,0.0036023054755043226
hier_clust,20,67,single,True,1841,7520,0.24481382978723404,0.001379310344827586,0.0026292725679228747,1.0,0.026143790849673203,0.054455445544554455,0.16666666666666666,0.0,0.0,0.0036023054755043226
hier_clust,10,14,centroid,True,1841,7520,0.24481382978723404,0.000689655172413793,0.0,0.9842873176206509,0.0036310820624546117,0.38613861386138615,0.0,0.0,0.0,0.002161383285302594
hier_clust,4,67,single,True,1841,7520,0.24481382978723404,0.0020689655172413794,0.0017528483786152498,1.0,0.026870007262164125,0.039603960396039604,0.08333333333333333,0.0,0.0,0.005763688760806916
hier_clust,2,67,single,True,1840,7520,0.24468085106382978,0.001379310344827586,0.0008764241893076249,0.9960718294051627,0.011619462599854757,0.10396039603960396,0.0,0.0,0.05970149253731343,0.012247838616714697
hier_clust,10,78,single,True,1840,7520,0.24468085106382978,0.001379310344827586,0.0008764241893076249,1.0,0.026870007262164125,0.039603960396039604,0.16666666666666666,0.0,0.007462686567164179,0.005043227665706052
hier_clust,False,67,single,True,1839,7520,0.24454787234042552,0.001379310344827586,0.0026292725679228747,1.0,0.025417574437182282,0.04950495049504951,0.16666666666666666,0.0,0.0,0.0036023054755043226
hier_clust,3,67,single,False,1839,7520,0.24454787234042552,0.000689655172413793,0.0008764241893076249,1.0,0.026143790849673203,0.039603960396039604,0.08333333333333333,0.058823529411764705,0.022388059701492536,0.0036023054755043226
hier_clust,4,67,single,False,1838,7520,0.2444148936170213,0.0,0.0043821209465381246,0.999438832772166,0.02251270878721859,0.04950495049504951,0.08333333333333333,0.029411764705882353,0.014925373134328358,0.005043227665706052
hier_clust,2,61,single,False,1838,7520,0.2444148936170213,0.000689655172413793,0.0,0.999438832772166,0.02178649237472767,0.06435643564356436,0.08333333333333333,0.029411764705882353,0.022388059701492536,0.005763688760806916
hier_clust,5,78,single,True,1838,7520,0.2444148936170213,0.002758620689655172,0.0008764241893076249,1.0,0.023965141612200435,0.034653465346534656,0.08333333333333333,0.0,0.007462686567164179,0.006484149855907781
hier_clust,5,78,single,False,1838,7520,0.2444148936170213,0.0,0.0026292725679228747,1.0,0.023238925199709513,0.04455445544554455,0.08333333333333333,0.0,0.014925373134328358,0.006484149855907781
hier_clust,10,78,single,False,1837,7520,0.24428191489361703,0.001379310344827586,0.0008764241893076249,1.0,0.025417574437182282,0.0297029702970297,0.16666666666666666,0.0,0.014925373134328358,0.005043227665706052
hier_clust,20,61,single,False,1836,7520,0.24414893617021277,0.0020689655172413794,0.0035056967572304996,1.0,0.023238925199709513,0.04950495049504951,0.08333333333333333,0.0,0.0,0.002881844380403458
hier_clust,False,61,single,False,1836,7520,0.24414893617021277,0.0020689655172413794,0.0026292725679228747,1.0,0.023238925199709513,0.04950495049504951,0.08333333333333333,0.0,0.0,0.0036023054755043226
hier_clust,4,61,single,True,1836,7520,0.24414893617021277,0.0020689655172413794,0.0017528483786152498,1.0,0.023965141612200435,0.039603960396039604,0.08333333333333333,0.0,0.0,0.005043227665706052
hier_clust,2,57,single,False,1836,7520,0.24414893617021277,0.000689655172413793,0.0,0.999438832772166,0.02178649237472767,0.06435643564356436,0.08333333333333333,0.029411764705882353,0.022388059701492536,0.004322766570605188
hier_clust,10,72,single,True,1835,7520,0.2440159574468085,0.001379310344827586,0.0008764241893076249,1.0,0.023965141612200435,0.034653465346534656,0.16666666666666666,0.0,0.007462686567164179,0.005043227665706052
hier_clust,20,61,single,True,1835,7520,0.2440159574468085,0.001379310344827586,0.0026292725679228747,1.0,0.023238925199709513,0.04455445544554455,0.16666666666666666,0.0,0.0,0.0036023054755043226
hier_clust,3,61,single,True,1835,7520,0.2440159574468085,0.001379310344827586,0.0026292725679228747,1.0,0.020334059549745823,0.054455445544554455,0.0,0.029411764705882353,0.029850746268656716,0.002881844380403458
hier_clust,False,61,centroid,True,1835,7520,0.2440159574468085,0.001379310344827586,0.0052585451358457495,0.9977553310886644,0.025417574437182282,0.0297029702970297,0.16666666666666666,0.0,0.007462686567164179,0.0036023054755043226
hier_clust,2,61,single,True,1834,7520,0.24388297872340425,0.001379310344827586,0.0008764241893076249,0.9983164983164983,0.00944081336238199,0.10396039603960396,0.0,0.0,0.03731343283582089,0.009365994236311239
hier_clust,5,72,single,True,1834,7520,0.24388297872340425,0.0020689655172413794,0.0008764241893076249,1.0,0.02178649237472767,0.034653465346534656,0.08333333333333333,0.0,0.007462686567164179,0.006484149855907781
hier_clust,3,61,single,False,1834,7520,0.24388297872340425,0.000689655172413793,0.0008764241893076249,1.0,0.024691358024691357,0.034653465346534656,0.08333333333333333,0.029411764705882353,0.022388059701492536,0.002881844380403458
hier_clust,20,57,single,False,1833,7520,0.24375,0.001379310344827586,0.0035056967572304996,1.0,0.02251270878721859,0.04455445544554455,0.08333333333333333,0.0,0.0,0.002881844380403458
hier_clust,2,57,single,True,1833,7520,0.24375,0.001379310344827586,0.0008764241893076249,0.9983164983164983,0.00944081336238199,0.10396039603960396,0.0,0.0,0.03731343283582089,0.008645533141210375
hier_clust,5,72,single,False,1833,7520,0.24375,0.0,0.0026292725679228747,1.0,0.021060275962236745,0.039603960396039604,0.08333333333333333,0.0,0.014925373134328358,0.005763688760806916
hier_clust,4,61,single,False,1833,7520,0.24375,0.0,0.0035056967572304996,1.0,0.02178649237472767,0.04950495049504951,0.08333333333333333,0.029411764705882353,0.014925373134328358,0.002161383285302594
hier_clust,False,57,centroid,True,1833,7520,0.24375,0.001379310344827586,0.0052585451358457495,0.9977553310886644,0.023965141612200435,0.0297029702970297,0.16666666666666666,0.0,0.007462686567164179,0.0036023054755043226
hier_clust,False,61,single,True,1833,7520,0.24375,0.001379310344827586,0.0026292725679228747,1.0,0.02251270878721859,0.04950495049504951,0.08333333333333333,0.0,0.0,0.002881844380403458
hier_clust,10,72,single,False,1833,7520,0.24375,0.001379310344827586,0.0008764241893076249,1.0,0.023238925199709513,0.024752475247524754,0.16666666666666666,0.0,0.014925373134328358,0.005043227665706052
hier_clust,20,7,weighted,True,1832,7520,0.24361702127659574,0.0,0.0035056967572304996,0.9590347923681257,0.08569353667392883,0.0,0.0,0.0,0.0,0.0007204610951008645
hier_clust,2,52,single,False,1832,7520,0.24361702127659574,0.000689655172413793,0.0,0.999438832772166,0.020334059549745823,0.06435643564356436,0.08333333333333333,0.029411764705882353,0.014925373134328358,0.0036023054755043226
hier_clust,4,57,single,True,1832,7520,0.24361702127659574,0.001379310344827586,0.0008764241893076249,1.0,0.023238925199709513,0.039603960396039604,0.08333333333333333,0.0,0.0,0.004322766570605188
hier_clust,3,57,single,True,1832,7520,0.24361702127659574,0.001379310344827586,0.0026292725679228747,1.0,0.01888162672476398,0.04950495049504951,0.0,0.029411764705882353,0.029850746268656716,0.002881844380403458
hier_clust,False,57,single,False,1832,7520,0.24361702127659574,0.0020689655172413794,0.0026292725679228747,1.0,0.020334059549745823,0.04950495049504951,0.08333333333333333,0.0,0.0,0.0036023054755043226
hier_clust,20,52,centroid,True,1832,7520,0.24361702127659574,0.002758620689655172,0.007011393514460999,0.9927048260381593,0.02832244008714597,0.034653465346534656,0.08333333333333333,0.0,0.0,0.002881844380403458
hier_clust,False,52,centroid,True,1832,7520,0.24361702127659574,0.001379310344827586,0.0052585451358457495,0.9977553310886644,0.023965141612200435,0.0297029702970297,0.16666666666666666,0.0,0.0,0.0036023054755043226
hier_clust,10,67,single,True,1832,7520,0.24361702127659574,0.001379310344827586,0.0008764241893076249,1.0,0.02178649237472767,0.034653465346534656,0.16666666666666666,0.0,0.007462686567164179,0.005043227665706052
hier_clust,20,6,weighted,True,1831,7520,0.24348404255319148,0.0,0.0035056967572304996,0.9590347923681257,0.08496732026143791,0.0,0.0,0.0,0.0,0.0007204610951008645
hier_clust,5,67,single,True,1831,7520,0.24348404255319148,0.0020689655172413794,0.0008764241893076249,1.0,0.020334059549745823,0.0297029702970297,0.08333333333333333,0.0,0.007462686567164179,0.006484149855907781
hier_clust,10,67,single,False,1831,7520,0.24348404255319148,0.001379310344827586,0.0,1.0,0.02251270878721859,0.024752475247524754,0.16666666666666666,0.0,0.014925373134328358,0.005043227665706052
hier_clust,20,57,single,True,1831,7520,0.24348404255319148,0.001379310344827586,0.0026292725679228747,1.0,0.02178649237472767,0.04455445544554455,0.08333333333333333,0.0,0.0,0.002881844380403458
hier_clust,False,48,centroid,True,1830,7520,0.24335106382978725,0.001379310344827586,0.0043821209465381246,0.9977553310886644,0.023238925199709513,0.0297029702970297,0.16666666666666666,0.0,0.0,0.0036023054755043226
hier_clust,3,52,single,True,1830,7520,0.24335106382978725,0.001379310344827586,0.0026292725679228747,1.0,0.01815541031227306,0.04455445544554455,0.0,0.029411764705882353,0.029850746268656716,0.002881844380403458
hier_clust,2,52,single,True,1830,7520,0.24335106382978725,0.001379310344827586,0.0,0.9988776655443322,0.00944081336238199,0.09900990099009901,0.0,0.0,0.03731343283582089,0.007204610951008645
hier_clust,False,45,centroid,False,1830,7520,0.24335106382978725,0.0020689655172413794,0.0052585451358457495,0.9955106621773289,0.023965141612200435,0.04950495049504951,0.0,0.0,0.007462686567164179,0.002161383285302594
hier_clust,False,41,centroid,False,1829,7520,0.243218085106383,0.0020689655172413794,0.0052585451358457495,0.9955106621773289,0.023965141612200435,0.04455445544554455,0.0,0.0,0.007462686567164179,0.002161383285302594
hier_clust,3,57,single,False,1829,7520,0.243218085106383,0.000689655172413793,0.0008764241893076249,1.0,0.021060275962236745,0.034653465346534656,0.08333333333333333,0.029411764705882353,0.022388059701492536,0.002881844380403458
hier_clust,2,48,single,True,1829,7520,0.243218085106383,0.001379310344827586,0.0,0.9988776655443322,0.00944081336238199,0.09900990099009901,0.0,0.0,0.03731343283582089,0.006484149855907781
hier_clust,20,52,single,False,1829,7520,0.243218085106383,0.001379310344827586,0.0035056967572304996,1.0,0.02178649237472767,0.0297029702970297,0.08333333333333333,0.0,0.0,0.002881844380403458
hier_clust,False,57,single,True,1829,7520,0.243218085106383,0.001379310344827586,0.0026292725679228747,1.0,0.020334059549745823,0.04455445544554455,0.08333333333333333,0.0,0.0,0.002881844380403458
hier_clust,5,61,single,True,1828,7520,0.24308510638297873,0.0020689655172413794,0.0008764241893076249,1.0,0.01888162672476398,0.0297029702970297,0.08333333333333333,0.0,0.007462686567164179,0.005763688760806916
hier_clust,False,52,single,False,1828,7520,0.24308510638297873,0.001379310344827586,0.0026292725679228747,1.0,0.0196078431372549,0.039603960396039604,0.08333333333333333,0.0,0.0,0.0036023054755043226
hier_clust,10,61,single,True,1828,7520,0.24308510638297873,0.001379310344827586,0.0008764241893076249,1.0,0.0196078431372549,0.034653465346534656,0.08333333333333333,0.0,0.007462686567164179,0.005043227665706052
hier_clust,False,38,centroid,False,1827,7520,0.24295212765957447,0.001379310344827586,0.006134969325153374,0.9955106621773289,0.02251270878721859,0.04455445544554455,0.0,0.0,0.007462686567164179,0.002161383285302594
hier_clust,4,52,single,True,1827,7520,0.24295212765957447,0.001379310344827586,0.0,1.0,0.021060275962236745,0.039603960396039604,0.0,0.0,0.0,0.004322766570605188
hier_clust,5,67,single,False,1827,7520,0.24295212765957447,0.0,0.0026292725679228747,1.0,0.01888162672476398,0.039603960396039604,0.08333333333333333,0.0,0.014925373134328358,0.0036023054755043226
hier_clust,False,9,weighted,True,1827,7520,0.24295212765957447,0.0,0.0035056967572304996,0.8877665544332211,0.17356572258533043,0.0,0.0,0.0,0.0,0.001440922190201729
hier_clust,4,57,single,False,1827,7520,0.24295212765957447,0.0,0.0035056967572304996,1.0,0.01888162672476398,0.039603960396039604,0.08333333333333333,0.029411764705882353,0.014925373134328358,0.002161383285302594
hier_clust,3,52,single,False,1826,7520,0.2428191489361702,0.0,0.0008764241893076249,1.0,0.020334059549745823,0.034653465346534656,0.08333333333333333,0.0,0.022388059701492536,0.002881844380403458
hier_clust,False,45,centroid,True,1826,7520,0.2428191489361702,0.001379310344827586,0.0043821209465381246,0.9955106621773289,0.024691358024691357,0.0297029702970297,0.16666666666666666,0.0,0.0,0.002161383285302594
hier_clust,False,8,weighted,True,1826,7520,0.2428191489361702,0.0,0.0035056967572304996,0.8877665544332211,0.17356572258533043,0.0,0.0,0.0,0.0,0.0007204610951008645
hier_clust,20,48,single,False,1826,7520,0.2428191489361702,0.001379310344827586,0.0026292725679228747,1.0,0.020334059549745823,0.0297029702970297,0.08333333333333333,0.0,0.0,0.002881844380403458
hier_clust,False,35,centroid,False,1826,7520,0.2428191489361702,0.001379310344827586,0.006134969325153374,0.9949494949494949,0.02251270878721859,0.04455445544554455,0.0,0.0,0.007462686567164179,0.002161383285302594
hier_clust,20,52,single,True,1826,7520,0.2428191489361702,0.001379310344827586,0.0026292725679228747,1.0,0.021060275962236745,0.024752475247524754,0.08333333333333333,0.0,0.0,0.002881844380403458
hier_clust,10,57,single,True,1826,7520,0.2428191489361702,0.001379310344827586,0.0008764241893076249,1.0,0.0196078431372549,0.0297029702970297,0.08333333333333333,0.0,0.007462686567164179,0.004322766570605188
hier_clust,3,48,single,True,1826,7520,0.2428191489361702,0.001379310344827586,0.0026292725679228747,1.0,0.017429193899782137,0.034653465346534656,0.0,0.029411764705882353,0.022388059701492536,0.002881844380403458
hier_clust,10,61,single,False,1826,7520,0.2428191489361702,0.001379310344827586,0.0,1.0,0.01888162672476398,0.024752475247524754,0.16666666666666666,0.0,0.014925373134328358,0.005043227665706052
hier_clust,False,48,single,False,1825,7520,0.24268617021276595,0.001379310344827586,0.0026292725679228747,1.0,0.01888162672476398,0.034653465346534656,0.08333333333333333,0.0,0.0,0.002881844380403458
hier_clust,20,52,centroid,False,1825,7520,0.24268617021276595,0.002758620689655172,0.0035056967572304996,0.9988776655443322,0.01888162672476398,0.0297029702970297,0.08333333333333333,0.0,0.007462686567164179,0.002161383285302594
hier_clust,False,7,weighted,True,1825,7520,0.24268617021276595,0.0,0.0035056967572304996,0.8877665544332211,0.1728395061728395,0.0,0.0,0.0,0.0,0.0007204610951008645
hier_clust,20,45,centroid,False,1825,7520,0.24268617021276595,0.002758620689655172,0.0035056967572304996,0.9988776655443322,0.01888162672476398,0.0297029702970297,0.08333333333333333,0.0,0.007462686567164179,0.002161383285302594
hier_clust,20,48,centroid,False,1825,7520,0.24268617021276595,0.002758620689655172,0.0035056967572304996,0.9988776655443322,0.01888162672476398,0.0297029702970297,0.08333333333333333,0.0,0.007462686567164179,0.002161383285302594
hier_clust,2,45,single,True,1825,7520,0.24268617021276595,0.001379310344827586,0.0,0.9988776655443322,0.008714596949891068,0.09900990099009901,0.0,0.0,0.029850746268656716,0.005043227665706052
hier_clust,False,52,single,True,1825,7520,0.24268617021276595,0.001379310344827586,0.0026292725679228747,1.0,0.017429193899782137,0.04455445544554455,0.08333333333333333,0.0,0.0,0.002881844380403458
hier_clust,20,20,median,False,1824,7520,0.2425531914893617,0.000689655172413793,0.0,0.9960718294051627,0.013071895424836602,0.12871287128712872,0.08333333333333333,0.0,0.0,0.002161383285302594
hier_clust,5,57,single,True,1824,7520,0.2425531914893617,0.001379310344827586,0.0008764241893076249,1.0,0.01670297748729121,0.0297029702970297,0.08333333333333333,0.0,0.007462686567164179,0.005763688760806916
hier_clust,20,21,median,False,1824,7520,0.2425531914893617,0.000689655172413793,0.0,0.9960718294051627,0.013071895424836602,0.12871287128712872,0.08333333333333333,0.0,0.0,0.002161383285302594
hier_clust,20,41,centroid,False,1824,7520,0.2425531914893617,0.0020689655172413794,0.0035056967572304996,0.999438832772166,0.01815541031227306,0.0297029702970297,0.08333333333333333,0.0,0.007462686567164179,0.002161383285302594
hier_clust,20,18,median,False,1824,7520,0.2425531914893617,0.000689655172413793,0.0,0.9960718294051627,0.013071895424836602,0.12871287128712872,0.08333333333333333,0.0,0.0,0.002161383285302594
hier_clust,5,61,single,False,1824,7520,0.2425531914893617,0.0,0.0026292725679228747,1.0,0.017429193899782137,0.039603960396039604,0.08333333333333333,0.0,0.014925373134328358,0.002881844380403458
hier_clust,3,48,single,False,1824,7520,0.2425531914893617,0.0,0.0008764241893076249,1.0,0.0196078431372549,0.034653465346534656,0.08333333333333333,0.0,0.022388059701492536,0.002161383285302594
hier_clust,3,45,single,True,1824,7520,0.2425531914893617,0.000689655172413793,0.0026292725679228747,1.0,0.01815541031227306,0.034653465346534656,0.0,0.0,0.022388059701492536,0.002161383285302594
hier_clust,10,52,single,True,1823,7520,0.24242021276595746,0.001379310344827586,0.0008764241893076249,1.0,0.01815541031227306,0.024752475247524754,0.08333333333333333,0.0,0.007462686567164179,0.004322766570605188
hier_clust,2,48,single,False,1823,7520,0.24242021276595746,0.000689655172413793,0.0,0.999438832772166,0.013798111837327523,0.06435643564356436,0.08333333333333333,0.029411764705882353,0.014925373134328358,0.0036023054755043226
hier_clust,10,17,centroid,False,1823,7520,0.24242021276595746,0.000689655172413793,0.0,0.9399551066217733,0.0915032679738562,0.09900990099009901,0.0,0.0,0.0,0.0007204610951008645
hier_clust,4,52,single,False,1823,7520,0.24242021276595746,0.0,0.0035056967572304996,1.0,0.01597676107480029,0.039603960396039604,0.08333333333333333,0.029411764705882353,0.014925373134328358,0.002161383285302594
hier_clust,20,17,median,False,1823,7520,0.24242021276595746,0.000689655172413793,0.0,0.9960718294051627,0.013071895424836602,0.12871287128712872,0.0,0.0,0.0,0.002161383285302594
hier_clust,False,45,single,False,1822,7520,0.2422872340425532,0.001379310344827586,0.0026292725679228747,1.0,0.01670297748729121,0.034653465346534656,0.08333333333333333,0.0,0.0,0.002881844380403458
hier_clust,5,57,single,False,1822,7520,0.2422872340425532,0.0,0.0017528483786152498,1.0,0.01670297748729121,0.039603960396039604,0.08333333333333333,0.0,0.014925373134328358,0.002881844380403458
hier_clust,2,41,single,True,1822,7520,0.2422872340425532,0.001379310344827586,0.0,0.9988776655443322,0.007988380537400145,0.09900990099009901,0.0,0.0,0.029850746268656716,0.0036023054755043226
hier_clust,10,57,single,False,1822,7520,0.2422872340425532,0.001379310344827586,0.0,1.0,0.01670297748729121,0.019801980198019802,0.16666666666666666,0.0,0.014925373134328358,0.005043227665706052
hier_clust,20,45,single,False,1822,7520,0.2422872340425532,0.001379310344827586,0.0026292725679228747,1.0,0.017429193899782137,0.0297029702970297,0.08333333333333333,0.0,0.0,0.002881844380403458
hier_clust,20,15,median,False,1821,7520,0.24215425531914894,0.0,0.0,0.9955106621773289,0.013071895424836602,0.12871287128712872,0.0,0.0,0.0,0.002161383285302594
hier_clust,2,38,single,True,1821,7520,0.24215425531914894,0.001379310344827586,0.0,0.9988776655443322,0.007988380537400145,0.09900990099009901,0.0,0.0,0.029850746268656716,0.002881844380403458
hier_clust,10,15,centroid,False,1821,7520,0.24215425531914894,0.000689655172413793,0.0,0.941638608305275,0.0878721859114016,0.09900990099009901,0.0,0.0,0.0,0.0007204610951008645
hier_clust,False,41,centroid,True,1821,7520,0.24215425531914894,0.0,0.0043821209465381246,0.9988776655443322,0.01815541031227306,0.0297029702970297,0.16666666666666666,0.0,0.0,0.002161383285302594
hier_clust,False,48,single,True,1821,7520,0.24215425531914894,0.001379310344827586,0.0026292725679228747,1.0,0.01597676107480029,0.034653465346534656,0.08333333333333333,0.0,0.0,0.002881844380403458
hier_clust,5,52,single,True,1821,7520,0.24215425531914894,0.001379310344827586,0.0008764241893076249,1.0,0.014524328249818447,0.0297029702970297,0.08333333333333333,0.0,0.007462686567164179,0.005763688760806916
hier_clust,20,14,median,False,1820,7520,0.24202127659574468,0.0,0.0,0.9955106621773289,0.012345679012345678,0.12871287128712872,0.0,0.0,0.0,0.002161383285302594
hier_clust,10,48,single,True,1820,7520,0.24202127659574468,0.001379310344827586,0.0008764241893076249,1.0,0.017429193899782137,0.019801980198019802,0.08333333333333333,0.0,0.0,0.004322766570605188
hier_clust,20,12,median,False,1820,7520,0.24202127659574468,0.0,0.0,0.9955106621773289,0.012345679012345678,0.12871287128712872,0.0,0.0,0.0,0.002161383285302594
hier_clust,10,14,centroid,False,1820,7520,0.24202127659574468,0.0,0.0,0.941638608305275,0.0878721859114016,0.09900990099009901,0.0,0.0,0.0,0.0007204610951008645
hier_clust,3,41,single,True,1820,7520,0.24202127659574468,0.000689655172413793,0.0026292725679228747,1.0,0.01597676107480029,0.034653465346534656,0.0,0.0,0.022388059701492536,0.001440922190201729
hier_clust,5,52,single,False,1820,7520,0.24202127659574468,0.0,0.0017528483786152498,1.0,0.015250544662309368,0.039603960396039604,0.08333333333333333,0.0,0.014925373134328358,0.002881844380403458
hier_clust,4,48,single,True,1820,7520,0.24202127659574468,0.001379310344827586,0.0,1.0,0.01597676107480029,0.039603960396039604,0.0,0.0,0.0,0.004322766570605188
hier_clust,2,35,single,True,1820,7520,0.24202127659574468,0.001379310344827586,0.0,0.9983164983164983,0.007988380537400145,0.09900990099009901,0.0,0.0,0.029850746268656716,0.002881844380403458
hier_clust,20,48,single,True,1820,7520,0.24202127659574468,0.001379310344827586,0.0026292725679228747,1.0,0.017429193899782137,0.024752475247524754,0.08333333333333333,0.0,0.0,0.002161383285302594
hier_clust,20,13,median,False,1820,7520,0.24202127659574468,0.0,0.0,0.9955106621773289,0.012345679012345678,0.12871287128712872,0.0,0.0,0.0,0.002161383285302594
hier_clust,10,8,centroid,False,1819,7520,0.24188829787234042,0.0,0.0,0.941638608305275,0.08714596949891068,0.09900990099009901,0.0,0.0,0.0,0.0007204610951008645
hier_clust,10,12,centroid,False,1819,7520,0.24188829787234042,0.0,0.0,0.941638608305275,0.08714596949891068,0.09900990099009901,0.0,0.0,0.0,0.0007204610951008645
hier_clust,10,11,centroid,False,1819,7520,0.24188829787234042,0.0,0.0,0.941638608305275,0.08714596949891068,0.09900990099009901,0.0,0.0,0.0,0.0007204610951008645
hier_clust,10,10,centroid,False,1819,7520,0.24188829787234042,0.0,0.0,0.941638608305275,0.08714596949891068,0.09900990099009901,0.0,0.0,0.0,0.0007204610951008645
hier_clust,10,9,centroid,False,1819,7520,0.24188829787234042,0.0,0.0,0.941638608305275,0.08714596949891068,0.09900990099009901,0.0,0.0,0.0,0.0007204610951008645
hier_clust,10,13,centroid,False,1819,7520,0.24188829787234042,0.0,0.0,0.941638608305275,0.08714596949891068,0.09900990099009901,0.0,0.0,0.0,0.0007204610951008645
hier_clust,10,7,centroid,False,1819,7520,0.24188829787234042,0.0,0.0,0.941638608305275,0.08714596949891068,0.09900990099009901,0.0,0.0,0.0,0.0007204610951008645
hier_clust,False,41,single,False,1819,7520,0.24188829787234042,0.001379310344827586,0.0026292725679228747,1.0,0.015250544662309368,0.0297029702970297,0.08333333333333333,0.0,0.0,0.002881844380403458
hier_clust,4,48,single,False,1819,7520,0.24188829787234042,0.0,0.0035056967572304996,1.0,0.013798111837327523,0.039603960396039604,0.0,0.029411764705882353,0.014925373134328358,0.002161383285302594
hier_clust,10,52,single,False,1819,7520,0.24188829787234042,0.001379310344827586,0.0,1.0,0.01597676107480029,0.01485148514851485,0.16666666666666666,0.0,0.007462686567164179,0.005043227665706052
hier_clust,20,48,centroid,True,1819,7520,0.24188829787234042,0.002758620689655172,0.0043821209465381246,0.9988776655443322,0.013071895424836602,0.034653465346534656,0.08333333333333333,0.0,0.0,0.002881844380403458
hier_clust,3,45,single,False,1818,7520,0.24175531914893617,0.0,0.0008764241893076249,1.0,0.01670297748729121,0.034653465346534656,0.08333333333333333,0.0,0.022388059701492536,0.0007204610951008645
hier_clust,False,45,single,True,1818,7520,0.24175531914893617,0.001379310344827586,0.0026292725679228747,1.0,0.015250544662309368,0.024752475247524754,0.08333333333333333,0.0,0.0,0.002881844380403458
hier_clust,3,38,single,True,1818,7520,0.24175531914893617,0.000689655172413793,0.0017528483786152498,1.0,0.015250544662309368,0.034653465346534656,0.0,0.0,0.022388059701492536,0.001440922190201729
hier_clust,5,48,single,True,1818,7520,0.24175531914893617,0.001379310344827586,0.0008764241893076249,1.0,0.012345679012345678,0.0297029702970297,0.08333333333333333,0.0,0.007462686567164179,0.005763688760806916
hier_clust,2,32,single,True,1818,7520,0.24175531914893617,0.001379310344827586,0.0,0.9983164983164983,0.006535947712418301,0.09900990099009901,0.0,0.0,0.029850746268656716,0.002881844380403458
hier_clust,4,45,single,False,1818,7520,0.24175531914893617,0.0,0.0035056967572304996,1.0,0.013071895424836602,0.039603960396039604,0.0,0.029411764705882353,0.014925373134328358,0.002161383285302594
hier_clust,20,41,single,False,1817,7520,0.2416223404255319,0.001379310344827586,0.0026292725679228747,1.0,0.014524328249818447,0.0297029702970297,0.08333333333333333,0.0,0.0,0.002161383285302594
hier_clust,20,45,centroid,True,1817,7520,0.2416223404255319,0.002758620689655172,0.0043821209465381246,0.9988776655443322,0.012345679012345678,0.034653465346534656,0.08333333333333333,0.0,0.0,0.002161383285302594
hier_clust,2,30,single,True,1817,7520,0.2416223404255319,0.001379310344827586,0.0,0.9983164983164983,0.006535947712418301,0.09900990099009901,0.0,0.0,0.022388059701492536,0.002881844380403458
hier_clust,20,38,centroid,False,1817,7520,0.2416223404255319,0.001379310344827586,0.0035056967572304996,0.999438832772166,0.013798111837327523,0.0297029702970297,0.08333333333333333,0.0,0.007462686567164179,0.002161383285302594
hier_clust,4,45,single,True,1817,7520,0.2416223404255319,0.001379310344827586,0.0,1.0,0.013798111837327523,0.039603960396039604,0.0,0.0,0.0,0.004322766570605188
hier_clust,5,48,single,False,1817,7520,0.2416223404255319,0.0,0.0017528483786152498,1.0,0.014524328249818447,0.0297029702970297,0.08333333333333333,0.0,0.014925373134328358,0.002881844380403458
hier_clust,20,45,single,True,1817,7520,0.2416223404255319,0.001379310344827586,0.0026292725679228747,1.0,0.01597676107480029,0.019801980198019802,0.08333333333333333,0.0,0.0,0.002161383285302594
hier_clust,10,45,single,True,1816,7520,0.24148936170212765,0.001379310344827586,0.0008764241893076249,1.0,0.015250544662309368,0.019801980198019802,0.0,0.0,0.0,0.004322766570605188
hier_clust,2,45,single,False,1816,7520,0.24148936170212765,0.000689655172413793,0.0,0.999438832772166,0.00944081336238199,0.06435643564356436,0.08333333333333333,0.029411764705882353,0.007462686567164179,0.0036023054755043226
hier_clust,False,38,centroid,True,1816,7520,0.24148936170212765,0.0,0.0043821209465381246,0.9988776655443322,0.014524328249818447,0.0297029702970297,0.16666666666666666,0.0,0.0,0.002161383285302594
hier_clust,3,41,single,False,1816,7520,0.24148936170212765,0.0,0.0008764241893076249,1.0,0.015250544662309368,0.034653465346534656,0.08333333333333333,0.0,0.022388059701492536,0.0007204610951008645
hier_clust,False,38,single,False,1816,7520,0.24148936170212765,0.001379310344827586,0.0017528483786152498,1.0,0.014524328249818447,0.024752475247524754,0.08333333333333333,0.0,0.0,0.002881844380403458
hier_clust,10,48,single,False,1816,7520,0.24148936170212765,0.001379310344827586,0.0,1.0,0.015250544662309368,0.009900990099009901,0.16666666666666666,0.0,0.007462686567164179,0.004322766570605188
hier_clust,False,32,centroid,False,1815,7520,0.24135638297872342,0.001379310344827586,0.0052585451358457495,0.9977553310886644,0.011619462599854757,0.04455445544554455,0.0,0.0,0.007462686567164179,0.002161383285302594
hier_clust,False,41,single,True,1815,7520,0.24135638297872342,0.000689655172413793,0.0026292725679228747,1.0,0.013798111837327523,0.024752475247524754,0.08333333333333333,0.0,0.0,0.002881844380403458
hier_clust,False,35,centroid,True,1815,7520,0.24135638297872342,0.0,0.0035056967572304996,0.9988776655443322,0.014524328249818447,0.0297029702970297,0.16666666666666666,0.0,0.0,0.002161383285302594
hier_clust,False,32,centroid,True,1815,7520,0.24135638297872342,0.0,0.0035056967572304996,0.9988776655443322,0.014524328249818447,0.0297029702970297,0.16666666666666666,0.0,0.0,0.002161383285302594
hier_clust,5,45,single,True,1815,7520,0.24135638297872342,0.001379310344827586,0.0008764241893076249,1.0,0.011619462599854757,0.024752475247524754,0.08333333333333333,0.0,0.007462686567164179,0.005043227665706052
hier_clust,20,41,centroid,True,1815,7520,0.24135638297872342,0.001379310344827586,0.0043821209465381246,0.9988776655443322,0.012345679012345678,0.034653465346534656,0.08333333333333333,0.0,0.0,0.002161383285302594
hier_clust,3,38,single,False,1815,7520,0.24135638297872342,0.0,0.0008764241893076249,1.0,0.015250544662309368,0.0297029702970297,0.08333333333333333,0.0,0.022388059701492536,0.0007204610951008645
hier_clust,3,35,single,True,1815,7520,0.24135638297872342,0.000689655172413793,0.0017528483786152498,1.0,0.013071895424836602,0.034653465346534656,0.0,0.0,0.022388059701492536,0.001440922190201729
hier_clust,False,35,median,True,1814,7520,0.24122340425531916,0.001379310344827586,0.007011393514460999,0.9977553310886644,0.013071895424836602,0.024752475247524754,0.0,0.0,0.0,0.002161383285302594
hier_clust,20,38,centroid,True,1814,7520,0.24122340425531916,0.001379310344827586,0.0035056967572304996,0.9988776655443322,0.012345679012345678,0.034653465346534656,0.08333333333333333,0.0,0.0,0.002161383285302594
hier_clust,False,30,median,True,1814,7520,0.24122340425531916,0.001379310344827586,0.007011393514460999,0.9977553310886644,0.013071895424836602,0.024752475247524754,0.0,0.0,0.0,0.002161383285302594
hier_clust,False,32,median,True,1814,7520,0.24122340425531916,0.001379310344827586,0.007011393514460999,0.9977553310886644,0.013071895424836602,0.024752475247524754,0.0,0.0,0.0,0.002161383285302594
hier_clust,4,41,single,False,1814,7520,0.24122340425531916,0.0,0.0035056967572304996,1.0,0.011619462599854757,0.034653465346534656,0.0,0.029411764705882353,0.007462686567164179,0.002161383285302594
hier_clust,3,32,single,True,1814,7520,0.24122340425531916,0.000689655172413793,0.0017528483786152498,1.0,0.012345679012345678,0.034653465346534656,0.0,0.0,0.022388059701492536,0.001440922190201729
hier_clust,4,41,single,True,1814,7520,0.24122340425531916,0.000689655172413793,0.0,1.0,0.013798111837327523,0.034653465346534656,0.0,0.0,0.0,0.0036023054755043226
hier_clust,20,38,single,False,1814,7520,0.24122340425531916,0.001379310344827586,0.0026292725679228747,1.0,0.013071895424836602,0.024752475247524754,0.08333333333333333,0.0,0.0,0.002161383285302594
hier_clust,20,41,single,True,1814,7520,0.24122340425531916,0.001379310344827586,0.0026292725679228747,1.0,0.013798111837327523,0.019801980198019802,0.08333333333333333,0.0,0.0,0.002161383285302594
hier_clust,10,45,single,False,1813,7520,0.2410904255319149,0.001379310344827586,0.0,1.0,0.013071895424836602,0.009900990099009901,0.16666666666666666,0.0,0.007462686567164179,0.004322766570605188
hier_clust,5,41,single,True,1813,7520,0.2410904255319149,0.001379310344827586,0.0008764241893076249,1.0,0.010893246187363835,0.024752475247524754,0.08333333333333333,0.0,0.007462686567164179,0.004322766570605188
hier_clust,False,35,single,False,1813,7520,0.2410904255319149,0.001379310344827586,0.0017528483786152498,1.0,0.012345679012345678,0.024752475247524754,0.08333333333333333,0.0,0.0,0.002881844380403458
hier_clust,2,2,centroid,False,1813,7520,0.2410904255319149,0.0,0.0,0.9343434343434344,0.1074800290486565,0.0,0.0,0.0,0.0,0.0
hier_clust,20,35,centroid,True,1813,7520,0.2410904255319149,0.000689655172413793,0.0035056967572304996,0.999438832772166,0.011619462599854757,0.034653465346534656,0.08333333333333333,0.0,0.0,0.002161383285302594
hier_clust,False,30,centroid,True,1813,7520,0.2410904255319149,0.0,0.0035056967572304996,0.9983164983164983,0.013798111837327523,0.0297029702970297,0.16666666666666666,0.0,0.0,0.002161383285302594
hier_clust,3,30,single,True,1813,7520,0.2410904255319149,0.000689655172413793,0.0017528483786152498,1.0,0.011619462599854757,0.034653465346534656,0.0,0.0,0.022388059701492536,0.001440922190201729
hier_clust,20,35,centroid,False,1813,7520,0.2410904255319149,0.000689655172413793,0.0026292725679228747,0.9988776655443322,0.014524328249818447,0.024752475247524754,0.0,0.0,0.007462686567164179,0.002161383285302594
hier_clust,10,41,single,True,1812,7520,0.24095744680851064,0.001379310344827586,0.0008764241893076249,1.0,0.013071895424836602,0.01485148514851485,0.0,0.0,0.0,0.004322766570605188
hier_clust,False,27,median,True,1812,7520,0.24095744680851064,0.001379310344827586,0.0052585451358457495,0.9977553310886644,0.013798111837327523,0.024752475247524754,0.0,0.0,0.0,0.001440922190201729
hier_clust,4,38,single,True,1812,7520,0.24095744680851064,0.000689655172413793,0.0,1.0,0.013071895424836602,0.034653465346534656,0.0,0.0,0.0,0.002881844380403458
hier_clust,3,35,single,False,1812,7520,0.24095744680851064,0.0,0.0008764241893076249,1.0,0.014524328249818447,0.024752475247524754,0.0,0.0,0.022388059701492536,0.0007204610951008645
hier_clust,2,41,single,False,1812,7520,0.24095744680851064,0.000689655172413793,0.0,0.999438832772166,0.007262164124909223,0.06435643564356436,0.08333333333333333,0.029411764705882353,0.007462686567164179,0.002881844380403458
hier_clust,5,45,single,False,1812,7520,0.24095744680851064,0.0,0.0017528483786152498,1.0,0.012345679012345678,0.024752475247524754,0.08333333333333333,0.0,0.014925373134328358,0.002161383285302594
hier_clust,False,38,single,True,1812,7520,0.24095744680851064,0.000689655172413793,0.0026292725679228747,1.0,0.012345679012345678,0.024752475247524754,0.0,0.0,0.0,0.002881844380403458
hier_clust,5,38,single,True,1812,7520,0.24095744680851064,0.001379310344827586,0.0008764241893076249,1.0,0.010167029774872912,0.024752475247524754,0.08333333333333333,0.0,0.007462686567164179,0.004322766570605188
hier_clust,20,35,single,False,1812,7520,0.24095744680851064,0.001379310344827586,0.0026292725679228747,1.0,0.012345679012345678,0.019801980198019802,0.08333333333333333,0.0,0.0,0.002161383285302594
hier_clust,20,38,single,True,1811,7520,0.24082446808510638,0.001379310344827586,0.0026292725679228747,1.0,0.012345679012345678,0.019801980198019802,0.0,0.0,0.0,0.002161383285302594
hier_clust,3,27,single,True,1811,7520,0.24082446808510638,0.000689655172413793,0.0017528483786152498,1.0,0.011619462599854757,0.024752475247524754,0.0,0.0,0.022388059701492536,0.001440922190201729
hier_clust,4,38,single,False,1811,7520,0.24082446808510638,0.0,0.0026292725679228747,1.0,0.010893246187363835,0.034653465346534656,0.0,0.0,0.007462686567164179,0.002161383285302594
hier_clust,20,32,centroid,False,1811,7520,0.24082446808510638,0.000689655172413793,0.0,0.999438832772166,0.014524328249818447,0.024752475247524754,0.0,0.0,0.007462686567164179,0.002161383285302594
hier_clust,False,25,median,True,1810,7520,0.24069148936170212,0.001379310344827586,0.0052585451358457495,0.9977553310886644,0.012345679012345678,0.024752475247524754,0.0,0.0,0.0,0.001440922190201729
hier_clust,20,30,centroid,False,1810,7520,0.24069148936170212,0.000689655172413793,0.0,0.9988776655443322,0.014524328249818447,0.024752475247524754,0.0,0.0,0.007462686567164179,0.002161383285302594
hier_clust,3,32,single,False,1810,7520,0.24069148936170212,0.0,0.0008764241893076249,1.0,0.013798111837327523,0.019801980198019802,0.0,0.0,0.022388059701492536,0.0007204610951008645
hier_clust,5,35,single,True,1810,7520,0.24069148936170212,0.000689655172413793,0.0008764241893076249,1.0,0.010167029774872912,0.024752475247524754,0.08333333333333333,0.0,0.007462686567164179,0.0036023054755043226
hier_clust,2,38,single,False,1810,7520,0.24069148936170212,0.000689655172413793,0.0,0.999438832772166,0.007262164124909223,0.06435643564356436,0.08333333333333333,0.029411764705882353,0.0,0.002161383285302594
hier_clust,False,32,single,False,1810,7520,0.24069148936170212,0.001379310344827586,0.0017528483786152498,1.0,0.010893246187363835,0.019801980198019802,0.08333333333333333,0.0,0.0,0.002881844380403458
hier_clust,10,38,single,True,1810,7520,0.24069148936170212,0.001379310344827586,0.0,1.0,0.012345679012345678,0.01485148514851485,0.0,0.0,0.0,0.004322766570605188
hier_clust,10,41,single,False,1810,7520,0.24069148936170212,0.001379310344827586,0.0,1.0,0.010893246187363835,0.009900990099009901,0.16666666666666666,0.0,0.007462686567164179,0.004322766570605188
hier_clust,20,35,single,True,1809,7520,0.24055851063829786,0.000689655172413793,0.0026292725679228747,1.0,0.011619462599854757,0.019801980198019802,0.0,0.0,0.0,0.002161383285302594
hier_clust,3,25,single,True,1809,7520,0.24055851063829786,0.000689655172413793,0.0017528483786152498,1.0,0.010893246187363835,0.024752475247524754,0.0,0.0,0.014925373134328358,0.001440922190201729
hier_clust,4,30,single,False,1809,7520,0.24055851063829786,0.0,0.0026292725679228747,1.0,0.010167029774872912,0.034653465346534656,0.0,0.0,0.007462686567164179,0.001440922190201729
hier_clust,4,32,single,False,1809,7520,0.24055851063829786,0.0,0.0026292725679228747,1.0,0.010167029774872912,0.034653465346534656,0.0,0.0,0.007462686567164179,0.001440922190201729
hier_clust,4,35,single,False,1809,7520,0.24055851063829786,0.0,0.0026292725679228747,1.0,0.010167029774872912,0.034653465346534656,0.0,0.0,0.007462686567164179,0.001440922190201729
hier_clust,20,32,single,False,1809,7520,0.24055851063829786,0.001379310344827586,0.0017528483786152498,1.0,0.010893246187363835,0.019801980198019802,0.08333333333333333,0.0,0.0,0.002161383285302594
hier_clust,20,32,centroid,True,1809,7520,0.24055851063829786,0.000689655172413793,0.0008764241893076249,1.0,0.010167029774872912,0.034653465346534656,0.08333333333333333,0.0,0.0,0.002161383285302594
hier_clust,False,35,single,True,1809,7520,0.24055851063829786,0.000689655172413793,0.0026292725679228747,1.0,0.011619462599854757,0.019801980198019802,0.0,0.0,0.0,0.002161383285302594
hier_clust,False,30,centroid,False,1809,7520,0.24055851063829786,0.001379310344827586,0.0043821209465381246,0.9977553310886644,0.007988380537400145,0.04950495049504951,0.0,0.0,0.007462686567164179,0.001440922190201729
hier_clust,20,30,centroid,True,1809,7520,0.24055851063829786,0.000689655172413793,0.0008764241893076249,1.0,0.010167029774872912,0.034653465346534656,0.08333333333333333,0.0,0.0,0.002161383285302594
hier_clust,4,35,single,True,1809,7520,0.24055851063829786,0.0,0.0,1.0,0.012345679012345678,0.0297029702970297,0.0,0.0,0.0,0.002881844380403458
hier_clust,20,27,centroid,False,1809,7520,0.24055851063829786,0.000689655172413793,0.0,0.9988776655443322,0.014524328249818447,0.019801980198019802,0.0,0.0,0.007462686567164179,0.002161383285302594
hier_clust,3,30,single,False,1808,7520,0.2404255319148936,0.0,0.0008764241893076249,1.0,0.012345679012345678,0.019801980198019802,0.0,0.0,0.022388059701492536,0.0007204610951008645
hier_clust,2,32,single,False,1808,7520,0.2404255319148936,0.000689655172413793,0.0,0.999438832772166,0.006535947712418301,0.06435643564356436,0.08333333333333333,0.0,0.0,0.002161383285302594
hier_clust,5,32,single,True,1808,7520,0.2404255319148936,0.000689655172413793,0.0008764241893076249,1.0,0.008714596949891068,0.024752475247524754,0.08333333333333333,0.0,0.007462686567164179,0.0036023054755043226
hier_clust,5,41,single,False,1808,7520,0.2404255319148936,0.0,0.0017528483786152498,1.0,0.010893246187363835,0.019801980198019802,0.0,0.0,0.014925373134328358,0.002161383285302594
hier_clust,3,27,single,False,1808,7520,0.2404255319148936,0.0,0.0008764241893076249,1.0,0.012345679012345678,0.019801980198019802,0.0,0.0,0.022388059701492536,0.0007204610951008645
hier_clust,2,35,single,False,1808,7520,0.2404255319148936,0.000689655172413793,0.0,0.999438832772166,0.006535947712418301,0.06435643564356436,0.08333333333333333,0.0,0.0,0.002161383285302594
hier_clust,False,27,centroid,True,1808,7520,0.2404255319148936,0.0,0.0035056967572304996,0.9983164983164983,0.012345679012345678,0.019801980198019802,0.08333333333333333,0.0,0.0,0.002161383285302594
hier_clust,False,32,single,True,1807,7520,0.24029255319148937,0.000689655172413793,0.0026292725679228747,1.0,0.010893246187363835,0.01485148514851485,0.0,0.0,0.0,0.002161383285302594
hier_clust,False,25,centroid,True,1807,7520,0.24029255319148937,0.0,0.0035056967572304996,0.9983164983164983,0.012345679012345678,0.01485148514851485,0.08333333333333333,0.0,0.0,0.002161383285302594
hier_clust,20,27,centroid,True,1807,7520,0.24029255319148937,0.000689655172413793,0.0008764241893076249,1.0,0.008714596949891068,0.034653465346534656,0.08333333333333333,0.0,0.0,0.002161383285302594
hier_clust,4,32,single,True,1807,7520,0.24029255319148937,0.0,0.0,1.0,0.011619462599854757,0.024752475247524754,0.0,0.0,0.0,0.002881844380403458
hier_clust,10,35,single,True,1807,7520,0.24029255319148937,0.001379310344827586,0.0,1.0,0.011619462599854757,0.009900990099009901,0.0,0.0,0.0,0.0036023054755043226
hier_clust,False,30,single,False,1807,7520,0.24029255319148937,0.001379310344827586,0.0017528483786152498,1.0,0.008714596949891068,0.019801980198019802,0.08333333333333333,0.0,0.0,0.002881844380403458
hier_clust,20,32,single,True,1807,7520,0.24029255319148937,0.000689655172413793,0.0026292725679228747,1.0,0.010893246187363835,0.01485148514851485,0.0,0.0,0.0,0.002161383285302594
hier_clust,10,38,single,False,1807,7520,0.24029255319148937,0.001379310344827586,0.0,1.0,0.00944081336238199,0.009900990099009901,0.08333333333333333,0.0,0.007462686567164179,0.004322766570605188
hier_clust,2,27,single,True,1807,7520,0.24029255319148937,0.000689655172413793,0.0,0.9983164983164983,0.006535947712418301,0.054455445544554455,0.0,0.0,0.022388059701492536,0.002881844380403458
hier_clust,5,38,single,False,1806,7520,0.2401595744680851,0.0,0.0017528483786152498,1.0,0.00944081336238199,0.019801980198019802,0.0,0.0,0.014925373134328358,0.002161383285302594
hier_clust,20,11,median,False,1806,7520,0.2401595744680851,0.0,0.0,0.9955106621773289,0.002178649237472767,0.12871287128712872,0.0,0.0,0.0,0.002161383285302594
hier_clust,20,30,single,False,1806,7520,0.2401595744680851,0.001379310344827586,0.0017528483786152498,1.0,0.008714596949891068,0.019801980198019802,0.08333333333333333,0.0,0.0,0.002161383285302594
hier_clust,2,30,single,False,1806,7520,0.2401595744680851,0.000689655172413793,0.0,1.0,0.005809731299927378,0.054455445544554455,0.08333333333333333,0.0,0.0,0.002161383285302594
hier_clust,20,10,median,False,1806,7520,0.2401595744680851,0.0,0.0,0.9955106621773289,0.002178649237472767,0.12871287128712872,0.0,0.0,0.0,0.002161383285302594
hier_clust,20,25,median,True,1806,7520,0.2401595744680851,0.001379310344827586,0.0052585451358457495,0.9983164983164983,0.007988380537400145,0.019801980198019802,0.0,0.0,0.0,0.002881844380403458
hier_clust,20,9,median,False,1806,7520,0.2401595744680851,0.0,0.0,0.9955106621773289,0.002178649237472767,0.12871287128712872,0.0,0.0,0.0,0.002161383285302594
hier_clust,20,25,centroid,True,1806,7520,0.2401595744680851,0.000689655172413793,0.0008764241893076249,0.999438832772166,0.008714596949891068,0.034653465346534656,0.08333333333333333,0.0,0.0,0.002161383285302594
hier_clust,5,30,single,True,1806,7520,0.2401595744680851,0.000689655172413793,0.0008764241893076249,1.0,0.007988380537400145,0.024752475247524754,0.08333333333333333,0.0,0.0,0.0036023054755043226
hier_clust,10,32,single,True,1805,7520,0.24002659574468085,0.000689655172413793,0.0,1.0,0.010893246187363835,0.009900990099009901,0.0,0.0,0.0,0.0036023054755043226
hier_clust,False,27,centroid,False,1805,7520,0.24002659574468085,0.001379310344827586,0.0043821209465381246,0.9977553310886644,0.005083514887436456,0.04950495049504951,0.0,0.0,0.007462686567164179,0.001440922190201729
hier_clust,False,30,single,True,1805,7520,0.24002659574468085,0.000689655172413793,0.0026292725679228747,1.0,0.010167029774872912,0.009900990099009901,0.0,0.0,0.0,0.002161383285302594
hier_clust,10,30,single,True,1805,7520,0.24002659574468085,0.000689655172413793,0.0,1.0,0.010893246187363835,0.009900990099009901,0.0,0.0,0.0,0.0036023054755043226
hier_clust,4,30,single,True,1805,7520,0.24002659574468085,0.0,0.0,1.0,0.010167029774872912,0.024752475247524754,0.0,0.0,0.0,0.002881844380403458
hier_clust,10,35,single,False,1805,7520,0.24002659574468085,0.001379310344827586,0.0,1.0,0.00944081336238199,0.0049504950495049506,0.08333333333333333,0.0,0.0,0.004322766570605188
hier_clust,4,27,single,False,1805,7520,0.24002659574468085,0.0,0.0026292725679228747,1.0,0.00944081336238199,0.019801980198019802,0.0,0.0,0.007462686567164179,0.001440922190201729
hier_clust,20,9,average,True,1805,7520,0.24002659574468085,0.0,0.0035056967572304996,0.9960718294051627,0.01815541031227306,0.0,0.0,0.0,0.0,0.0007204610951008645
hier_clust,20,30,single,True,1805,7520,0.24002659574468085,0.000689655172413793,0.0026292725679228747,1.0,0.010167029774872912,0.009900990099009901,0.0,0.0,0.0,0.002161383285302594
hier_clust,2,23,single,True,1805,7520,0.24002659574468085,0.000689655172413793,0.0,0.9983164983164983,0.006535947712418301,0.04950495049504951,0.0,0.0,0.022388059701492536,0.002161383285302594
hier_clust,5,35,single,False,1805,7520,0.24002659574468085,0.0,0.0017528483786152498,1.0,0.008714596949891068,0.019801980198019802,0.0,0.0,0.014925373134328358,0.002161383285302594
hier_clust,2,25,single,True,1805,7520,0.24002659574468085,0.000689655172413793,0.0,0.9983164983164983,0.006535947712418301,0.04950495049504951,0.0,0.0,0.022388059701492536,0.002161383285302594
hier_clust,False,25,centroid,False,1804,7520,0.2398936170212766,0.001379310344827586,0.0043821209465381246,0.9977553310886644,0.004357298474945534,0.04950495049504951,0.0,0.0,0.007462686567164179,0.001440922190201729
hier_clust,10,32,single,False,1804,7520,0.2398936170212766,0.001379310344827586,0.0,1.0,0.008714596949891068,0.0049504950495049506,0.08333333333333333,0.0,0.0,0.004322766570605188
hier_clust,False,27,single,False,1804,7520,0.2398936170212766,0.001379310344827586,0.0017528483786152498,1.0,0.007262164124909223,0.01485148514851485,0.08333333333333333,0.0,0.0,0.002881844380403458
hier_clust,4,27,single,True,1804,7520,0.2398936170212766,0.0,0.0,1.0,0.00944081336238199,0.024752475247524754,0.0,0.0,0.0,0.002881844380403458
hier_clust,False,23,median,True,1804,7520,0.2398936170212766,0.001379310344827586,0.0043821209465381246,0.9983164983164983,0.008714596949891068,0.019801980198019802,0.0,0.0,0.0,0.001440922190201729
hier_clust,3,23,single,True,1804,7520,0.2398936170212766,0.000689655172413793,0.0017528483786152498,1.0,0.007262164124909223,0.024752475247524754,0.0,0.0,0.014925373134328358,0.001440922190201729
hier_clust,20,23,centroid,True,1804,7520,0.2398936170212766,0.000689655172413793,0.0008764241893076249,1.0,0.006535947712418301,0.034653465346534656,0.08333333333333333,0.0,0.0,0.002161383285302594
hier_clust,2,21,single,True,1803,7520,0.23976063829787234,0.000689655172413793,0.0,0.9988776655443322,0.005809731299927378,0.039603960396039604,0.0,0.0,0.022388059701492536,0.002161383285302594
hier_clust,False,21,median,True,1803,7520,0.23976063829787234,0.001379310344827586,0.0043821209465381246,0.9977553310886644,0.008714596949891068,0.019801980198019802,0.0,0.0,0.0,0.001440922190201729
hier_clust,20,21,centroid,True,1803,7520,0.23976063829787234,0.0,0.0008764241893076249,1.0,0.006535947712418301,0.034653465346534656,0.08333333333333333,0.0,0.0,0.002161383285302594
hier_clust,20,20,centroid,True,1803,7520,0.23976063829787234,0.0,0.0008764241893076249,1.0,0.006535947712418301,0.034653465346534656,0.08333333333333333,0.0,0.0,0.002161383285302594
hier_clust,4,25,single,False,1803,7520,0.23976063829787234,0.0,0.0026292725679228747,1.0,0.008714596949891068,0.01485148514851485,0.0,0.0,0.007462686567164179,0.001440922190201729
hier_clust,2,20,single,True,1803,7520,0.23976063829787234,0.0,0.0,0.999438832772166,0.005809731299927378,0.039603960396039604,0.0,0.0,0.022388059701492536,0.002161383285302594
hier_clust,20,27,single,False,1803,7520,0.23976063829787234,0.001379310344827586,0.0017528483786152498,1.0,0.007262164124909223,0.01485148514851485,0.08333333333333333,0.0,0.0,0.002161383285302594
hier_clust,5,25,single,True,1803,7520,0.23976063829787234,0.0,0.0008764241893076249,1.0,0.007988380537400145,0.01485148514851485,0.08333333333333333,0.0,0.0,0.0036023054755043226
hier_clust,20,8,average,True,1803,7520,0.23976063829787234,0.0,0.0008764241893076249,0.9966329966329966,0.01815541031227306,0.0,0.0,0.0,0.0,0.0007204610951008645
hier_clust,20,27,single,True,1803,7520,0.23976063829787234,0.000689655172413793,0.0026292725679228747,1.0,0.00944081336238199,0.0049504950495049506,0.0,0.0,0.0,0.002161383285302594
hier_clust,5,27,single,True,1803,7520,0.23976063829787234,0.0,0.0008764241893076249,1.0,0.007988380537400145,0.01485148514851485,0.08333333333333333,0.0,0.0,0.0036023054755043226
hier_clust,3,25,single,False,1803,7520,0.23976063829787234,0.0,0.0008764241893076249,1.0,0.008714596949891068,0.019801980198019802,0.0,0.0,0.022388059701492536,0.0007204610951008645
hier_clust,5,32,single,False,1803,7520,0.23976063829787234,0.0,0.0017528483786152498,1.0,0.007988380537400145,0.01485148514851485,0.0,0.0,0.014925373134328358,0.002161383285302594
hier_clust,False,27,single,True,1803,7520,0.23976063829787234,0.000689655172413793,0.0026292725679228747,1.0,0.00944081336238199,0.0049504950495049506,0.0,0.0,0.0,0.002161383285302594
hier_clust,False,23,centroid,True,1802,7520,0.23962765957446808,0.0,0.0035056967572304996,0.999438832772166,0.007988380537400145,0.01485148514851485,0.0,0.0,0.0,0.002161383285302594
hier_clust,20,25,single,True,1802,7520,0.23962765957446808,0.000689655172413793,0.0026292725679228747,1.0,0.008714596949891068,0.0049504950495049506,0.0,0.0,0.0,0.002161383285302594
hier_clust,20,20,median,True,1802,7520,0.23962765957446808,0.001379310344827586,0.0043821209465381246,0.9983164983164983,0.006535947712418301,0.019801980198019802,0.0,0.0,0.0,0.002161383285302594
hier_clust,False,20,centroid,False,1802,7520,0.23962765957446808,0.000689655172413793,0.0026292725679228747,0.9983164983164983,0.004357298474945534,0.04950495049504951,0.0,0.0,0.007462686567164179,0.001440922190201729
hier_clust,False,21,centroid,False,1802,7520,0.23962765957446808,0.000689655172413793,0.0026292725679228747,0.9983164983164983,0.004357298474945534,0.04950495049504951,0.0,0.0,0.007462686567164179,0.001440922190201729
hier_clust,20,23,median,True,1802,7520,0.23962765957446808,0.001379310344827586,0.0043821209465381246,0.9983164983164983,0.006535947712418301,0.019801980198019802,0.0,0.0,0.0,0.002161383285302594
hier_clust,3,23,single,False,1802,7520,0.23962765957446808,0.0,0.0008764241893076249,1.0,0.007988380537400145,0.019801980198019802,0.0,0.0,0.022388059701492536,0.0007204610951008645
hier_clust,4,25,single,True,1802,7520,0.23962765957446808,0.0,0.0,1.0,0.008714596949891068,0.024752475247524754,0.0,0.0,0.0,0.002161383285302594
hier_clust,False,25,single,True,1802,7520,0.23962765957446808,0.000689655172413793,0.0026292725679228747,1.0,0.008714596949891068,0.0049504950495049506,0.0,0.0,0.0,0.002161383285302594
hier_clust,3,21,single,True,1802,7520,0.23962765957446808,0.000689655172413793,0.0017528483786152498,1.0,0.006535947712418301,0.024752475247524754,0.0,0.0,0.014925373134328358,0.0007204610951008645
hier_clust,10,30,single,False,1802,7520,0.23962765957446808,0.001379310344827586,0.0,1.0,0.007988380537400145,0.0,0.08333333333333333,0.0,0.0,0.004322766570605188
hier_clust,10,27,single,True,1802,7520,0.23962765957446808,0.000689655172413793,0.0,1.0,0.00944081336238199,0.0049504950495049506,0.0,0.0,0.0,0.0036023054755043226
hier_clust,False,23,centroid,False,1802,7520,0.23962765957446808,0.000689655172413793,0.0035056967572304996,0.9977553310886644,0.004357298474945534,0.04950495049504951,0.0,0.0,0.007462686567164179,0.001440922190201729
hier_clust,False,25,single,False,1802,7520,0.23962765957446808,0.001379310344827586,0.0017528483786152498,1.0,0.005809731299927378,0.01485148514851485,0.08333333333333333,0.0,0.0,0.002881844380403458
hier_clust,20,21,median,True,1802,7520,0.23962765957446808,0.001379310344827586,0.0043821209465381246,0.9983164983164983,0.006535947712418301,0.019801980198019802,0.0,0.0,0.0,0.002161383285302594
hier_clust,5,23,single,True,1801,7520,0.23949468085106382,0.0,0.0008764241893076249,1.0,0.007262164124909223,0.01485148514851485,0.08333333333333333,0.0,0.0,0.002881844380403458
hier_clust,4,23,single,True,1801,7520,0.23949468085106382,0.0,0.0,1.0,0.007988380537400145,0.024752475247524754,0.0,0.0,0.0,0.002161383285302594
hier_clust,3,20,single,True,1801,7520,0.23949468085106382,0.000689655172413793,0.0017528483786152498,1.0,0.006535947712418301,0.019801980198019802,0.0,0.0,0.014925373134328358,0.0007204610951008645
hier_clust,5,21,single,True,1801,7520,0.23949468085106382,0.0,0.0008764241893076249,1.0,0.007262164124909223,0.01485148514851485,0.08333333333333333,0.0,0.0,0.002881844380403458
hier_clust,False,21,centroid,True,1801,7520,0.23949468085106382,0.0,0.0026292725679228747,0.999438832772166,0.007988380537400145,0.01485148514851485,0.0,0.0,0.0,0.002161383285302594
hier_clust,2,27,single,False,1801,7520,0.23949468085106382,0.000689655172413793,0.0,1.0,0.0036310820624546117,0.054455445544554455,0.08333333333333333,0.0,0.0,0.0007204610951008645
hier_clust,5,30,single,False,1801,7520,0.23949468085106382,0.0,0.0017528483786152498,1.0,0.006535947712418301,0.01485148514851485,0.0,0.0,0.014925373134328358,0.002161383285302594
hier_clust,5,20,single,True,1800,7520,0.2393617021276596,0.0,0.0008764241893076249,1.0,0.007262164124909223,0.01485148514851485,0.08333333333333333,0.0,0.0,0.002161383285302594
hier_clust,False,20,centroid,True,1800,7520,0.2393617021276596,0.0,0.0008764241893076249,1.0,0.007988380537400145,0.01485148514851485,0.0,0.0,0.0,0.002161383285302594
hier_clust,3,18,single,True,1800,7520,0.2393617021276596,0.000689655172413793,0.0017528483786152498,1.0,0.005809731299927378,0.019801980198019802,0.0,0.0,0.014925373134328358,0.0007204610951008645
hier_clust,4,23,single,False,1800,7520,0.2393617021276596,0.0,0.0026292725679228747,1.0,0.006535947712418301,0.01485148514851485,0.0,0.0,0.007462686567164179,0.001440922190201729
hier_clust,20,18,centroid,True,1800,7520,0.2393617021276596,0.0,0.0008764241893076249,1.0,0.004357298474945534,0.034653465346534656,0.08333333333333333,0.0,0.0,0.002161383285302594
hier_clust,20,25,single,False,1800,7520,0.2393617021276596,0.001379310344827586,0.0017528483786152498,1.0,0.007262164124909223,0.0,0.08333333333333333,0.0,0.0,0.002161383285302594
hier_clust,10,25,single,True,1800,7520,0.2393617021276596,0.000689655172413793,0.0,1.0,0.008714596949891068,0.0049504950495049506,0.0,0.0,0.0,0.002881844380403458
hier_clust,2,18,single,True,1800,7520,0.2393617021276596,0.0,0.0,0.999438832772166,0.004357298474945534,0.039603960396039604,0.0,0.0,0.022388059701492536,0.001440922190201729
hier_clust,20,21,centroid,False,1800,7520,0.2393617021276596,0.000689655172413793,0.0,0.999438832772166,0.007262164124909223,0.019801980198019802,0.0,0.0,0.007462686567164179,0.002161383285302594
hier_clust,20,23,centroid,False,1800,7520,0.2393617021276596,0.000689655172413793,0.0,0.999438832772166,0.007262164124909223,0.019801980198019802,0.0,0.0,0.007462686567164179,0.002161383285302594
hier_clust,False,23,single,False,1800,7520,0.2393617021276596,0.001379310344827586,0.0017528483786152498,1.0,0.005083514887436456,0.01485148514851485,0.08333333333333333,0.0,0.0,0.002161383285302594
hier_clust,20,25,centroid,False,1800,7520,0.2393617021276596,0.000689655172413793,0.0,0.999438832772166,0.007262164124909223,0.019801980198019802,0.0,0.0,0.007462686567164179,0.002161383285302594
hier_clust,20,20,centroid,False,1799,7520,0.23922872340425533,0.000689655172413793,0.0,0.999438832772166,0.006535947712418301,0.019801980198019802,0.0,0.0,0.007462686567164179,0.002161383285302594
hier_clust,4,21,single,True,1799,7520,0.23922872340425533,0.0,0.0,1.0,0.007262164124909223,0.024752475247524754,0.0,0.0,0.0,0.001440922190201729
hier_clust,10,27,single,False,1799,7520,0.23922872340425533,0.001379310344827586,0.0,1.0,0.007262164124909223,0.0,0.0,0.0,0.0,0.0036023054755043226
hier_clust,10,23,single,True,1799,7520,0.23922872340425533,0.000689655172413793,0.0,1.0,0.007988380537400145,0.0049504950495049506,0.0,0.0,0.0,0.002881844380403458
hier_clust,5,27,single,False,1799,7520,0.23922872340425533,0.0,0.0017528483786152498,1.0,0.005083514887436456,0.01485148514851485,0.0,0.0,0.014925373134328358,0.002161383285302594
hier_clust,20,23,single,True,1799,7520,0.23922872340425533,0.000689655172413793,0.0026292725679228747,1.0,0.006535947712418301,0.0049504950495049506,0.0,0.0,0.0,0.002161383285302594
hier_clust,False,23,single,True,1799,7520,0.23922872340425533,0.000689655172413793,0.0026292725679228747,1.0,0.006535947712418301,0.0049504950495049506,0.0,0.0,0.0,0.002161383285302594
hier_clust,4,21,single,False,1798,7520,0.23909574468085107,0.0,0.0008764241893076249,1.0,0.006535947712418301,0.01485148514851485,0.0,0.0,0.007462686567164179,0.001440922190201729
hier_clust,20,17,centroid,True,1798,7520,0.23909574468085107,0.0,0.0008764241893076249,1.0,0.0036310820624546117,0.034653465346534656,0.0,0.0,0.0,0.002161383285302594
hier_clust,20,23,single,False,1798,7520,0.23909574468085107,0.001379310344827586,0.0017528483786152498,1.0,0.006535947712418301,0.0,0.08333333333333333,0.0,0.0,0.001440922190201729
hier_clust,3,21,single,False,1798,7520,0.23909574468085107,0.0,0.0008764241893076249,1.0,0.005809731299927378,0.019801980198019802,0.0,0.0,0.014925373134328358,0.0007204610951008645
hier_clust,4,20,single,True,1798,7520,0.23909574468085107,0.0,0.0,1.0,0.006535947712418301,0.024752475247524754,0.0,0.0,0.0,0.001440922190201729
hier_clust,2,17,single,True,1798,7520,0.23909574468085107,0.0,0.0,0.999438832772166,0.004357298474945534,0.0297029702970297,0.0,0.0,0.022388059701492536,0.001440922190201729
hier_clust,5,18,single,True,1798,7520,0.23909574468085107,0.0,0.0008764241893076249,1.0,0.006535947712418301,0.01485148514851485,0.0,0.0,0.0,0.002161383285302594
hier_clust,10,21,single,True,1798,7520,0.23909574468085107,0.000689655172413793,0.0,1.0,0.007262164124909223,0.0049504950495049506,0.0,0.0,0.0,0.002881844380403458
hier_clust,10,20,single,True,1798,7520,0.23909574468085107,0.000689655172413793,0.0,1.0,0.007262164124909223,0.0049504950495049506,0.0,0.0,0.0,0.002881844380403458
hier_clust,3,17,single,True,1798,7520,0.23909574468085107,0.000689655172413793,0.0017528483786152498,1.0,0.005809731299927378,0.009900990099009901,0.0,0.0,0.014925373134328358,0.0007204610951008645
hier_clust,5,25,single,False,1798,7520,0.23909574468085107,0.0,0.0017528483786152498,1.0,0.005083514887436456,0.01485148514851485,0.0,0.0,0.007462686567164179,0.002161383285302594
hier_clust,10,25,single,False,1798,7520,0.23909574468085107,0.001379310344827586,0.0,1.0,0.007262164124909223,0.0,0.0,0.0,0.0,0.002881844380403458
hier_clust,False,8,average,True,1797,7520,0.2389627659574468,0.0,0.0,0.999438832772166,0.010167029774872912,0.0,0.0,0.0,0.0,0.001440922190201729
hier_clust,False,21,single,False,1797,7520,0.2389627659574468,0.001379310344827586,0.0017528483786152498,1.0,0.005083514887436456,0.0049504950495049506,0.08333333333333333,0.0,0.0,0.001440922190201729
hier_clust,2,25,single,False,1797,7520,0.2389627659574468,0.000689655172413793,0.0,1.0,0.0036310820624546117,0.034653465346534656,0.08333333333333333,0.0,0.0,0.0007204610951008645
hier_clust,4,18,single,True,1797,7520,0.2389627659574468,0.0,0.0,1.0,0.005809731299927378,0.024752475247524754,0.0,0.0,0.0,0.001440922190201729
hier_clust,4,17,single,True,1797,7520,0.2389627659574468,0.0,0.0,1.0,0.005809731299927378,0.024752475247524754,0.0,0.0,0.0,0.001440922190201729
hier_clust,4,20,single,False,1797,7520,0.2389627659574468,0.0,0.0008764241893076249,1.0,0.005809731299927378,0.01485148514851485,0.0,0.0,0.007462686567164179,0.001440922190201729
hier_clust,5,17,single,True,1797,7520,0.2389627659574468,0.0,0.0008764241893076249,1.0,0.005809731299927378,0.01485148514851485,0.0,0.0,0.0,0.002161383285302594
hier_clust,False,21,single,True,1797,7520,0.2389627659574468,0.000689655172413793,0.0017528483786152498,1.0,0.005809731299927378,0.0049504950495049506,0.0,0.0,0.0,0.002161383285302594
hier_clust,4,18,single,False,1797,7520,0.2389627659574468,0.0,0.0008764241893076249,1.0,0.005809731299927378,0.01485148514851485,0.0,0.0,0.007462686567164179,0.001440922190201729
hier_clust,5,23,single,False,1797,7520,0.2389627659574468,0.0,0.0017528483786152498,1.0,0.005083514887436456,0.01485148514851485,0.0,0.0,0.0,0.002161383285302594
hier_clust,3,20,single,False,1797,7520,0.2389627659574468,0.0,0.0008764241893076249,1.0,0.005809731299927378,0.01485148514851485,0.0,0.0,0.014925373134328358,0.0007204610951008645
hier_clust,20,21,single,True,1797,7520,0.2389627659574468,0.000689655172413793,0.0017528483786152498,1.0,0.005809731299927378,0.0049504950495049506,0.0,0.0,0.0,0.002161383285302594
hier_clust,10,23,single,False,1797,7520,0.2389627659574468,0.001379310344827586,0.0,1.0,0.007262164124909223,0.0,0.0,0.0,0.0,0.002161383285302594
hier_clust,10,18,single,True,1797,7520,0.2389627659574468,0.000689655172413793,0.0,1.0,0.007262164124909223,0.0049504950495049506,0.0,0.0,0.0,0.002161383285302594
hier_clust,10,17,single,True,1796,7520,0.23882978723404255,0.000689655172413793,0.0,1.0,0.006535947712418301,0.0049504950495049506,0.0,0.0,0.0,0.002161383285302594
hier_clust,False,20,median,True,1796,7520,0.23882978723404255,0.001379310344827586,0.0043821209465381246,0.9983164983164983,0.002904865649963689,0.019801980198019802,0.0,0.0,0.0,0.001440922190201729
hier_clust,20,18,median,True,1796,7520,0.23882978723404255,0.000689655172413793,0.0043821209465381246,0.9983164983164983,0.002904865649963689,0.019801980198019802,0.0,0.0,0.0,0.002161383285302594
hier_clust,False,20,single,True,1796,7520,0.23882978723404255,0.000689655172413793,0.0017528483786152498,1.0,0.005083514887436456,0.0049504950495049506,0.0,0.0,0.0,0.002161383285302594
hier_clust,False,7,average,True,1796,7520,0.23882978723404255,0.0,0.0,0.999438832772166,0.00944081336238199,0.0,0.0,0.0,0.0,0.001440922190201729
hier_clust,False,20,single,False,1796,7520,0.23882978723404255,0.001379310344827586,0.0017528483786152498,1.0,0.004357298474945534,0.0049504950495049506,0.08333333333333333,0.0,0.0,0.001440922190201729
hier_clust,10,21,single,False,1796,7520,0.23882978723404255,0.001379310344827586,0.0,1.0,0.006535947712418301,0.0,0.0,0.0,0.0,0.002161383285302594
hier_clust,4,17,single,False,1796,7520,0.23882978723404255,0.0,0.0008764241893076249,1.0,0.005083514887436456,0.01485148514851485,0.0,0.0,0.007462686567164179,0.001440922190201729
hier_clust,20,20,single,True,1796,7520,0.23882978723404255,0.000689655172413793,0.0017528483786152498,1.0,0.005083514887436456,0.0049504950495049506,0.0,0.0,0.0,0.002161383285302594
hier_clust,4,15,single,True,1796,7520,0.23882978723404255,0.0,0.0,1.0,0.005809731299927378,0.019801980198019802,0.0,0.0,0.0,0.001440922190201729
hier_clust,3,15,single,True,1796,7520,0.23882978723404255,0.000689655172413793,0.0017528483786152498,1.0,0.005083514887436456,0.009900990099009901,0.0,0.0,0.007462686567164179,0.0007204610951008645
hier_clust,20,21,single,False,1796,7520,0.23882978723404255,0.001379310344827586,0.0017528483786152498,1.0,0.005809731299927378,0.0,0.0,0.0,0.0,0.001440922190201729
hier_clust,2,23,single,False,1796,7520,0.23882978723404255,0.0,0.0,1.0,0.0036310820624546117,0.034653465346534656,0.08333333333333333,0.0,0.0,0.0007204610951008645
hier_clust,3,14,single,True,1795,7520,0.2386968085106383,0.000689655172413793,0.0008764241893076249,1.0,0.005083514887436456,0.009900990099009901,0.0,0.0,0.007462686567164179,0.0007204610951008645
hier_clust,3,18,single,False,1795,7520,0.2386968085106383,0.0,0.0,1.0,0.005083514887436456,0.01485148514851485,0.0,0.0,0.014925373134328358,0.0007204610951008645
hier_clust,5,21,single,False,1795,7520,0.2386968085106383,0.0,0.0017528483786152498,1.0,0.004357298474945534,0.01485148514851485,0.0,0.0,0.0,0.001440922190201729
hier_clust,2,15,single,True,1795,7520,0.2386968085106383,0.0,0.0,1.0,0.0014524328249818446,0.0297029702970297,0.0,0.0,0.022388059701492536,0.001440922190201729
hier_clust,False,18,single,True,1795,7520,0.2386968085106383,0.000689655172413793,0.0017528483786152498,1.0,0.004357298474945534,0.0049504950495049506,0.0,0.0,0.0,0.002161383285302594
hier_clust,20,20,single,False,1795,7520,0.2386968085106383,0.001379310344827586,0.0017528483786152498,1.0,0.005083514887436456,0.0,0.0,0.0,0.0,0.001440922190201729
hier_clust,10,20,single,False,1795,7520,0.2386968085106383,0.001379310344827586,0.0,1.0,0.005809731299927378,0.0,0.0,0.0,0.0,0.002161383285302594
hier_clust,5,15,single,True,1795,7520,0.2386968085106383,0.0,0.0008764241893076249,1.0,0.004357298474945534,0.01485148514851485,0.0,0.0,0.0,0.002161383285302594
hier_clust,2,2,centroid,True,1795,7520,0.2386968085106383,0.0,0.0,0.999438832772166,0.0,0.06930693069306931,0.0,0.0,0.0,0.0
hier_clust,20,18,single,True,1795,7520,0.2386968085106383,0.000689655172413793,0.0017528483786152498,1.0,0.004357298474945534,0.0049504950495049506,0.0,0.0,0.0,0.002161383285302594
hier_clust,3,17,single,False,1794,7520,0.23856382978723403,0.0,0.0,1.0,0.005083514887436456,0.01485148514851485,0.0,0.0,0.007462686567164179,0.0007204610951008645
hier_clust,20,17,single,True,1794,7520,0.23856382978723403,0.000689655172413793,0.0017528483786152498,1.0,0.0036310820624546117,0.0049504950495049506,0.0,0.0,0.0,0.002161383285302594
hier_clust,10,15,single,True,1794,7520,0.23856382978723403,0.000689655172413793,0.0,1.0,0.005083514887436456,0.0049504950495049506,0.0,0.0,0.0,0.002161383285302594
hier_clust,2,21,single,False,1794,7520,0.23856382978723403,0.0,0.0,1.0,0.0036310820624546117,0.024752475247524754,0.08333333333333333,0.0,0.0,0.0007204610951008645
hier_clust,2,20,single,False,1794,7520,0.23856382978723403,0.0,0.0,1.0,0.0036310820624546117,0.024752475247524754,0.08333333333333333,0.0,0.0,0.0007204610951008645
hier_clust,2,14,single,True,1794,7520,0.23856382978723403,0.0,0.0,1.0,0.0014524328249818446,0.0297029702970297,0.0,0.0,0.014925373134328358,0.001440922190201729
hier_clust,False,18,single,False,1794,7520,0.23856382978723403,0.0,0.0017528483786152498,1.0,0.004357298474945534,0.0049504950495049506,0.08333333333333333,0.0,0.0,0.001440922190201729
hier_clust,False,18,median,True,1794,7520,0.23856382978723403,0.001379310344827586,0.0008764241893076249,0.999438832772166,0.002904865649963689,0.019801980198019802,0.0,0.0,0.0,0.001440922190201729
hier_clust,False,17,single,True,1794,7520,0.23856382978723403,0.000689655172413793,0.0017528483786152498,1.0,0.0036310820624546117,0.0049504950495049506,0.0,0.0,0.0,0.002161383285302594
hier_clust,False,18,centroid,True,1794,7520,0.23856382978723403,0.0,0.0008764241893076249,1.0,0.0036310820624546117,0.01485148514851485,0.0,0.0,0.0,0.002161383285302594
hier_clust,5,14,single,True,1794,7520,0.23856382978723403,0.0,0.0008764241893076249,1.0,0.0036310820624546117,0.01485148514851485,0.0,0.0,0.0,0.002161383285302594
hier_clust,10,18,median,True,1794,7520,0.23856382978723403,0.000689655172413793,0.0008764241893076249,0.9966329966329966,0.007262164124909223,0.01485148514851485,0.0,0.0,0.0,0.002161383285302594
hier_clust,10,17,median,True,1794,7520,0.23856382978723403,0.000689655172413793,0.0008764241893076249,0.9966329966329966,0.007262164124909223,0.01485148514851485,0.0,0.0,0.0,0.002161383285302594
hier_clust,20,18,single,False,1794,7520,0.23856382978723403,0.000689655172413793,0.0017528483786152498,1.0,0.005083514887436456,0.0,0.0,0.0,0.0,0.001440922190201729
hier_clust,20,18,centroid,False,1794,7520,0.23856382978723403,0.000689655172413793,0.0,1.0,0.0036310820624546117,0.009900990099009901,0.0,0.0,0.007462686567164179,0.002161383285302594
hier_clust,3,13,single,True,1794,7520,0.23856382978723403,0.000689655172413793,0.0008764241893076249,1.0,0.005083514887436456,0.009900990099009901,0.0,0.0,0.007462686567164179,0.0
hier_clust,5,20,single,False,1794,7520,0.23856382978723403,0.0,0.0017528483786152498,1.0,0.0036310820624546117,0.01485148514851485,0.0,0.0,0.0,0.001440922190201729
hier_clust,4,14,single,True,1794,7520,0.23856382978723403,0.0,0.0,1.0,0.004357298474945534,0.019801980198019802,0.0,0.0,0.0,0.001440922190201729
hier_clust,2,17,single,False,1794,7520,0.23856382978723403,0.0,0.0,1.0,0.0036310820624546117,0.024752475247524754,0.08333333333333333,0.0,0.0,0.0007204610951008645
hier_clust,2,18,single,False,1794,7520,0.23856382978723403,0.0,0.0,1.0,0.0036310820624546117,0.024752475247524754,0.08333333333333333,0.0,0.0,0.0007204610951008645
hier_clust,4,13,single,True,1794,7520,0.23856382978723403,0.0,0.0,1.0,0.004357298474945534,0.019801980198019802,0.0,0.0,0.0,0.001440922190201729
hier_clust,5,18,single,False,1794,7520,0.23856382978723403,0.0,0.0017528483786152498,1.0,0.0036310820624546117,0.01485148514851485,0.0,0.0,0.0,0.001440922190201729
hier_clust,3,12,single,True,1793,7520,0.23843085106382977,0.000689655172413793,0.0008764241893076249,1.0,0.004357298474945534,0.009900990099009901,0.0,0.0,0.007462686567164179,0.0
hier_clust,10,18,single,False,1793,7520,0.23843085106382977,0.001379310344827586,0.0,1.0,0.005083514887436456,0.0,0.0,0.0,0.0,0.001440922190201729
hier_clust,20,17,median,True,1793,7520,0.23843085106382977,0.000689655172413793,0.0035056967572304996,0.9988776655443322,0.002904865649963689,0.0049504950495049506,0.0,0.0,0.0,0.002161383285302594
hier_clust,20,15,median,True,1793,7520,0.23843085106382977,0.000689655172413793,0.0035056967572304996,0.9988776655443322,0.002904865649963689,0.0049504950495049506,0.0,0.0,0.0,0.002161383285302594
hier_clust,20,17,single,False,1793,7520,0.23843085106382977,0.000689655172413793,0.0017528483786152498,1.0,0.004357298474945534,0.0,0.0,0.0,0.0,0.001440922190201729
hier_clust,20,17,centroid,False,1793,7520,0.23843085106382977,0.0,0.0,1.0,0.0036310820624546117,0.009900990099009901,0.0,0.0,0.007462686567164179,0.002161383285302594
hier_clust,4,12,single,True,1793,7520,0.23843085106382977,0.0,0.0,1.0,0.004357298474945534,0.019801980198019802,0.0,0.0,0.0,0.0007204610951008645
hier_clust,4,15,single,False,1793,7520,0.23843085106382977,0.0,0.0008764241893076249,1.0,0.004357298474945534,0.0049504950495049506,0.0,0.0,0.007462686567164179,0.001440922190201729
hier_clust,20,15,centroid,False,1793,7520,0.23843085106382977,0.0,0.0,1.0,0.0036310820624546117,0.009900990099009901,0.0,0.0,0.007462686567164179,0.002161383285302594
hier_clust,5,13,single,True,1793,7520,0.23843085106382977,0.0,0.0008764241893076249,1.0,0.0036310820624546117,0.01485148514851485,0.0,0.0,0.0,0.001440922190201729
hier_clust,5,17,single,False,1793,7520,0.23843085106382977,0.0,0.0017528483786152498,1.0,0.002904865649963689,0.01485148514851485,0.0,0.0,0.0,0.001440922190201729
hier_clust,10,15,median,True,1793,7520,0.23843085106382977,0.000689655172413793,0.0008764241893076249,0.9966329966329966,0.006535947712418301,0.01485148514851485,0.0,0.0,0.0,0.002161383285302594
hier_clust,10,14,median,True,1793,7520,0.23843085106382977,0.000689655172413793,0.0008764241893076249,0.9966329966329966,0.006535947712418301,0.01485148514851485,0.0,0.0,0.0,0.002161383285302594
hier_clust,10,13,median,True,1793,7520,0.23843085106382977,0.000689655172413793,0.0008764241893076249,0.9966329966329966,0.006535947712418301,0.01485148514851485,0.0,0.0,0.0,0.002161383285302594
hier_clust,10,12,median,True,1793,7520,0.23843085106382977,0.000689655172413793,0.0008764241893076249,0.9966329966329966,0.006535947712418301,0.01485148514851485,0.0,0.0,0.0,0.002161383285302594
hier_clust,False,17,centroid,True,1793,7520,0.23843085106382977,0.0,0.0008764241893076249,1.0,0.002904865649963689,0.01485148514851485,0.0,0.0,0.0,0.002161383285302594
hier_clust,2,15,single,False,1793,7520,0.23843085106382977,0.0,0.0,1.0,0.002904865649963689,0.024752475247524754,0.08333333333333333,0.0,0.0,0.0007204610951008645
hier_clust,20,14,median,True,1793,7520,0.23843085106382977,0.000689655172413793,0.0035056967572304996,0.9988776655443322,0.002904865649963689,0.0049504950495049506,0.0,0.0,0.0,0.002161383285302594
hier_clust,10,14,single,True,1793,7520,0.23843085106382977,0.000689655172413793,0.0,1.0,0.005083514887436456,0.0,0.0,0.0,0.0,0.002161383285302594
hier_clust,3,14,single,False,1793,7520,0.23843085106382977,0.0,0.0,1.0,0.004357298474945534,0.01485148514851485,0.0,0.0,0.007462686567164179,0.0007204610951008645
hier_clust,3,15,single,False,1793,7520,0.23843085106382977,0.0,0.0,1.0,0.004357298474945534,0.01485148514851485,0.0,0.0,0.007462686567164179,0.0007204610951008645
hier_clust,False,15,median,True,1793,7520,0.23843085106382977,0.001379310344827586,0.0008764241893076249,0.999438832772166,0.002178649237472767,0.019801980198019802,0.0,0.0,0.0,0.001440922190201729
hier_clust,False,17,single,False,1793,7520,0.23843085106382977,0.0,0.0017528483786152498,1.0,0.004357298474945534,0.0049504950495049506,0.0,0.0,0.0,0.001440922190201729
hier_clust,False,17,median,True,1793,7520,0.23843085106382977,0.001379310344827586,0.0008764241893076249,0.999438832772166,0.002178649237472767,0.019801980198019802,0.0,0.0,0.0,0.001440922190201729
hier_clust,False,15,single,True,1792,7520,0.23829787234042554,0.000689655172413793,0.0017528483786152498,1.0,0.002178649237472767,0.0049504950495049506,0.0,0.0,0.0,0.002161383285302594
hier_clust,20,13,centroid,False,1792,7520,0.23829787234042554,0.0,0.0,1.0,0.002904865649963689,0.009900990099009901,0.0,0.0,0.007462686567164179,0.002161383285302594
hier_clust,20,14,centroid,False,1792,7520,0.23829787234042554,0.0,0.0,1.0,0.002904865649963689,0.009900990099009901,0.0,0.0,0.007462686567164179,0.002161383285302594
hier_clust,False,6,average,False,1792,7520,0.23829787234042554,0.0,0.0,1.0,0.0007262164124909223,0.039603960396039604,0.0,0.0,0.0,0.0007204610951008645
hier_clust,20,12,centroid,False,1792,7520,0.23829787234042554,0.0,0.0,1.0,0.002904865649963689,0.009900990099009901,0.0,0.0,0.007462686567164179,0.002161383285302594
hier_clust,2,13,single,True,1792,7520,0.23829787234042554,0.0,0.0,1.0,0.0,0.0297029702970297,0.0,0.0,0.014925373134328358,0.001440922190201729
hier_clust,False,15,centroid,True,1792,7520,0.23829787234042554,0.0,0.0,1.0,0.002904865649963689,0.01485148514851485,0.0,0.0,0.0,0.002161383285302594
hier_clust,2,13,single,False,1792,7520,0.23829787234042554,0.0,0.0,1.0,0.002178649237472767,0.024752475247524754,0.08333333333333333,0.0,0.0,0.0007204610951008645
hier_clust,3,11,single,True,1792,7520,0.23829787234042554,0.000689655172413793,0.0008764241893076249,1.0,0.0036310820624546117,0.009900990099009901,0.0,0.0,0.007462686567164179,0.0
hier_clust,3,13,single,False,1792,7520,0.23829787234042554,0.0,0.0,1.0,0.004357298474945534,0.01485148514851485,0.0,0.0,0.0,0.0007204610951008645
hier_clust,2,14,single,False,1792,7520,0.23829787234042554,0.0,0.0,1.0,0.002178649237472767,0.024752475247524754,0.08333333333333333,0.0,0.0,0.0007204610951008645
hier_clust,4,14,single,False,1792,7520,0.23829787234042554,0.0,0.0008764241893076249,1.0,0.0036310820624546117,0.0049504950495049506,0.0,0.0,0.007462686567164179,0.001440922190201729
hier_clust,3,12,single,False,1792,7520,0.23829787234042554,0.0,0.0,1.0,0.004357298474945534,0.01485148514851485,0.0,0.0,0.0,0.0007204610951008645
hier_clust,False,18,centroid,False,1792,7520,0.23829787234042554,0.0,0.0026292725679228747,0.999438832772166,0.002904865649963689,0.0049504950495049506,0.0,0.0,0.007462686567164179,0.001440922190201729
hier_clust,20,15,single,True,1792,7520,0.23829787234042554,0.000689655172413793,0.0017528483786152498,1.0,0.002904865649963689,0.0,0.0,0.0,0.0,0.002161383285302594
hier_clust,10,17,single,False,1792,7520,0.23829787234042554,0.001379310344827586,0.0,1.0,0.004357298474945534,0.0,0.0,0.0,0.0,0.001440922190201729
hier_clust,False,13,median,True,1792,7520,0.23829787234042554,0.000689655172413793,0.0,1.0,0.002178649237472767,0.019801980198019802,0.0,0.0,0.0,0.001440922190201729
hier_clust,False,14,median,True,1792,7520,0.23829787234042554,0.001379310344827586,0.0,0.999438832772166,0.002178649237472767,0.019801980198019802,0.0,0.0,0.0,0.001440922190201729
hier_clust,10,13,single,True,1792,7520,0.23829787234042554,0.0,0.0,1.0,0.005083514887436456,0.0,0.0,0.0,0.0,0.002161383285302594
hier_clust,10,15,single,False,1792,7520,0.23829787234042554,0.001379310344827586,0.0,1.0,0.004357298474945534,0.0,0.0,0.0,0.0,0.001440922190201729
hier_clust,5,15,single,False,1792,7520,0.23829787234042554,0.0,0.0017528483786152498,1.0,0.002178649237472767,0.01485148514851485,0.0,0.0,0.0,0.001440922190201729
hier_clust,5,12,single,True,1792,7520,0.23829787234042554,0.0,0.0008764241893076249,1.0,0.002904865649963689,0.01485148514851485,0.0,0.0,0.0,0.001440922190201729
hier_clust,4,11,single,True,1792,7520,0.23829787234042554,0.0,0.0,1.0,0.004357298474945534,0.01485148514851485,0.0,0.0,0.0,0.0007204610951008645
hier_clust,20,15,single,False,1792,7520,0.23829787234042554,0.000689655172413793,0.0017528483786152498,1.0,0.0036310820624546117,0.0,0.0,0.0,0.0,0.001440922190201729
hier_clust,2,10,single,False,1791,7520,0.23816489361702128,0.0,0.0,1.0,0.0014524328249818446,0.024752475247524754,0.08333333333333333,0.0,0.0,0.0007204610951008645
hier_clust,2,11,single,False,1791,7520,0.23816489361702128,0.0,0.0,1.0,0.0014524328249818446,0.024752475247524754,0.08333333333333333,0.0,0.0,0.0007204610951008645
hier_clust,False,12,median,True,1791,7520,0.23816489361702128,0.000689655172413793,0.0,1.0,0.0014524328249818446,0.019801980198019802,0.0,0.0,0.0,0.001440922190201729
hier_clust,False,13,centroid,True,1791,7520,0.23816489361702128,0.0,0.0,1.0,0.002178649237472767,0.01485148514851485,0.0,0.0,0.0,0.002161383285302594
hier_clust,False,15,single,False,1791,7520,0.23816489361702128,0.0,0.0017528483786152498,1.0,0.002904865649963689,0.0049504950495049506,0.0,0.0,0.0,0.001440922190201729
hier_clust,False,14,centroid,True,1791,7520,0.23816489361702128,0.0,0.0,1.0,0.002178649237472767,0.01485148514851485,0.0,0.0,0.0,0.002161383285302594
hier_clust,10,12,single,True,1791,7520,0.23816489361702128,0.0,0.0,1.0,0.004357298474945534,0.0,0.0,0.0,0.0,0.002161383285302594
hier_clust,2,12,single,True,1791,7520,0.23816489361702128,0.0,0.0,1.0,0.0,0.0297029702970297,0.0,0.0,0.014925373134328358,0.0007204610951008645
hier_clust,2,11,single,True,1791,7520,0.23816489361702128,0.0,0.0,1.0,0.0,0.0297029702970297,0.0,0.0,0.014925373134328358,0.0007204610951008645
hier_clust,20,14,single,True,1791,7520,0.23816489361702128,0.000689655172413793,0.0017528483786152498,1.0,0.002178649237472767,0.0,0.0,0.0,0.0,0.002161383285302594
hier_clust,2,9,single,False,1791,7520,0.23816489361702128,0.0,0.0,1.0,0.0014524328249818446,0.024752475247524754,0.08333333333333333,0.0,0.0,0.0007204610951008645
hier_clust,False,14,single,True,1791,7520,0.23816489361702128,0.000689655172413793,0.0017528483786152498,1.0,0.0014524328249818446,0.0049504950495049506,0.0,0.0,0.0,0.002161383285302594
hier_clust,False,12,centroid,True,1791,7520,0.23816489361702128,0.0,0.0,1.0,0.002178649237472767,0.01485148514851485,0.0,0.0,0.0,0.002161383285302594
hier_clust,5,14,single,False,1791,7520,0.23816489361702128,0.0,0.0017528483786152498,1.0,0.002178649237472767,0.009900990099009901,0.0,0.0,0.0,0.001440922190201729
hier_clust,10,13,centroid,True,1791,7520,0.23816489361702128,0.000689655172413793,0.0,1.0,0.0036310820624546117,0.0,0.0,0.0,0.0,0.002161383285302594
hier_clust,False,11,median,True,1791,7520,0.23816489361702128,0.000689655172413793,0.0,0.999438832772166,0.002178649237472767,0.019801980198019802,0.0,0.0,0.0,0.001440922190201729
hier_clust,5,11,single,True,1791,7520,0.23816489361702128,0.0,0.0008764241893076249,1.0,0.002904865649963689,0.01485148514851485,0.0,0.0,0.0,0.0007204610951008645
hier_clust,False,11,centroid,True,1791,7520,0.23816489361702128,0.0,0.0,1.0,0.002178649237472767,0.01485148514851485,0.0,0.0,0.0,0.002161383285302594
hier_clust,False,15,median,False,1791,7520,0.23816489361702128,0.0,0.0017528483786152498,0.999438832772166,0.002178649237472767,0.009900990099009901,0.0,0.0,0.0,0.002161383285302594
hier_clust,2,12,single,False,1791,7520,0.23816489361702128,0.0,0.0,1.0,0.0014524328249818446,0.024752475247524754,0.08333333333333333,0.0,0.0,0.0007204610951008645
hier_clust,10,12,centroid,True,1791,7520,0.23816489361702128,0.000689655172413793,0.0,1.0,0.0036310820624546117,0.0,0.0,0.0,0.0,0.002161383285302594
hier_clust,3,10,single,True,1791,7520,0.23816489361702128,0.0,0.0008764241893076249,1.0,0.0036310820624546117,0.009900990099009901,0.0,0.0,0.007462686567164179,0.0
hier_clust,20,14,centroid,True,1791,7520,0.23816489361702128,0.0,0.0,1.0,0.0036310820624546117,0.0049504950495049506,0.0,0.0,0.0,0.002161383285302594
hier_clust,10,14,single,False,1791,7520,0.23816489361702128,0.001379310344827586,0.0,1.0,0.0036310820624546117,0.0,0.0,0.0,0.0,0.001440922190201729
hier_clust,20,14,single,False,1791,7520,0.23816489361702128,0.0,0.0017528483786152498,1.0,0.0036310820624546117,0.0,0.0,0.0,0.0,0.001440922190201729
hier_clust,20,15,centroid,True,1791,7520,0.23816489361702128,0.0,0.0,1.0,0.0036310820624546117,0.0049504950495049506,0.0,0.0,0.0,0.002161383285302594
hier_clust,4,10,single,True,1791,7520,0.23816489361702128,0.0,0.0,1.0,0.004357298474945534,0.009900990099009901,0.0,0.0,0.0,0.0007204610951008645
hier_clust,4,9,single,True,1791,7520,0.23816489361702128,0.0,0.0,1.0,0.004357298474945534,0.009900990099009901,0.0,0.0,0.0,0.0007204610951008645
hier_clust,4,13,single,False,1791,7520,0.23816489361702128,0.0,0.0008764241893076249,1.0,0.002904865649963689,0.0049504950495049506,0.0,0.0,0.007462686567164179,0.001440922190201729
hier_clust,20,13,median,True,1791,7520,0.23816489361702128,0.000689655172413793,0.0043821209465381246,0.9971941638608305,0.002904865649963689,0.0049504950495049506,0.0,0.0,0.0,0.002161383285302594
hier_clust,False,17,centroid,False,1790,7520,0.23803191489361702,0.0,0.0,1.0,0.002904865649963689,0.0049504950495049506,0.0,0.0,0.007462686567164179,0.001440922190201729
hier_clust,20,12,centroid,True,1790,7520,0.23803191489361702,0.0,0.0,1.0,0.002904865649963689,0.0049504950495049506,0.0,0.0,0.0,0.002161383285302594
hier_clust,5,13,single,False,1790,7520,0.23803191489361702,0.0,0.0008764241893076249,1.0,0.002178649237472767,0.009900990099009901,0.0,0.0,0.0,0.001440922190201729
hier_clust,20,13,centroid,True,1790,7520,0.23803191489361702,0.0,0.0,1.0,0.002904865649963689,0.0049504950495049506,0.0,0.0,0.0,0.002161383285302594
hier_clust,10,11,centroid,True,1790,7520,0.23803191489361702,0.000689655172413793,0.0,1.0,0.004357298474945534,0.0,0.0,0.0,0.0,0.0007204610951008645
hier_clust,5,10,single,True,1790,7520,0.23803191489361702,0.0,0.0,1.0,0.002904865649963689,0.01485148514851485,0.0,0.0,0.0,0.0007204610951008645
hier_clust,3,9,single,True,1790,7520,0.23803191489361702,0.0,0.0008764241893076249,1.0,0.002904865649963689,0.009900990099009901,0.0,0.0,0.007462686567164179,0.0
hier_clust,False,12,median,False,1790,7520,0.23803191489361702,0.0,0.0017528483786152498,0.999438832772166,0.0014524328249818446,0.009900990099009901,0.0,0.0,0.0,0.002161383285302594
hier_clust,False,14,median,False,1790,7520,0.23803191489361702,0.0,0.0017528483786152498,0.999438832772166,0.0014524328249818446,0.009900990099009901,0.0,0.0,0.0,0.002161383285302594
hier_clust,False,13,median,False,1790,7520,0.23803191489361702,0.0,0.0017528483786152498,0.999438832772166,0.0014524328249818446,0.009900990099009901,0.0,0.0,0.0,0.002161383285302594
hier_clust,False,13,single,True,1790,7520,0.23803191489361702,0.000689655172413793,0.0017528483786152498,1.0,0.0007262164124909223,0.0049504950495049506,0.0,0.0,0.0,0.002161383285302594
hier_clust,False,10,centroid,True,1790,7520,0.23803191489361702,0.0,0.0,1.0,0.0014524328249818446,0.01485148514851485,0.0,0.0,0.0,0.002161383285302594
hier_clust,20,13,single,False,1790,7520,0.23803191489361702,0.0,0.0017528483786152498,1.0,0.002904865649963689,0.0,0.0,0.0,0.0,0.001440922190201729
hier_clust,2,8,single,False,1790,7520,0.23803191489361702,0.0,0.0,1.0,0.0014524328249818446,0.024752475247524754,0.08333333333333333,0.0,0.0,0.0
hier_clust,20,13,single,True,1790,7520,0.23803191489361702,0.000689655172413793,0.0017528483786152498,1.0,0.0014524328249818446,0.0,0.0,0.0,0.0,0.002161383285302594
hier_clust,10,10,median,True,1790,7520,0.23803191489361702,0.0,0.0008764241893076249,0.9966329966329966,0.005083514887436456,0.01485148514851485,0.0,0.0,0.0,0.002161383285302594
hier_clust,10,11,median,True,1790,7520,0.23803191489361702,0.0,0.0008764241893076249,0.9966329966329966,0.005083514887436456,0.01485148514851485,0.0,0.0,0.0,0.002161383285302594
hier_clust,10,15,median,False,1790,7520,0.23803191489361702,0.001379310344827586,0.0,1.0,0.002178649237472767,0.0,0.0,0.0,0.0,0.002161383285302594
hier_clust,2,10,single,True,1790,7520,0.23803191489361702,0.0,0.0,1.0,0.0,0.024752475247524754,0.0,0.0,0.014925373134328358,0.0007204610951008645
hier_clust,10,11,single,True,1790,7520,0.23803191489361702,0.0,0.0,1.0,0.0036310820624546117,0.0,0.0,0.0,0.0,0.002161383285302594
hier_clust,20,12,median,True,1790,7520,0.23803191489361702,0.000689655172413793,0.0043821209465381246,0.9971941638608305,0.002904865649963689,0.0049504950495049506,0.0,0.0,0.0,0.001440922190201729
hier_clust,False,13,single,False,1790,7520,0.23803191489361702,0.0,0.0017528483786152498,1.0,0.002178649237472767,0.0049504950495049506,0.0,0.0,0.0,0.001440922190201729
hier_clust,10,13,single,False,1790,7520,0.23803191489361702,0.001379310344827586,0.0,1.0,0.002904865649963689,0.0,0.0,0.0,0.0,0.001440922190201729
hier_clust,False,14,single,False,1790,7520,0.23803191489361702,0.0,0.0017528483786152498,1.0,0.002178649237472767,0.0049504950495049506,0.0,0.0,0.0,0.001440922190201729
hier_clust,3,11,single,False,1790,7520,0.23803191489361702,0.0,0.0,1.0,0.004357298474945534,0.0049504950495049506,0.0,0.0,0.0,0.0007204610951008645
hier_clust,False,10,median,True,1789,7520,0.23789893617021277,0.0,0.0,1.0,0.0007262164124909223,0.019801980198019802,0.0,0.0,0.0,0.001440922190201729
hier_clust,3,10,single,False,1789,7520,0.23789893617021277,0.0,0.0,1.0,0.0036310820624546117,0.0049504950495049506,0.0,0.0,0.0,0.0007204610951008645
hier_clust,False,9,centroid,True,1789,7520,0.23789893617021277,0.0,0.0,1.0,0.0014524328249818446,0.01485148514851485,0.0,0.0,0.0,0.001440922190201729
hier_clust,10,12,single,False,1789,7520,0.23789893617021277,0.000689655172413793,0.0,1.0,0.002904865649963689,0.0,0.0,0.0,0.0,0.001440922190201729
hier_clust,False,11,single,True,1789,7520,0.23789893617021277,0.000689655172413793,0.0017528483786152498,1.0,0.0007262164124909223,0.0049504950495049506,0.0,0.0,0.0,0.001440922190201729
hier_clust,20,12,single,False,1789,7520,0.23789893617021277,0.0,0.0017528483786152498,1.0,0.002178649237472767,0.0,0.0,0.0,0.0,0.001440922190201729
hier_clust,False,12,single,True,1789,7520,0.23789893617021277,0.000689655172413793,0.0017528483786152498,1.0,0.0007262164124909223,0.0049504950495049506,0.0,0.0,0.0,0.001440922190201729
hier_clust,10,8,median,True,1789,7520,0.23789893617021277,0.0,0.0008764241893076249,0.999438832772166,0.0007262164124909223,0.01485148514851485,0.0,0.0,0.0,0.002161383285302594
hier_clust,20,12,single,True,1789,7520,0.23789893617021277,0.000689655172413793,0.0017528483786152498,1.0,0.0007262164124909223,0.0,0.0,0.0,0.0,0.002161383285302594
hier_clust,3,9,single,False,1789,7520,0.23789893617021277,0.0,0.0,1.0,0.0036310820624546117,0.0049504950495049506,0.0,0.0,0.0,0.0007204610951008645
hier_clust,10,9,median,True,1789,7520,0.23789893617021277,0.0,0.0008764241893076249,0.999438832772166,0.0007262164124909223,0.01485148514851485,0.0,0.0,0.0,0.002161383285302594
hier_clust,5,10,single,False,1789,7520,0.23789893617021277,0.0,0.0008764241893076249,1.0,0.0014524328249818446,0.009900990099009901,0.0,0.0,0.0,0.001440922190201729
hier_clust,2,7,single,True,1789,7520,0.23789893617021277,0.0,0.0,1.0,0.0,0.024752475247524754,0.0,0.0,0.014925373134328358,0.0
hier_clust,4,3,median,False,1789,7520,0.23789893617021277,0.0,0.0,0.9438832772166106,0.07770515613652869,0.0,0.0,0.0,0.0,0.0
hier_clust,2,7,single,False,1789,7520,0.23789893617021277,0.0,0.0,1.0,0.0014524328249818446,0.019801980198019802,0.08333333333333333,0.0,0.0,0.0
hier_clust,4,11,single,False,1789,7520,0.23789893617021277,0.0,0.0008764241893076249,1.0,0.0014524328249818446,0.0049504950495049506,0.0,0.0,0.007462686567164179,0.001440922190201729
hier_clust,2,8,single,True,1789,7520,0.23789893617021277,0.0,0.0,1.0,0.0,0.024752475247524754,0.0,0.0,0.014925373134328358,0.0
hier_clust,False,15,centroid,False,1789,7520,0.23789893617021277,0.0,0.0,1.0,0.002178649237472767,0.0049504950495049506,0.0,0.0,0.007462686567164179,0.001440922190201729
hier_clust,2,9,single,True,1789,7520,0.23789893617021277,0.0,0.0,1.0,0.0,0.024752475247524754,0.0,0.0,0.014925373134328358,0.0
hier_clust,20,11,centroid,True,1789,7520,0.23789893617021277,0.0,0.0,1.0,0.002178649237472767,0.0049504950495049506,0.0,0.0,0.0,0.002161383285302594
hier_clust,5,9,single,True,1789,7520,0.23789893617021277,0.0,0.0,1.0,0.002904865649963689,0.009900990099009901,0.0,0.0,0.0,0.0007204610951008645
hier_clust,4,12,single,False,1789,7520,0.23789893617021277,0.0,0.0008764241893076249,1.0,0.0014524328249818446,0.0049504950495049506,0.0,0.0,0.007462686567164179,0.001440922190201729
hier_clust,4,10,single,False,1789,7520,0.23789893617021277,0.0,0.0008764241893076249,1.0,0.0014524328249818446,0.0049504950495049506,0.0,0.0,0.007462686567164179,0.001440922190201729
hier_clust,10,14,median,False,1789,7520,0.23789893617021277,0.001379310344827586,0.0,1.0,0.002178649237472767,0.0,0.0,0.0,0.0,0.001440922190201729
hier_clust,False,12,single,False,1789,7520,0.23789893617021277,0.0,0.0017528483786152498,1.0,0.002178649237472767,0.0,0.0,0.0,0.0,0.001440922190201729
hier_clust,5,12,single,False,1789,7520,0.23789893617021277,0.0,0.0008764241893076249,1.0,0.0014524328249818446,0.009900990099009901,0.0,0.0,0.0,0.001440922190201729
hier_clust,5,11,single,False,1789,7520,0.23789893617021277,0.0,0.0008764241893076249,1.0,0.0014524328249818446,0.009900990099009901,0.0,0.0,0.0,0.001440922190201729
hier_clust,10,10,single,True,1789,7520,0.23789893617021277,0.0,0.0,1.0,0.002904865649963689,0.0,0.0,0.0,0.0,0.002161383285302594
hier_clust,4,8,single,True,1789,7520,0.23789893617021277,0.0,0.0,1.0,0.002904865649963689,0.009900990099009901,0.0,0.0,0.0,0.0007204610951008645
hier_clust,10,7,median,True,1788,7520,0.2377659574468085,0.0,0.0008764241893076249,0.9988776655443322,0.0007262164124909223,0.01485148514851485,0.0,0.0,0.0,0.002161383285302594
hier_clust,10,6,median,True,1788,7520,0.2377659574468085,0.0,0.0008764241893076249,0.9988776655443322,0.0007262164124909223,0.01485148514851485,0.0,0.0,0.0,0.002161383285302594
hier_clust,5,9,single,False,1788,7520,0.2377659574468085,0.0,0.0008764241893076249,1.0,0.0007262164124909223,0.009900990099009901,0.0,0.0,0.0,0.001440922190201729
hier_clust,10,12,median,False,1788,7520,0.2377659574468085,0.001379310344827586,0.0,1.0,0.002178649237472767,0.0,0.0,0.0,0.0,0.0007204610951008645
hier_clust,False,10,single,False,1788,7520,0.2377659574468085,0.0,0.0017528483786152498,1.0,0.0014524328249818446,0.0,0.0,0.0,0.0,0.001440922190201729
hier_clust,10,11,single,False,1788,7520,0.2377659574468085,0.000689655172413793,0.0,1.0,0.002178649237472767,0.0,0.0,0.0,0.0,0.001440922190201729
hier_clust,2,6,single,False,1788,7520,0.2377659574468085,0.0,0.0,1.0,0.0014524328249818446,0.019801980198019802,0.0,0.0,0.0,0.0
hier_clust,False,9,median,False,1788,7520,0.2377659574468085,0.0,0.0017528483786152498,0.999438832772166,0.0007262164124909223,0.009900990099009901,0.0,0.0,0.0,0.001440922190201729
hier_clust,False,10,median,False,1788,7520,0.2377659574468085,0.0,0.0017528483786152498,0.999438832772166,0.0007262164124909223,0.009900990099009901,0.0,0.0,0.0,0.001440922190201729
hier_clust,False,11,median,False,1788,7520,0.2377659574468085,0.0,0.0017528483786152498,0.999438832772166,0.0007262164124909223,0.009900990099009901,0.0,0.0,0.0,0.001440922190201729
hier_clust,10,10,centroid,True,1788,7520,0.2377659574468085,0.000689655172413793,0.0,0.999438832772166,0.0036310820624546117,0.0,0.0,0.0,0.0,0.0007204610951008645
hier_clust,20,11,single,False,1788,7520,0.2377659574468085,0.0,0.0017528483786152498,1.0,0.0014524328249818446,0.0,0.0,0.0,0.0,0.001440922190201729
hier_clust,20,10,single,False,1788,7520,0.2377659574468085,0.0,0.0017528483786152498,1.0,0.0014524328249818446,0.0,0.0,0.0,0.0,0.001440922190201729
hier_clust,False,10,single,True,1788,7520,0.2377659574468085,0.0,0.0017528483786152498,1.0,0.0007262164124909223,0.0049504950495049506,0.0,0.0,0.0,0.001440922190201729
hier_clust,10,13,median,False,1788,7520,0.2377659574468085,0.001379310344827586,0.0,1.0,0.002178649237472767,0.0,0.0,0.0,0.0,0.0007204610951008645
hier_clust,4,9,single,False,1788,7520,0.2377659574468085,0.0,0.0008764241893076249,1.0,0.0007262164124909223,0.0049504950495049506,0.0,0.0,0.007462686567164179,0.001440922190201729
hier_clust,20,10,centroid,True,1788,7520,0.2377659574468085,0.0,0.0,1.0,0.002178649237472767,0.0049504950495049506,0.0,0.0,0.0,0.001440922190201729
hier_clust,False,11,single,False,1788,7520,0.2377659574468085,0.0,0.0017528483786152498,1.0,0.0014524328249818446,0.0,0.0,0.0,0.0,0.001440922190201729
hier_clust,5,5,centroid,True,1788,7520,0.2377659574468085,0.0,0.0,1.0,0.002904865649963689,0.009900990099009901,0.0,0.0,0.0,0.0
hier_clust,20,11,single,True,1788,7520,0.2377659574468085,0.000689655172413793,0.0017528483786152498,1.0,0.0007262164124909223,0.0,0.0,0.0,0.0,0.001440922190201729
hier_clust,5,8,single,True,1788,7520,0.2377659574468085,0.0,0.0,1.0,0.002178649237472767,0.009900990099009901,0.0,0.0,0.0,0.0007204610951008645
hier_clust,2,6,single,True,1788,7520,0.2377659574468085,0.0,0.0,1.0,0.0,0.019801980198019802,0.0,0.0,0.014925373134328358,0.0
hier_clust,3,8,single,False,1788,7520,0.2377659574468085,0.0,0.0,1.0,0.002904865649963689,0.0049504950495049506,0.0,0.0,0.0,0.0007204610951008645
hier_clust,20,10,single,True,1788,7520,0.2377659574468085,0.000689655172413793,0.0017528483786152498,1.0,0.0007262164124909223,0.0,0.0,0.0,0.0,0.001440922190201729
hier_clust,4,7,single,True,1788,7520,0.2377659574468085,0.0,0.0,1.0,0.002178649237472767,0.009900990099009901,0.0,0.0,0.0,0.0007204610951008645
hier_clust,10,9,single,True,1788,7520,0.2377659574468085,0.0,0.0,1.0,0.002178649237472767,0.0,0.0,0.0,0.0,0.002161383285302594
hier_clust,False,8,centroid,True,1788,7520,0.2377659574468085,0.0,0.0,1.0,0.0007262164124909223,0.01485148514851485,0.0,0.0,0.0,0.001440922190201729
hier_clust,False,12,centroid,False,1788,7520,0.2377659574468085,0.0,0.0,1.0,0.002178649237472767,0.0049504950495049506,0.0,0.0,0.0,0.001440922190201729
hier_clust,False,14,centroid,False,1788,7520,0.2377659574468085,0.0,0.0,1.0,0.002178649237472767,0.0049504950495049506,0.0,0.0,0.0,0.001440922190201729
hier_clust,False,10,centroid,False,1788,7520,0.2377659574468085,0.0,0.0,1.0,0.002178649237472767,0.0049504950495049506,0.0,0.0,0.0,0.001440922190201729
hier_clust,False,13,centroid,False,1788,7520,0.2377659574468085,0.0,0.0,1.0,0.002178649237472767,0.0049504950495049506,0.0,0.0,0.0,0.001440922190201729
hier_clust,False,11,centroid,False,1788,7520,0.2377659574468085,0.0,0.0,1.0,0.002178649237472767,0.0049504950495049506,0.0,0.0,0.0,0.001440922190201729
hier_clust,False,9,centroid,False,1788,7520,0.2377659574468085,0.0,0.0,1.0,0.002178649237472767,0.0049504950495049506,0.0,0.0,0.0,0.001440922190201729
hier_clust,20,10,centroid,False,1787,7520,0.23763297872340425,0.0,0.0,1.0,0.0014524328249818446,0.0,0.0,0.0,0.007462686567164179,0.001440922190201729
hier_clust,False,9,single,True,1787,7520,0.23763297872340425,0.0,0.0017528483786152498,1.0,0.0007262164124909223,0.0,0.0,0.0,0.0,0.001440922190201729
hier_clust,3,7,single,False,1787,7520,0.23763297872340425,0.0,0.0,1.0,0.002178649237472767,0.0049504950495049506,0.0,0.0,0.0,0.0007204610951008645
hier_clust,False,9,single,False,1787,7520,0.23763297872340425,0.0,0.0017528483786152498,1.0,0.0007262164124909223,0.0,0.0,0.0,0.0,0.001440922190201729
hier_clust,3,6,single,False,1787,7520,0.23763297872340425,0.0,0.0,1.0,0.002178649237472767,0.0049504950495049506,0.0,0.0,0.0,0.0007204610951008645
hier_clust,20,9,centroid,True,1787,7520,0.23763297872340425,0.0,0.0,1.0,0.0014524328249818446,0.0049504950495049506,0.0,0.0,0.0,0.001440922190201729
hier_clust,20,11,median,True,1787,7520,0.23763297872340425,0.000689655172413793,0.0,0.999438832772166,0.002178649237472767,0.0049504950495049506,0.0,0.0,0.0,0.0007204610951008645
hier_clust,3,8,single,True,1787,7520,0.23763297872340425,0.0,0.0008764241893076249,1.0,0.0007262164124909223,0.009900990099009901,0.0,0.0,0.007462686567164179,0.0
hier_clust,5,8,single,False,1787,7520,0.23763297872340425,0.0,0.0,1.0,0.0007262164124909223,0.009900990099009901,0.0,0.0,0.0,0.001440922190201729
hier_clust,20,9,single,False,1787,7520,0.23763297872340425,0.0,0.0017528483786152498,1.0,0.0007262164124909223,0.0,0.0,0.0,0.0,0.001440922190201729
hier_clust,20,9,single,True,1787,7520,0.23763297872340425,0.0,0.0017528483786152498,1.0,0.0007262164124909223,0.0,0.0,0.0,0.0,0.001440922190201729
hier_clust,20,7,average,True,1787,7520,0.23763297872340425,0.0,0.0008764241893076249,1.0,0.002178649237472767,0.0,0.0,0.0,0.0,0.0007204610951008645
hier_clust,4,6,single,True,1787,7520,0.23763297872340425,0.0,0.0,1.0,0.0014524328249818446,0.009900990099009901,0.0,0.0,0.0,0.0007204610951008645
hier_clust,2,5,single,True,1787,7520,0.23763297872340425,0.0,0.0,1.0,0.0,0.019801980198019802,0.0,0.0,0.007462686567164179,0.0
hier_clust,10,7,average,True,1787,7520,0.23763297872340425,0.0,0.0,1.0,0.0007262164124909223,0.0049504950495049506,0.0,0.0,0.0,0.002161383285302594
hier_clust,10,10,single,False,1787,7520,0.23763297872340425,0.000689655172413793,0.0,1.0,0.002178649237472767,0.0,0.0,0.0,0.0,0.0007204610951008645
hier_clust,10,11,median,False,1787,7520,0.23763297872340425,0.001379310344827586,0.0,1.0,0.0014524328249818446,0.0,0.0,0.0,0.0,0.0007204610951008645
hier_clust,10,8,single,True,1787,7520,0.23763297872340425,0.0,0.0,1.0,0.0014524328249818446,0.0,0.0,0.0,0.0,0.002161383285302594
hier_clust,5,7,single,True,1787,7520,0.23763297872340425,0.0,0.0,1.0,0.002178649237472767,0.0049504950495049506,0.0,0.0,0.0,0.0007204610951008645
hier_clust,4,8,single,False,1787,7520,0.23763297872340425,0.0,0.0008764241893076249,1.0,0.0007262164124909223,0.0049504950495049506,0.0,0.0,0.0,0.001440922190201729
hier_clust,20,11,centroid,False,1787,7520,0.23763297872340425,0.0,0.0,1.0,0.0014524328249818446,0.0,0.0,0.0,0.007462686567164179,0.001440922190201729
hier_clust,False,8,median,False,1787,7520,0.23763297872340425,0.0,0.0,1.0,0.0007262164124909223,0.009900990099009901,0.0,0.0,0.0,0.001440922190201729
hier_clust,False,7,median,False,1787,7520,0.23763297872340425,0.0,0.0,1.0,0.0007262164124909223,0.009900990099009901,0.0,0.0,0.0,0.001440922190201729
hier_clust,2,5,single,False,1787,7520,0.23763297872340425,0.0,0.0,1.0,0.0014524328249818446,0.01485148514851485,0.0,0.0,0.0,0.0
hier_clust,10,8,median,False,1786,7520,0.2375,0.001379310344827586,0.0,1.0,0.0007262164124909223,0.0,0.0,0.0,0.0,0.0007204610951008645
hier_clust,False,6,median,True,1786,7520,0.2375,0.0,0.0,1.0,0.0007262164124909223,0.0049504950495049506,0.0,0.0,0.0,0.001440922190201729
hier_clust,10,4,weighted,True,1786,7520,0.2375,0.0,0.0,0.9983164983164983,0.005083514887436456,0.0,0.0,0.0,0.0,0.0
hier_clust,5,6,single,True,1786,7520,0.2375,0.0,0.0,1.0,0.0014524328249818446,0.0049504950495049506,0.0,0.0,0.0,0.0007204610951008645
hier_clust,4,5,single,True,1786,7520,0.2375,0.0,0.0,1.0,0.0007262164124909223,0.009900990099009901,0.0,0.0,0.0,0.0007204610951008645
hier_clust,10,6,centroid,False,1786,7520,0.2375,0.0,0.0,1.0,0.002178649237472767,0.0,0.0,0.0,0.0,0.0007204610951008645
hier_clust,10,5,centroid,False,1786,7520,0.2375,0.0,0.0,1.0,0.002178649237472767,0.0,0.0,0.0,0.0,0.0007204610951008645
hier_clust,10,6,average,True,1786,7520,0.2375,0.0,0.0,1.0,0.0,0.0049504950495049506,0.0,0.0,0.0,0.002161383285302594
hier_clust,10,7,single,True,1786,7520,0.2375,0.0,0.0,1.0,0.0007262164124909223,0.0,0.0,0.0,0.0,0.002161383285302594
hier_clust,10,5,average,True,1786,7520,0.2375,0.0,0.0,1.0,0.0,0.0049504950495049506,0.0,0.0,0.0,0.002161383285302594
hier_clust,4,3,centroid,True,1786,7520,0.2375,0.000689655172413793,0.0,1.0,0.0,0.01485148514851485,0.0,0.0,0.0,0.0
hier_clust,False,8,single,True,1786,7520,0.2375,0.0,0.0008764241893076249,1.0,0.0007262164124909223,0.0,0.0,0.0,0.0,0.001440922190201729
hier_clust,4,7,single,False,1786,7520,0.2375,0.0,0.0,1.0,0.0007262164124909223,0.0049504950495049506,0.0,0.0,0.0,0.001440922190201729
hier_clust,False,7,single,True,1786,7520,0.2375,0.0,0.0008764241893076249,1.0,0.0007262164124909223,0.0,0.0,0.0,0.0,0.001440922190201729
hier_clust,False,7,median,True,1786,7520,0.2375,0.0,0.0,1.0,0.0007262164124909223,0.0049504950495049506,0.0,0.0,0.0,0.001440922190201729
hier_clust,False,8,median,True,1786,7520,0.2375,0.0,0.0,1.0,0.0007262164124909223,0.0049504950495049506,0.0,0.0,0.0,0.001440922190201729
hier_clust,10,10,median,False,1786,7520,0.2375,0.001379310344827586,0.0,1.0,0.0007262164124909223,0.0,0.0,0.0,0.0,0.0007204610951008645
hier_clust,10,9,median,False,1786,7520,0.2375,0.001379310344827586,0.0,1.0,0.0007262164124909223,0.0,0.0,0.0,0.0,0.0007204610951008645
hier_clust,3,5,single,False,1786,7520,0.2375,0.0,0.0,1.0,0.0014524328249818446,0.0049504950495049506,0.0,0.0,0.0,0.0007204610951008645
hier_clust,20,9,median,True,1786,7520,0.2375,0.000689655172413793,0.0,0.999438832772166,0.002178649237472767,0.0,0.0,0.0,0.0,0.0007204610951008645
hier_clust,False,7,single,False,1786,7520,0.2375,0.0,0.0008764241893076249,1.0,0.0007262164124909223,0.0,0.0,0.0,0.0,0.001440922190201729
hier_clust,False,9,median,True,1786,7520,0.2375,0.0,0.0,1.0,0.0007262164124909223,0.0049504950495049506,0.0,0.0,0.0,0.001440922190201729
hier_clust,10,9,single,False,1786,7520,0.2375,0.0,0.0,1.0,0.002178649237472767,0.0,0.0,0.0,0.0,0.0007204610951008645
hier_clust,False,6,median,False,1786,7520,0.2375,0.0,0.0,1.0,0.0007262164124909223,0.009900990099009901,0.0,0.0,0.0,0.0007204610951008645
hier_clust,20,8,centroid,True,1786,7520,0.2375,0.0,0.0,1.0,0.0007262164124909223,0.0049504950495049506,0.0,0.0,0.0,0.001440922190201729
hier_clust,4,6,single,False,1786,7520,0.2375,0.0,0.0,1.0,0.0007262164124909223,0.0049504950495049506,0.0,0.0,0.0,0.001440922190201729
hier_clust,5,7,single,False,1786,7520,0.2375,0.0,0.0,1.0,0.0007262164124909223,0.0049504950495049506,0.0,0.0,0.0,0.001440922190201729
hier_clust,20,8,single,False,1786,7520,0.2375,0.0,0.0008764241893076249,1.0,0.0007262164124909223,0.0,0.0,0.0,0.0,0.001440922190201729
hier_clust,20,9,centroid,False,1786,7520,0.2375,0.0,0.0,1.0,0.0014524328249818446,0.0,0.0,0.0,0.0,0.001440922190201729
hier_clust,20,8,centroid,False,1786,7520,0.2375,0.0,0.0,1.0,0.0014524328249818446,0.0,0.0,0.0,0.0,0.001440922190201729
hier_clust,3,7,single,True,1786,7520,0.2375,0.0,0.0,1.0,0.0007262164124909223,0.009900990099009901,0.0,0.0,0.007462686567164179,0.0
hier_clust,20,7,median,True,1786,7520,0.2375,0.000689655172413793,0.0,0.999438832772166,0.002178649237472767,0.0,0.0,0.0,0.0,0.0007204610951008645
hier_clust,20,6,median,True,1786,7520,0.2375,0.000689655172413793,0.0,0.999438832772166,0.002178649237472767,0.0,0.0,0.0,0.0,0.0007204610951008645
hier_clust,False,8,centroid,False,1786,7520,0.2375,0.0,0.0,1.0,0.0007262164124909223,0.0049504950495049506,0.0,0.0,0.0,0.001440922190201729
hier_clust,False,7,centroid,False,1786,7520,0.2375,0.0,0.0,1.0,0.0007262164124909223,0.0049504950495049506,0.0,0.0,0.0,0.001440922190201729
hier_clust,20,8,single,True,1786,7520,0.2375,0.0,0.0008764241893076249,1.0,0.0007262164124909223,0.0,0.0,0.0,0.0,0.001440922190201729
hier_clust,20,5,weighted,True,1786,7520,0.2375,0.0,0.0035056967572304996,0.999438832772166,0.0,0.0,0.0,0.0,0.0,0.0007204610951008645
hier_clust,20,6,average,True,1786,7520,0.2375,0.0,0.0,1.0,0.002178649237472767,0.0,0.0,0.0,0.0,0.0007204610951008645
hier_clust,20,7,single,True,1786,7520,0.2375,0.0,0.0008764241893076249,1.0,0.0007262164124909223,0.0,0.0,0.0,0.0,0.001440922190201729
hier_clust,10,9,centroid,True,1786,7520,0.2375,0.000689655172413793,0.0,0.999438832772166,0.002178649237472767,0.0,0.0,0.0,0.0,0.0007204610951008645
hier_clust,20,8,median,False,1786,7520,0.2375,0.0,0.0,1.0,0.0014524328249818446,0.0,0.0,0.0,0.0,0.001440922190201729
hier_clust,10,5,median,True,1786,7520,0.2375,0.0,0.0008764241893076249,0.999438832772166,0.0007262164124909223,0.01485148514851485,0.0,0.0,0.0,0.0
hier_clust,20,10,median,True,1786,7520,0.2375,0.000689655172413793,0.0,0.999438832772166,0.002178649237472767,0.0,0.0,0.0,0.0,0.0007204610951008645
hier_clust,20,8,median,True,1786,7520,0.2375,0.000689655172413793,0.0,0.999438832772166,0.002178649237472767,0.0,0.0,0.0,0.0,0.0007204610951008645
hier_clust,False,8,single,False,1786,7520,0.2375,0.0,0.0008764241893076249,1.0,0.0007262164124909223,0.0,0.0,0.0,0.0,0.001440922190201729
hier_clust,False,5,weighted,False,1785,7520,0.23736702127659576,0.0,0.0035056967572304996,0.9988776655443322,0.0,0.0,0.0,0.0,0.0,0.0007204610951008645
hier_clust,3,6,single,True,1785,7520,0.23736702127659576,0.0,0.0,1.0,0.0007262164124909223,0.009900990099009901,0.0,0.0,0.0,0.0
hier_clust,False,5,median,False,1785,7520,0.23736702127659576,0.0,0.0,1.0,0.0,0.009900990099009901,0.0,0.0,0.0,0.0007204610951008645
hier_clust,20,5,average,True,1785,7520,0.23736702127659576,0.0,0.0,1.0,0.0014524328249818446,0.0,0.0,0.0,0.0,0.0007204610951008645
hier_clust,2,4,single,False,1785,7520,0.23736702127659576,0.0,0.0,1.0,0.0014524328249818446,0.0049504950495049506,0.0,0.0,0.0,0.0
hier_clust,False,6,single,False,1785,7520,0.23736702127659576,0.0,0.0,1.0,0.0007262164124909223,0.0,0.0,0.0,0.0,0.001440922190201729
hier_clust,4,4,single,True,1785,7520,0.23736702127659576,0.0,0.0,1.0,0.0007262164124909223,0.009900990099009901,0.0,0.0,0.0,0.0
hier_clust,20,6,single,False,1785,7520,0.23736702127659576,0.0,0.0,1.0,0.0007262164124909223,0.0,0.0,0.0,0.0,0.001440922190201729
hier_clust,20,7,single,False,1785,7520,0.23736702127659576,0.0,0.0,1.0,0.0007262164124909223,0.0,0.0,0.0,0.0,0.001440922190201729
hier_clust,20,6,single,True,1785,7520,0.23736702127659576,0.0,0.0,1.0,0.0007262164124909223,0.0,0.0,0.0,0.0,0.001440922190201729
hier_clust,20,5,weighted,False,1785,7520,0.23736702127659576,0.0,0.0035056967572304996,0.9988776655443322,0.0,0.0,0.0,0.0,0.0,0.0007204610951008645
hier_clust,20,7,centroid,True,1785,7520,0.23736702127659576,0.0,0.0,1.0,0.0,0.0049504950495049506,0.0,0.0,0.0,0.001440922190201729
hier_clust,False,5,median,True,1785,7520,0.23736702127659576,0.0,0.0,1.0,0.0007262164124909223,0.0,0.0,0.0,0.0,0.001440922190201729
hier_clust,5,5,single,True,1785,7520,0.23736702127659576,0.0,0.0,1.0,0.0014524328249818446,0.0,0.0,0.0,0.0,0.0007204610951008645
hier_clust,10,8,single,False,1785,7520,0.23736702127659576,0.0,0.0,1.0,0.0014524328249818446,0.0,0.0,0.0,0.0,0.0007204610951008645
hier_clust,4,2,centroid,True,1785,7520,0.23736702127659576,0.0,0.0,1.0,0.0,0.01485148514851485,0.0,0.0,0.0,0.0
hier_clust,5,4,centroid,True,1785,7520,0.23736702127659576,0.0,0.0,1.0,0.0007262164124909223,0.009900990099009901,0.0,0.0,0.0,0.0
hier_clust,2,4,single,True,1785,7520,0.23736702127659576,0.0,0.0,1.0,0.0,0.009900990099009901,0.0,0.0,0.007462686567164179,0.0
hier_clust,4,5,single,False,1785,7520,0.23736702127659576,0.0,0.0,1.0,0.0,0.0049504950495049506,0.0,0.0,0.0,0.001440922190201729
hier_clust,5,6,single,False,1785,7520,0.23736702127659576,0.0,0.0,1.0,0.0,0.0049504950495049506,0.0,0.0,0.0,0.001440922190201729
hier_clust,20,7,median,False,1785,7520,0.23736702127659576,0.0,0.0,1.0,0.0014524328249818446,0.0,0.0,0.0,0.0,0.0007204610951008645
hier_clust,10,4,median,True,1785,7520,0.23736702127659576,0.0,0.0008764241893076249,0.999438832772166,0.0,0.01485148514851485,0.0,0.0,0.0,0.0
hier_clust,10,3,median,True,1785,7520,0.23736702127659576,0.0,0.0,1.0,0.0,0.01485148514851485,0.0,0.0,0.0,0.0
hier_clust,10,4,centroid,False,1785,7520,0.23736702127659576,0.0,0.0,1.0,0.0014524328249818446,0.0,0.0,0.0,0.0,0.0007204610951008645
hier_clust,10,6,single,True,1785,7520,0.23736702127659576,0.0,0.0,1.0,0.0007262164124909223,0.0,0.0,0.0,0.0,0.001440922190201729
hier_clust,False,6,average,True,1785,7520,0.23736702127659576,0.0,0.0,1.0,0.0007262164124909223,0.0,0.0,0.0,0.0,0.001440922190201729
hier_clust,False,6,single,True,1785,7520,0.23736702127659576,0.0,0.0,1.0,0.0007262164124909223,0.0,0.0,0.0,0.0,0.001440922190201729
hier_clust,False,5,weighted,True,1785,7520,0.23736702127659576,0.0,0.0035056967572304996,0.9988776655443322,0.0,0.0,0.0,0.0,0.0,0.0007204610951008645
hier_clust,False,6,weighted,True,1785,7520,0.23736702127659576,0.0,0.0035056967572304996,0.9988776655443322,0.0,0.0,0.0,0.0,0.0,0.0007204610951008645
hier_clust,10,7,median,False,1785,7520,0.23736702127659576,0.000689655172413793,0.0,1.0,0.0007262164124909223,0.0,0.0,0.0,0.0,0.0007204610951008645
hier_clust,3,2,centroid,False,1784,7520,0.2372340425531915,0.0,0.0,1.0,0.0,0.009900990099009901,0.0,0.0,0.0,0.0
hier_clust,3,2,centroid,True,1784,7520,0.2372340425531915,0.0,0.0,1.0,0.0014524328249818446,0.0,0.0,0.0,0.0,0.0
hier_clust,False,5,average,False,1784,7520,0.2372340425531915,0.0,0.0,1.0,0.0007262164124909223,0.0,0.0,0.0,0.0,0.0007204610951008645
hier_clust,20,7,centroid,False,1784,7520,0.2372340425531915,0.0,0.0,1.0,0.0007262164124909223,0.0,0.0,0.0,0.0,0.0007204610951008645
hier_clust,10,6,single,False,1784,7520,0.2372340425531915,0.0,0.0,1.0,0.0007262164124909223,0.0,0.0,0.0,0.0,0.0007204610951008645
hier_clust,20,5,single,False,1784,7520,0.2372340425531915,0.0,0.0,1.0,0.0,0.0,0.0,0.0,0.0,0.001440922190201729
hier_clust,False,6,centroid,False,1784,7520,0.2372340425531915,0.0,0.0,1.0,0.0,0.0049504950495049506,0.0,0.0,0.0,0.0007204610951008645
hier_clust,False,5,centroid,False,1784,7520,0.2372340425531915,0.0,0.0,1.0,0.0,0.0049504950495049506,0.0,0.0,0.0,0.0007204610951008645
hier_clust,5,5,single,False,1784,7520,0.2372340425531915,0.0,0.0,1.0,0.0,0.0,0.0,0.0,0.0,0.001440922190201729
hier_clust,20,5,single,True,1784,7520,0.2372340425531915,0.0,0.0,1.0,0.0,0.0,0.0,0.0,0.0,0.001440922190201729
hier_clust,20,5,median,True,1784,7520,0.2372340425531915,0.0,0.0,1.0,0.0007262164124909223,0.0,0.0,0.0,0.0,0.0007204610951008645
hier_clust,4,3,single,True,1784,7520,0.2372340425531915,0.0,0.0,1.0,0.0007262164124909223,0.0049504950495049506,0.0,0.0,0.0,0.0
hier_clust,10,3,average,True,1784,7520,0.2372340425531915,0.0,0.0,0.9983164983164983,0.0,0.0049504950495049506,0.0,0.0,0.0,0.002881844380403458
hier_clust,10,5,single,False,1784,7520,0.2372340425531915,0.0,0.0,1.0,0.0007262164124909223,0.0,0.0,0.0,0.0,0.0007204610951008645
hier_clust,20,6,median,False,1784,7520,0.2372340425531915,0.0,0.0,1.0,0.0007262164124909223,0.0,0.0,0.0,0.0,0.0007204610951008645
hier_clust,10,5,median,False,1784,7520,0.2372340425531915,0.0,0.0,1.0,0.0007262164124909223,0.0,0.0,0.0,0.0,0.0007204610951008645
hier_clust,10,6,median,False,1784,7520,0.2372340425531915,0.0,0.0,1.0,0.0007262164124909223,0.0,0.0,0.0,0.0,0.0007204610951008645
hier_clust,False,5,average,True,1784,7520,0.2372340425531915,0.0,0.0,1.0,0.0007262164124909223,0.0,0.0,0.0,0.0,0.0007204610951008645
hier_clust,10,7,single,False,1784,7520,0.2372340425531915,0.0,0.0,1.0,0.0007262164124909223,0.0,0.0,0.0,0.0,0.0007204610951008645
hier_clust,5,4,single,True,1784,7520,0.2372340425531915,0.0,0.0,1.0,0.0007262164124909223,0.0,0.0,0.0,0.0,0.0007204610951008645
hier_clust,10,5,single,True,1784,7520,0.2372340425531915,0.0,0.0,1.0,0.0007262164124909223,0.0,0.0,0.0,0.0,0.0007204610951008645
hier_clust,3,3,centroid,False,1784,7520,0.2372340425531915,0.0,0.0,1.0,0.0,0.009900990099009901,0.0,0.0,0.0,0.0
hier_clust,10,4,average,True,1784,7520,0.2372340425531915,0.0,0.0,0.9983164983164983,0.0,0.0049504950495049506,0.0,0.0,0.0,0.002881844380403458
hier_clust,3,4,single,False,1784,7520,0.2372340425531915,0.0,0.0,1.0,0.0,0.0049504950495049506,0.0,0.0,0.0,0.0007204610951008645
hier_clust,2,3,single,True,1784,7520,0.2372340425531915,0.0,0.0,1.0,0.0,0.009900990099009901,0.0,0.0,0.0,0.0
hier_clust,False,5,single,False,1784,7520,0.2372340425531915,0.0,0.0,1.0,0.0,0.0,0.0,0.0,0.0,0.001440922190201729
hier_clust,False,6,centroid,True,1784,7520,0.2372340425531915,0.0,0.0,1.0,0.0,0.0,0.0,0.0,0.0,0.001440922190201729
hier_clust,10,8,centroid,True,1784,7520,0.2372340425531915,0.000689655172413793,0.0,0.999438832772166,0.0007262164124909223,0.0,0.0,0.0,0.0,0.0007204610951008645
hier_clust,10,7,centroid,True,1784,7520,0.2372340425531915,0.000689655172413793,0.0,0.999438832772166,0.0007262164124909223,0.0,0.0,0.0,0.0,0.0007204610951008645
hier_clust,False,5,centroid,True,1784,7520,0.2372340425531915,0.0,0.0,1.0,0.0,0.0,0.0,0.0,0.0,0.001440922190201729
hier_clust,3,5,single,True,1784,7520,0.2372340425531915,0.0,0.0,1.0,0.0007262164124909223,0.0049504950495049506,0.0,0.0,0.0,0.0
hier_clust,20,5,average,False,1784,7520,0.2372340425531915,0.0,0.0,1.0,0.0007262164124909223,0.0,0.0,0.0,0.0,0.0007204610951008645
hier_clust,10,4,average,False,1784,7520,0.2372340425531915,0.0,0.0,1.0,0.0,0.0,0.08333333333333333,0.0,0.0,0.0007204610951008645
hier_clust,False,5,single,True,1784,7520,0.2372340425531915,0.0,0.0,1.0,0.0,0.0,0.0,0.0,0.0,0.001440922190201729
hier_clust,4,4,single,False,1784,7520,0.2372340425531915,0.0,0.0,1.0,0.0,0.0049504950495049506,0.0,0.0,0.0,0.0007204610951008645
hier_clust,False,7,centroid,True,1784,7520,0.2372340425531915,0.0,0.0,1.0,0.0,0.0,0.0,0.0,0.0,0.001440922190201729
hier_clust,20,6,centroid,True,1784,7520,0.2372340425531915,0.0,0.0,1.0,0.0,0.0049504950495049506,0.0,0.0,0.0,0.0007204610951008645
hier_clust,5,3,centroid,True,1784,7520,0.2372340425531915,0.0,0.0,1.0,0.0,0.009900990099009901,0.0,0.0,0.0,0.0
hier_clust,5,3,average,False,1783,7520,0.23710106382978724,0.0,0.0,1.0,0.0,0.0,0.0,0.0,0.0,0.0007204610951008645
hier_clust,10,3,single,False,1783,7520,0.23710106382978724,0.0,0.0,1.0,0.0,0.0,0.0,0.0,0.0,0.0007204610951008645
hier_clust,10,3,average,False,1783,7520,0.23710106382978724,0.0,0.0,1.0,0.0,0.0,0.08333333333333333,0.0,0.0,0.0
hier_clust,False,4,centroid,True,1783,7520,0.23710106382978724,0.0,0.0,1.0,0.0,0.0,0.0,0.0,0.0,0.0007204610951008645
hier_clust,10,3,centroid,False,1783,7520,0.23710106382978724,0.0,0.0,1.0,0.0,0.0,0.0,0.0,0.0,0.0007204610951008645
hier_clust,10,4,median,False,1783,7520,0.23710106382978724,0.0,0.0,1.0,0.0,0.0,0.0,0.0,0.0,0.0007204610951008645
hier_clust,False,2,single,True,1783,7520,0.23710106382978724,0.0,0.0,1.0,0.0,0.0,0.0,0.0,0.0,0.0007204610951008645
hier_clust,False,4,single,True,1783,7520,0.23710106382978724,0.0,0.0,1.0,0.0,0.0,0.0,0.0,0.0,0.0007204610951008645
hier_clust,False,3,single,True,1783,7520,0.23710106382978724,0.0,0.0,1.0,0.0,0.0,0.0,0.0,0.0,0.0007204610951008645
hier_clust,5,3,single,True,1783,7520,0.23710106382978724,0.0,0.0,1.0,0.0,0.0,0.0,0.0,0.0,0.0007204610951008645
hier_clust,20,4,average,False,1783,7520,0.23710106382978724,0.0,0.0,1.0,0.0,0.0,0.0,0.0,0.0,0.0007204610951008645
hier_clust,10,3,median,False,1783,7520,0.23710106382978724,0.0,0.0,1.0,0.0,0.0,0.0,0.0,0.0,0.0007204610951008645
hier_clust,10,4,single,False,1783,7520,0.23710106382978724,0.0,0.0,1.0,0.0,0.0,0.0,0.0,0.0,0.0007204610951008645
hier_clust,20,3,median,True,1783,7520,0.23710106382978724,0.0,0.0,1.0,0.0,0.0,0.0,0.0,0.0,0.0007204610951008645
hier_clust,20,4,centroid,False,1783,7520,0.23710106382978724,0.0,0.0,1.0,0.0,0.0,0.0,0.0,0.0,0.0007204610951008645
hier_clust,20,4,weighted,False,1783,7520,0.23710106382978724,0.0,0.0,1.0,0.0,0.0,0.0,0.0,0.0,0.0007204610951008645
hier_clust,10,4,single,True,1783,7520,0.23710106382978724,0.0,0.0,1.0,0.0,0.0,0.0,0.0,0.0,0.0007204610951008645
hier_clust,False,4,average,True,1783,7520,0.23710106382978724,0.0,0.0,1.0,0.0,0.0,0.0,0.0,0.0,0.0007204610951008645
hier_clust,10,3,single,True,1783,7520,0.23710106382978724,0.0,0.0,1.0,0.0,0.0,0.0,0.0,0.0,0.0007204610951008645
hier_clust,20,4,median,True,1783,7520,0.23710106382978724,0.0,0.0,1.0,0.0,0.0,0.0,0.0,0.0,0.0007204610951008645
hier_clust,20,6,centroid,False,1783,7520,0.23710106382978724,0.0,0.0,1.0,0.0,0.0,0.0,0.0,0.0,0.0007204610951008645
hier_clust,4,3,single,False,1783,7520,0.23710106382978724,0.0,0.0,1.0,0.0,0.0,0.0,0.0,0.0,0.0007204610951008645
hier_clust,False,4,average,False,1783,7520,0.23710106382978724,0.0,0.0,1.0,0.0,0.0,0.0,0.0,0.0,0.0007204610951008645
hier_clust,False,3,average,False,1783,7520,0.23710106382978724,0.0,0.0,1.0,0.0,0.0,0.0,0.0,0.0,0.0007204610951008645
hier_clust,10,3,centroid,True,1783,7520,0.23710106382978724,0.0,0.0,1.0,0.0,0.0,0.0,0.0,0.0,0.0007204610951008645
hier_clust,10,4,centroid,True,1783,7520,0.23710106382978724,0.0,0.0,1.0,0.0,0.0,0.0,0.0,0.0,0.0007204610951008645
hier_clust,10,5,centroid,True,1783,7520,0.23710106382978724,0.0,0.0,1.0,0.0,0.0,0.0,0.0,0.0,0.0007204610951008645
hier_clust,False,4,centroid,False,1783,7520,0.23710106382978724,0.0,0.0,1.0,0.0,0.0,0.0,0.0,0.0,0.0007204610951008645
hier_clust,False,3,centroid,False,1783,7520,0.23710106382978724,0.0,0.0,1.0,0.0,0.0,0.0,0.0,0.0,0.0007204610951008645
hier_clust,5,3,single,False,1783,7520,0.23710106382978724,0.0,0.0,1.0,0.0,0.0,0.0,0.0,0.0,0.0007204610951008645
hier_clust,5,4,single,False,1783,7520,0.23710106382978724,0.0,0.0,1.0,0.0,0.0,0.0,0.0,0.0,0.0007204610951008645
hier_clust,10,6,centroid,True,1783,7520,0.23710106382978724,0.000689655172413793,0.0,0.999438832772166,0.0,0.0,0.0,0.0,0.0,0.0007204610951008645
hier_clust,20,5,centroid,False,1783,7520,0.23710106382978724,0.0,0.0,1.0,0.0,0.0,0.0,0.0,0.0,0.0007204610951008645
hier_clust,10,2,single,True,1783,7520,0.23710106382978724,0.0,0.0,1.0,0.0,0.0,0.0,0.0,0.0,0.0007204610951008645
hier_clust,2,2,single,True,1783,7520,0.23710106382978724,0.0,0.0,1.0,0.0,0.0049504950495049506,0.0,0.0,0.0,0.0
hier_clust,20,3,average,False,1783,7520,0.23710106382978724,0.0,0.0,1.0,0.0,0.0,0.0,0.0,0.0,0.0007204610951008645
hier_clust,20,5,median,False,1783,7520,0.23710106382978724,0.0,0.0,1.0,0.0,0.0,0.0,0.0,0.0,0.0007204610951008645
hier_clust,20,4,median,False,1783,7520,0.23710106382978724,0.0,0.0,1.0,0.0,0.0,0.0,0.0,0.0,0.0007204610951008645
hier_clust,False,3,centroid,True,1783,7520,0.23710106382978724,0.0,0.0,1.0,0.0,0.0,0.0,0.0,0.0,0.0007204610951008645
hier_clust,20,4,weighted,True,1783,7520,0.23710106382978724,0.0,0.0,1.0,0.0,0.0,0.0,0.0,0.0,0.0007204610951008645
hier_clust,20,3,single,True,1783,7520,0.23710106382978724,0.0,0.0,1.0,0.0,0.0,0.0,0.0,0.0,0.0007204610951008645
hier_clust,20,2,single,True,1783,7520,0.23710106382978724,0.0,0.0,1.0,0.0,0.0,0.0,0.0,0.0,0.0007204610951008645
hier_clust,2,2,single,False,1783,7520,0.23710106382978724,0.0,0.0,1.0,0.0,0.0049504950495049506,0.0,0.0,0.0,0.0
hier_clust,20,4,single,True,1783,7520,0.23710106382978724,0.0,0.0,1.0,0.0,0.0,0.0,0.0,0.0,0.0007204610951008645
hier_clust,20,2,single,False,1783,7520,0.23710106382978724,0.0,0.0,1.0,0.0,0.0,0.0,0.0,0.0,0.0007204610951008645
hier_clust,False,4,median,False,1783,7520,0.23710106382978724,0.0,0.0,1.0,0.0,0.0,0.0,0.0,0.0,0.0007204610951008645
hier_clust,False,4,weighted,True,1783,7520,0.23710106382978724,0.0,0.0,1.0,0.0,0.0,0.0,0.0,0.0,0.0007204610951008645
hier_clust,3,2,single,True,1783,7520,0.23710106382978724,0.0,0.0,1.0,0.0007262164124909223,0.0,0.0,0.0,0.0,0.0
hier_clust,20,4,single,False,1783,7520,0.23710106382978724,0.0,0.0,1.0,0.0,0.0,0.0,0.0,0.0,0.0007204610951008645
hier_clust,4,2,single,True,1783,7520,0.23710106382978724,0.0,0.0,1.0,0.0007262164124909223,0.0,0.0,0.0,0.0,0.0
hier_clust,20,3,single,False,1783,7520,0.23710106382978724,0.0,0.0,1.0,0.0,0.0,0.0,0.0,0.0,0.0007204610951008645
hier_clust,3,4,single,True,1783,7520,0.23710106382978724,0.0,0.0,1.0,0.0007262164124909223,0.0,0.0,0.0,0.0,0.0
hier_clust,False,3,median,True,1783,7520,0.23710106382978724,0.0,0.0,1.0,0.0,0.0,0.0,0.0,0.0,0.0007204610951008645
hier_clust,False,4,median,True,1783,7520,0.23710106382978724,0.0,0.0,1.0,0.0,0.0,0.0,0.0,0.0,0.0007204610951008645
hier_clust,20,4,centroid,True,1783,7520,0.23710106382978724,0.0,0.0,1.0,0.0,0.0,0.0,0.0,0.0,0.0007204610951008645
hier_clust,20,3,average,True,1783,7520,0.23710106382978724,0.0,0.0,1.0,0.0,0.0,0.0,0.0,0.0,0.0007204610951008645
hier_clust,20,3,centroid,True,1783,7520,0.23710106382978724,0.0,0.0,1.0,0.0,0.0,0.0,0.0,0.0,0.0007204610951008645
hier_clust,3,3,single,False,1783,7520,0.23710106382978724,0.0,0.0,1.0,0.0,0.0,0.0,0.0,0.0,0.0007204610951008645
hier_clust,False,2,single,False,1783,7520,0.23710106382978724,0.0,0.0,1.0,0.0,0.0,0.0,0.0,0.0,0.0007204610951008645
hier_clust,False,3,single,False,1783,7520,0.23710106382978724,0.0,0.0,1.0,0.0,0.0,0.0,0.0,0.0,0.0007204610951008645
hier_clust,20,5,centroid,True,1783,7520,0.23710106382978724,0.0,0.0,1.0,0.0,0.0,0.0,0.0,0.0,0.0007204610951008645
hier_clust,5,4,centroid,False,1783,7520,0.23710106382978724,0.0,0.0,1.0,0.0,0.0,0.0,0.0,0.0,0.0007204610951008645
hier_clust,10,2,average,True,1783,7520,0.23710106382978724,0.0,0.0,1.0,0.0,0.0049504950495049506,0.0,0.0,0.0,0.0
hier_clust,20,4,average,True,1783,7520,0.23710106382978724,0.0,0.0,1.0,0.0,0.0,0.0,0.0,0.0,0.0007204610951008645
hier_clust,False,4,single,False,1783,7520,0.23710106382978724,0.0,0.0,1.0,0.0,0.0,0.0,0.0,0.0,0.0007204610951008645
hier_clust,2,3,single,False,1783,7520,0.23710106382978724,0.0,0.0,1.0,0.0,0.0049504950495049506,0.0,0.0,0.0,0.0
hier_clust,False,3,median,False,1783,7520,0.23710106382978724,0.0,0.0,1.0,0.0,0.0,0.0,0.0,0.0,0.0007204610951008645
hier_clust,10,3,weighted,False,1783,7520,0.23710106382978724,0.0,0.0,1.0,0.0,0.0,0.0,0.0,0.0,0.0007204610951008645
hier_clust,False,4,weighted,False,1783,7520,0.23710106382978724,0.0,0.0,1.0,0.0,0.0,0.0,0.0,0.0,0.0007204610951008645
hier_clust,3,3,single,True,1783,7520,0.23710106382978724,0.0,0.0,1.0,0.0007262164124909223,0.0,0.0,0.0,0.0,0.0
hier_clust,20,3,centroid,False,1783,7520,0.23710106382978724,0.0,0.0,1.0,0.0,0.0,0.0,0.0,0.0,0.0007204610951008645
hier_clust,20,2,average,False,1782,7520,0.23696808510638298,0.0,0.0,1.0,0.0,0.0,0.0,0.0,0.0,0.0
hier_clust,False,2,complete,True,1782,7520,0.23696808510638298,0.0,0.0,1.0,0.0,0.0,0.0,0.0,0.0,0.0
hier_clust,5,2,average,False,1782,7520,0.23696808510638298,0.0,0.0,1.0,0.0,0.0,0.0,0.0,0.0,0.0
hier_clust,4,2,weighted,False,1782,7520,0.23696808510638298,0.0,0.0,1.0,0.0,0.0,0.0,0.0,0.0,0.0
hier_clust,False,2,centroid,True,1782,7520,0.23696808510638298,0.0,0.0,1.0,0.0,0.0,0.0,0.0,0.0,0.0
hier_clust,False,2,centroid,False,1782,7520,0.23696808510638298,0.0,0.0,1.0,0.0,0.0,0.0,0.0,0.0,0.0
hier_clust,4,2,centroid,False,1782,7520,0.23696808510638298,0.0,0.0,1.0,0.0,0.0,0.0,0.0,0.0,0.0
hier_clust,4,2,median,False,1782,7520,0.23696808510638298,0.0,0.0,1.0,0.0,0.0,0.0,0.0,0.0,0.0
hier_clust,False,2,weighted,False,1782,7520,0.23696808510638298,0.0,0.0,1.0,0.0,0.0,0.0,0.0,0.0,0.0
hier_clust,5,2,centroid,True,1782,7520,0.23696808510638298,0.0,0.0,1.0,0.0,0.0,0.0,0.0,0.0,0.0
hier_clust,4,2,average,False,1782,7520,0.23696808510638298,0.0,0.0,1.0,0.0,0.0,0.0,0.0,0.0,0.0
hier_clust,4,2,single,False,1782,7520,0.23696808510638298,0.0,0.0,1.0,0.0,0.0,0.0,0.0,0.0,0.0
hier_clust,10,2,weighted,False,1782,7520,0.23696808510638298,0.0,0.0,1.0,0.0,0.0,0.0,0.0,0.0,0.0
hier_clust,False,3,complete,False,1782,7520,0.23696808510638298,0.0,0.0,1.0,0.0,0.0,0.0,0.0,0.0,0.0
hier_clust,False,2,complete,False,1782,7520,0.23696808510638298,0.0,0.0,1.0,0.0,0.0,0.0,0.0,0.0,0.0
hier_clust,False,3,weighted,False,1782,7520,0.23696808510638298,0.0,0.0,1.0,0.0,0.0,0.0,0.0,0.0,0.0
hier_clust,5,2,single,False,1782,7520,0.23696808510638298,0.0,0.0,1.0,0.0,0.0,0.0,0.0,0.0,0.0
hier_clust,False,2,average,False,1782,7520,0.23696808510638298,0.0,0.0,1.0,0.0,0.0,0.0,0.0,0.0,0.0
hier_clust,10,2,centroid,True,1782,7520,0.23696808510638298,0.0,0.0,1.0,0.0,0.0,0.0,0.0,0.0,0.0
hier_clust,3,2,single,False,1782,7520,0.23696808510638298,0.0,0.0,1.0,0.0,0.0,0.0,0.0,0.0,0.0
hier_clust,False,2,median,False,1782,7520,0.23696808510638298,0.0,0.0,1.0,0.0,0.0,0.0,0.0,0.0,0.0
hier_clust,20,3,complete,False,1782,7520,0.23696808510638298,0.0,0.0,1.0,0.0,0.0,0.0,0.0,0.0,0.0
hier_clust,20,2,complete,False,1782,7520,0.23696808510638298,0.0,0.0,1.0,0.0,0.0,0.0,0.0,0.0,0.0
hier_clust,False,3,complete,True,1782,7520,0.23696808510638298,0.0,0.0,1.0,0.0,0.0,0.0,0.0,0.0,0.0
hier_clust,20,3,weighted,True,1782,7520,0.23696808510638298,0.0,0.0,1.0,0.0,0.0,0.0,0.0,0.0,0.0
hier_clust,20,3,median,False,1782,7520,0.23696808510638298,0.0,0.0,1.0,0.0,0.0,0.0,0.0,0.0,0.0
hier_clust,10,2,complete,True,1782,7520,0.23696808510638298,0.0,0.0,1.0,0.0,0.0,0.0,0.0,0.0,0.0
hier_clust,False,2,median,True,1782,7520,0.23696808510638298,0.0,0.0,1.0,0.0,0.0,0.0,0.0,0.0,0.0
hier_clust,20,2,centroid,False,1782,7520,0.23696808510638298,0.0,0.0,1.0,0.0,0.0,0.0,0.0,0.0,0.0
hier_clust,20,2,centroid,True,1782,7520,0.23696808510638298,0.0,0.0,1.0,0.0,0.0,0.0,0.0,0.0,0.0
hier_clust,5,2,weighted,True,1782,7520,0.23696808510638298,0.0,0.0,1.0,0.0,0.0,0.0,0.0,0.0,0.0
hier_clust,False,2,weighted,True,1782,7520,0.23696808510638298,0.0,0.0,1.0,0.0,0.0,0.0,0.0,0.0,0.0
hier_clust,10,2,median,False,1782,7520,0.23696808510638298,0.0,0.0,1.0,0.0,0.0,0.0,0.0,0.0,0.0
hier_clust,5,3,centroid,False,1782,7520,0.23696808510638298,0.0,0.0,1.0,0.0,0.0,0.0,0.0,0.0,0.0
hier_clust,20,2,median,False,1782,7520,0.23696808510638298,0.0,0.0,1.0,0.0,0.0,0.0,0.0,0.0,0.0
hier_clust,5,2,weighted,False,1782,7520,0.23696808510638298,0.0,0.0,1.0,0.0,0.0,0.0,0.0,0.0,0.0
hier_clust,10,2,complete,False,1782,7520,0.23696808510638298,0.0,0.0,1.0,0.0,0.0,0.0,0.0,0.0,0.0
hier_clust,5,2,average,True,1782,7520,0.23696808510638298,0.0,0.0,1.0,0.0,0.0,0.0,0.0,0.0,0.0
hier_clust,20,3,complete,True,1782,7520,0.23696808510638298,0.0,0.0,1.0,0.0,0.0,0.0,0.0,0.0,0.0
hier_clust,20,2,complete,True,1782,7520,0.23696808510638298,0.0,0.0,1.0,0.0,0.0,0.0,0.0,0.0,0.0
hier_clust,20,3,weighted,False,1782,7520,0.23696808510638298,0.0,0.0,1.0,0.0,0.0,0.0,0.0,0.0,0.0
hier_clust,10,2,weighted,True,1782,7520,0.23696808510638298,0.0,0.0,1.0,0.0,0.0,0.0,0.0,0.0,0.0
hier_clust,5,2,centroid,False,1782,7520,0.23696808510638298,0.0,0.0,1.0,0.0,0.0,0.0,0.0,0.0,0.0
hier_clust,10,2,single,False,1782,7520,0.23696808510638298,0.0,0.0,1.0,0.0,0.0,0.0,0.0,0.0,0.0
hier_clust,5,2,median,True,1782,7520,0.23696808510638298,0.0,0.0,1.0,0.0,0.0,0.0,0.0,0.0,0.0
hier_clust,20,2,median,True,1782,7520,0.23696808510638298,0.0,0.0,1.0,0.0,0.0,0.0,0.0,0.0,0.0
hier_clust,5,2,complete,False,1782,7520,0.23696808510638298,0.0,0.0,1.0,0.0,0.0,0.0,0.0,0.0,0.0
hier_clust,10,2,median,True,1782,7520,0.23696808510638298,0.0,0.0,1.0,0.0,0.0,0.0,0.0,0.0,0.0
hier_clust,10,2,centroid,False,1782,7520,0.23696808510638298,0.0,0.0,1.0,0.0,0.0,0.0,0.0,0.0,0.0
hier_clust,5,2,median,False,1782,7520,0.23696808510638298,0.0,0.0,1.0,0.0,0.0,0.0,0.0,0.0,0.0
hier_clust,5,2,single,True,1782,7520,0.23696808510638298,0.0,0.0,1.0,0.0,0.0,0.0,0.0,0.0,0.0
hier_clust,10,3,weighted,True,1782,7520,0.23696808510638298,0.0,0.0,1.0,0.0,0.0,0.0,0.0,0.0,0.0
hier_clust,20,2,average,True,1782,7520,0.23696808510638298,0.0,0.0,1.0,0.0,0.0,0.0,0.0,0.0,0.0
hier_clust,20,2,weighted,True,1782,7520,0.23696808510638298,0.0,0.0,1.0,0.0,0.0,0.0,0.0,0.0,0.0
hier_clust,20,2,weighted,False,1782,7520,0.23696808510638298,0.0,0.0,1.0,0.0,0.0,0.0,0.0,0.0,0.0
hier_clust,False,3,average,True,1782,7520,0.23696808510638298,0.0,0.0,1.0,0.0,0.0,0.0,0.0,0.0,0.0
hier_clust,False,2,average,True,1782,7520,0.23696808510638298,0.0,0.0,1.0,0.0,0.0,0.0,0.0,0.0,0.0
hier_clust,10,2,average,False,1782,7520,0.23696808510638298,0.0,0.0,1.0,0.0,0.0,0.0,0.0,0.0,0.0
hier_clust,False,3,weighted,True,1782,7520,0.23696808510638298,0.0,0.0,1.0,0.0,0.0,0.0,0.0,0.0,0.0
